naics_code,naics_title,segment_id,segment_name,stage,legacy_stage,legacy_sector,legacy_naics_title,legacy_bea_share_to_set,commodity_share_of_intermediate_inputs,commodity_share_of_total_output,merge_status,mv_purchase_alloc,intermediate_alloc,total_output_alloc,industry_share_of_intermediate_inputs,industry_share_of_total_output
3252,"Resin, Synthetic Rubber, and Artificial and Synthetic Fibers and Filaments Manufacturing",1,Materials & Processing - Non-Metals,Upstream,Upstream,1. Materials & Processing - Non-Metals,"""Resin, Synthetic Rubber, and Artificial and Synthetic Fibers and Filaments Manufacturing""",0.012321176,0.0254537475314253,0.02246672876682,both,2229.174781657436,83966.30200073186,95654.8490067161,0.0265484453708346,0.0233043573306035
3255,"Paint, Coating, and Adhesive Manufacturing",1,Materials & Processing - Coatings & Surface Treatments,Upstream,Upstream,1. Materials & Processing - Coatings & Surface Treatments,"""Paint, Coating, and Adhesive Manufacturing""",0.012321176,0.1734086271001649,0.1465252515708414,both,6059.231896317118,35104.1116932116,41937.96819628813,0.1726074697252301,0.1444808167138009
3261,Plastics Product Manufacturing,1,Materials & Processing - Non-Metals,Upstream,Upstream,1. Materials & Processing - Non-Metals,"""Plastics Product Manufacturing""",0.060836224,0.0468238109936048,0.0451953482294525,both,8577.874560908287,181862.2447715836,190994.0543179813,0.047166879368953,0.0449117360827745
3262,Rubber Product Manufacturing,1,Materials & Processing - Non-Metals,Upstream,Upstream,1. Materials & Processing - Non-Metals,"""Rubber Product Manufacturing""",0.060836224,0.1613774132749223,0.1503987846562856,both,6442.676082999442,39328.81665517919,43254.9678562796,0.1638156606512342,0.1489465003050307
3272,Glass and Glass Product Manufacturing,1,Materials & Processing - Non-Metals,Upstream,Upstream,1. Materials & Processing - Non-Metals,"""Glass and Glass Product Manufacturing""",0.035458353,0.1190707463169823,0.1121744766843329,both,2891.1957051561026,24399.436475478826,26004.0081965718,0.1184943639194996,0.1111826947330857
3311,Iron and Steel Mills and Ferroalloy Manufacturing,1,Materials & Processing - Metals,Upstream,Upstream,1. Materials & Processing - Metals,"""Iron and Steel Mills and Ferroalloy Manufacturing""",0.145481535,0.1181021731710092,0.1425083110235062,both,12128.020290429087,103563.8903813642,86044.97328994102,0.1171066502597459,0.1409497827323621
3312,Steel Product Manufacturing from Purchased Steel,1,Materials & Processing - Metals,Upstream,Upstream,1. Materials & Processing - Metals,"""Steel Product Manufacturing from Purchased Steel""",0.145481535,0.0088647904294689,0.0111387477019573,both,2487.33304879814,27331.136548026563,22620.454247351387,0.0910073038648565,0.1099594650752594
3313,Alumina and Aluminum Production and Processing,1,Materials & Processing - Metals,Upstream,Upstream,1. Materials & Processing - Metals,"""Alumina and Aluminum Production and Processing""",0.145481535,0.071517290972086,0.0955124847214946,both,3291.3952290022507,46413.73386540148,35005.014635245185,0.0709142522027468,0.0940263920269375
3314,Nonferrous Metal (except Aluminum) Production and Processing,1,Materials & Processing - Metals,Upstream,Upstream,1. Materials & Processing - Metals,"""Nonferrous Metal (except Aluminum) Production and Processing""",0.145481535,0.0575960355318826,0.0743424058481822,both,3394.698542295113,59286.55784015959,45795.06516952888,0.057259160692841,0.0741280426117589
3328,"Coating, Engraving, Heat Treating, and Allied Activities",1,Materials & Processing - Coatings & Surface Treatments,Upstream,Upstream,1. Materials & Processing - Coatings & Surface Treatments,"""Coating, Engraving, Heat Treating, and Allied Activities""",0.053466266,0.0632306676506,0.0623229461756373,both,1596.2456982377855,24975.478399031363,25428.004683485626,0.0639125174194738,0.0627751063485715
3335,Metalworking Machinery Manufacturing,2,Equipment Manufacturing,Upstream,Upstream,2. Equipment Manufacturing,"""Metalworking Machinery Manufacturing""",0.039300112,0.0343313081033599,0.0143526027481102,both,715.3546464899505,14221.84899696556,32581.473615229766,0.0502996935660462,0.0219558714543705
3339,Other General Purpose Machinery Manufacturing,2,Equipment Manufacturing,Upstream,Upstream,2. Equipment Manufacturing,"""Other General Purpose Machinery Manufacturing""",0.039300112,0.064680362130787,0.0325231596772586,both,3359.7449486285195,51136.2933952162,103682.92454972897,0.0657017692436586,0.0324040333856236
3315,Foundries,3,Forging & Foundries,Upstream,Upstream,3. Forging & Foundries,"""Foundries""",0.145481535,0.3643117465657415,0.3607592740396294,both,10411.207944620766,28906.68347463879,29447.11303990864,0.3601661170765237,0.3535561510057309
3321,Forging and Stamping,3,Forging & Foundries,Upstream,Upstream,3. Forging & Foundries,"""Forging and Stamping""",0.053466266,0.1647503285151117,0.1633710134540834,both,4997.416207348022,29109.10909574428,29588.84125854009,0.1716787755650906,0.1688952995381541
3326,Spring and Wire Product Manufacturing,4,Parts & Machining,Upstream,Upstream,4. Parts & Machining,"""Spring and Wire Product Manufacturing""",0.053466266,0.0998417721518987,0.1117803365810451,both,650.9040475081465,10212.861726714787,8788.623323119253,0.0637337569944291,0.0740621168500743
3327,"Machine Shops; Turned Product; and Screw, Nut, and Bolt Manufacturing",4,Parts & Machining,Upstream,Upstream,4. Parts & Machining,"""Machine Shops; Turned Product; and Screw, Nut, and Bolt Manufacturing""",0.053466266,0.122764714692227,0.1239078513770898,both,8049.168797615516,65403.67718801774,65711.15934526813,0.1230690558036416,0.1224931789031833
3329,Other Fabricated Metal Product Manufacturing,4,Parts & Machining,Upstream,Upstream,4. Parts & Machining,"""Other Fabricated Metal Product Manufacturing""",0.053466266,0.025633917889761,0.0260369585512959,both,1940.835162097514,68488.35891129373,68786.7559096672,0.0283381759024374,0.0282152448742644
3344,Semiconductor and Other Electronic Component Manufacturing,4,Parts & Machining,Upstream,Upstream,4. Parts & Machining,"""Semiconductor and Other Electronic Component Manufacturing""",0.017526805,0.0389586729312494,0.0430922936597161,both,4046.705867878647,104241.38926598866,112583.04708820212,0.0388205289316782,0.0359441849598216
3336,"Engine, Turbine, and Power Transmission Equipment Manufacturing",5,Component Systems,Upstream,Upstream,5. Component Systems,"""Engine, Turbine, and Power Transmission Equipment Manufacturing""",0.179901049,0.2148293328581973,0.1827195774068541,both,8241.327466825309,38574.27115042343,46519.06085946549,0.2136483003058593,0.1771602288301227
3345,"Navigational, Measuring, Electro medical, and Control Instruments Manufacturing",5,Component Systems,Upstream,Upstream,5. Component Systems,"""Navigational, Measuring, Electro medical, and Control Instruments Manufacturing""",0.017526805,0.0090603158167227,0.0030891438658428,both,485.220749143798,50040.77679065995,154838.03248778408,0.0096965071340452,0.0031337310436444
3359,Other Electrical Equipment and Component Manufacturing,5,Component Systems,Upstream,Upstream,5. Component Systems,"""Other Electrical Equipment and Component Manufacturing""",0.029018617,0.0688315292811545,0.0623768601970236,both,3146.621053704242,43691.08580830463,48547.101056307525,0.0720197494635426,0.0648158383351175
5413,"Architectural, Engineering, and Related Services",6,Engineering & Design,OEM,OEM,6. Engineering & Design,"""Architectural, Engineering, and Related Services""",0.002217683,0.0046869668575199,0.003674600864854,both,1198.4375174989525,255134.35379623732,327655.00757406274,0.0046972800787779,0.0036576200265398
5414,Industrial design,6,Engineering & Design,OEM,OEM,6. Engineering & Design,"""Industrial design""",0.002217683,0.0066863063122703,0.0053720546779426,both,192.59931284609328,28805.272265878782,35866.0000453925,0.0066862521231655,0.0053699691240265
5417,Scientific Research and Development ,6,Engineering & Design,OEM,OEM,6. Engineering & Design,"""Scientific Research and Development """,0.002217683,0.001386962552011,2.9180797738163943e-05,both,11.252833155868933,6109.871146351241,251454.81181242524,0.0018417463946991,4.4750915978744815e-05
3361,Motor Vehicle Manufacturing,7,Core Automotive,OEM,OEM,7. Core Automotive,"""Motor Vehicle Manufacturing""",1.0,0.6012269938650306,0.0042365554210617,both,1429.6074006892354,3313.842720045503,278822.0186513185,0.4314047229947006,0.0051273117080363
3362,Motor Vehicle Body and Trailer Manufacturing,7,Core Automotive,OEM,OEM,7. Core Automotive,"""Motor Vehicle Body and Trailer Manufacturing""",1.0,0.7577988520089842,0.1395258006708634,both,6115.144341963541,8408.963300238449,47043.88506354339,0.7272173897809896,0.1299880809950891
3363,Motor Vehicle Parts Manufacturing,7,Core Automotive,OEM,OEM,7. Core Automotive,"""Motor Vehicle Parts Manufacturing""",1.0,0.3898240004236965,0.4595803300695807,both,117204.4838369846,300312.04562524107,266715.29882144945,0.3902756667417992,0.4394366740673779
4231,Motor Vehicle and Motor Vehicle Parts and Supplies Merchant Wholesalers,8,"Motor Vehicle Parts, Materials, & Products Sales",Downstream,Downstream,"8. Motor Vehicle Parts, Materials, & Products Sales","""Motor Vehicle and Motor Vehicle Parts and Supplies Merchant Wholesalers""",1.0,0.4905317426220298,0.2181078122359614,both,28575.74047149293,58965.09910877983,135616.93850344498,0.4846212573776211,0.2107092284107788
4235,Metal and Mineral (except Petroleum) Merchant Wholesalers,8,"Motor Vehicle Parts, Materials, & Products Sales",Downstream,Downstream,"8. Motor Vehicle Parts, Materials, & Products Sales","""Metal and Mineral (except Petroleum) Merchant Wholesalers""",1.0,,,left_only,,,,,
4238,"Machinery, Equipment, and Supplies Merchant Wholesalers",8,"Motor Vehicle Parts, Materials, & Products Sales",Downstream,Downstream,"8. Motor Vehicle Parts, Materials, & Products Sales","""Machinery, Equipment, and Supplies Merchant Wholesalers""",1.0,0.1075747142266905,0.0462556109578008,both,7431.771963619361,69056.14553298076,160527.19864674192,0.1076192698891656,0.0462960297461728
4239,Miscellaneous Durable Goods Merchant Wholesalers,8,"Motor Vehicle Parts, Materials, & Products Sales",Downstream,Downstream,"8. Motor Vehicle Parts, Materials, & Products Sales","""Miscellaneous Durable Goods Merchant Wholesalers""",1.0,,,left_only,,,,,
4247,Petroleum and Petroleum Products Merchant Wholesalers,8,"Motor Vehicle Parts, Materials, & Products Sales",Downstream,Downstream,"8. Motor Vehicle Parts, Materials, & Products Sales","""Petroleum and Petroleum Products Merchant Wholesalers""",1.0,0.0017624211400731,0.0009694529691812,both,144.74908119024093,82130.82202537249,149312.00000648465,0.001762420947711,0.0009694403744103
4413,"Automotive Parts, Accessories, and Tire Retailers",8,"Motor Vehicle Parts, Materials, & Products Sales",Downstream,Downstream,"8. Motor Vehicle Parts, Materials, & Products Sales","""Automotive Parts, Accessories, and Tire Retailers""",1.0,,,left_only,,,,,
4571,Gasoline Stations,8,"Motor Vehicle Parts, Materials, & Products Sales",Downstream,Downstream,"8. Motor Vehicle Parts, Materials, & Products Sales","""Gasoline Stations""",1.0,,,left_only,,,,,
4411,Automobile Dealers,9,"Dealers, Maintenance, & Repair",Downstream,Downstream,"9. Dealers, Maintenance, & Repair","""Automobile Dealers""",1.0,,,left_only,,,,,
8111,Automotive Repair and Maintenance,9,"Dealers, Maintenance, & Repair",Downstream,Downstream,"9. Dealers, Maintenance, & Repair","""Automotive Repair and Maintenance""",1.0,0.0063700776672571,0.0009625035386159,both,219.91234037767708,20632.94787373892,135755.30639205323,0.0106583093081709,0.00161991708628
4841,General Freight Trucking,10,Logistics,Downstream,Downstream,10. Logistics,"""General Freight Trucking""",1.0,,,left_only,,,,,
4842,Specialized Freight Trucking,10,Logistics,Downstream,Downstream,10. Logistics,"""Specialized Freight Trucking ",1.0,,,left_only,,,,,
