geography,naics_code,description,year,actual_employment,flat_employment,actual_yoy,flat_yoy,employment_diff
Michigan,3252,"Employment: Resin; synthetic rubber; and artificial synthetic fibers and filaments manufacturing, (Ths. #, SA)",2024,6.07565072827175,6.07565072827175,,,0.0
Michigan,3252,"Employment: Resin; synthetic rubber; and artificial synthetic fibers and filaments manufacturing, (Ths. #, SA)",2025,6.023432771885869,6.034339159901601,-0.008594627756150608,-0.006799529831086892,-0.010906388015732738
Michigan,3252,"Employment: Resin; synthetic rubber; and artificial synthetic fibers and filaments manufacturing, (Ths. #, SA)",2026,6.025945032388361,5.993308490772955,0.0004170811890220616,-0.006799529831086892,0.032636541615406855
Michigan,3252,"Employment: Resin; synthetic rubber; and artificial synthetic fibers and filaments manufacturing, (Ths. #, SA)",2027,5.989705882088106,5.952556810903037,-0.006013853446302009,-0.006799529831087003,0.037149071185069715
Michigan,3252,"Employment: Resin; synthetic rubber; and artificial synthetic fibers and filaments manufacturing, (Ths. #, SA)",2028,5.947985475267023,5.912082223296062,-0.0069653514951119044,-0.006799529831086781,0.03590325197096078
Michigan,3252,"Employment: Resin; synthetic rubber; and artificial synthetic fibers and filaments manufacturing, (Ths. #, SA)",2029,5.888567950889878,5.871882843854922,-0.009989520758619141,-0.006799529831086892,0.01668510703495585
Michigan,3252,"Employment: Resin; synthetic rubber; and artificial synthetic fibers and filaments manufacturing, (Ths. #, SA)",2030,5.831956801293483,5.831956801293483,-0.0096137380206065,-0.006799529831086892,0.0
Michigan,3252,"Employment: Resin; synthetic rubber; and artificial synthetic fibers and filaments manufacturing, (Ths. #, SA)",2031,5.770058318396581,5.792302237049477,-0.01061367307850658,-0.006799529831087003,-0.022243918652896433
Michigan,3252,"Employment: Resin; synthetic rubber; and artificial synthetic fibers and filaments manufacturing, (Ths. #, SA)",2032,5.685980440211297,5.752917305197989,-0.0145714087355443,-0.006799529831086781,-0.06693686498669216
Michigan,3252,"Employment: Resin; synthetic rubber; and artificial synthetic fibers and filaments manufacturing, (Ths. #, SA)",2033,5.581705160321431,5.713800172365518,-0.018339014878143045,-0.006799529831087003,-0.13209501204408713
Michigan,3252,"Employment: Resin; synthetic rubber; and artificial synthetic fibers and filaments manufacturing, (Ths. #, SA)",2034,5.481367987685895,5.674949017644649,-0.017976078949637264,-0.006799529831087003,-0.1935810299587537
Michigan,3255,"Employment: Paint; coating; and adhesive manufacturing, (Ths. #, SA)",2024,4.752857443971072,4.752857443971072,,,0.0
Michigan,3255,"Employment: Paint; coating; and adhesive manufacturing, (Ths. #, SA)",2025,4.71950104348304,4.752107529062945,-0.007018178197274683,-0.00015778190635151734,-0.03260648557990553
Michigan,3255,"Employment: Paint; coating; and adhesive manufacturing, (Ths. #, SA)",2026,4.75845369251378,4.751357732477821,0.00825355237171288,-0.0001577819063517394,0.007095960035958804
Michigan,3255,"Employment: Paint; coating; and adhesive manufacturing, (Ths. #, SA)",2027,4.768159193140495,4.750608054197032,0.0020396333039838233,-0.00015778190635162836,0.01755113894346305
Michigan,3255,"Employment: Paint; coating; and adhesive manufacturing, (Ths. #, SA)",2028,4.771958614829154,4.749858494201912,0.0007968319711566529,-0.00015778190635162836,0.022100120627242426
Michigan,3255,"Employment: Paint; coating; and adhesive manufacturing, (Ths. #, SA)",2029,4.759904803697053,4.749109052473796,-0.0025259672400853583,-0.0001577819063517394,0.010795751223256822
Michigan,3255,"Employment: Paint; coating; and adhesive manufacturing, (Ths. #, SA)",2030,4.748359728994025,4.748359728994025,-0.002425484369784181,-0.00015778190635162836,0.0
Michigan,3255,"Employment: Paint; coating; and adhesive manufacturing, (Ths. #, SA)",2031,4.730720938140083,4.747610523743941,-0.003714712418740662,-0.00015778190635151734,-0.01688958560385867
Michigan,3255,"Employment: Paint; coating; and adhesive manufacturing, (Ths. #, SA)",2032,4.692988907658966,4.746861436704889,-0.007975957782018539,-0.0001577819063518504,-0.05387252904592277
Michigan,3255,"Employment: Paint; coating; and adhesive manufacturing, (Ths. #, SA)",2033,4.63647454621457,4.74611246785822,-0.012042295977338524,-0.00015778190635140632,-0.1096379216436496
Michigan,3255,"Employment: Paint; coating; and adhesive manufacturing, (Ths. #, SA)",2034,4.581051422826535,4.745363617185281,-0.011953721051544464,-0.0001577819063518504,-0.16431219435874578
Michigan,3261,"Employment: Plastics product manufacturing, (Ths. #, SA)",2024,34.54890768171754,34.54890768171754,,,0.0
Michigan,3261,"Employment: Plastics product manufacturing, (Ths. #, SA)",2025,33.40989415878794,34.20434317213163,-0.032968148614792026,-0.009973238886746172,-0.7944490133436872
Michigan,3261,"Employment: Plastics product manufacturing, (Ths. #, SA)",2026,33.520628110629126,33.86321508671171,0.0033144059455829655,-0.009973238886746283,-0.34258697608258615
Michigan,3261,"Employment: Plastics product manufacturing, (Ths. #, SA)",2027,33.38841442433284,33.52548915317867,-0.003944248474698653,-0.009973238886746172,-0.13707472884583183
Michigan,3261,"Employment: Plastics product manufacturing, (Ths. #, SA)",2028,33.155750284142435,33.191131441059,-0.006968409377979934,-0.009973238886746172,-0.035381156916564294
Michigan,3261,"Employment: Plastics product manufacturing, (Ths. #, SA)",2029,32.8270991810487,32.86010835827592,-0.009912341005020697,-0.009973238886746283,-0.03300917722722119
Michigan,3261,"Employment: Plastics product manufacturing, (Ths. #, SA)",2030,32.53238664777447,32.53238664777447,-0.008977720865581906,-0.009973238886746172,0.0
Michigan,3261,"Employment: Plastics product manufacturing, (Ths. #, SA)",2031,32.19636011569265,32.20793338418022,-0.010328984950288334,-0.009973238886746283,-0.011573268487573785
Michigan,3261,"Employment: Plastics product manufacturing, (Ths. #, SA)",2032,31.70787802795368,31.886715970491387,-0.015171966209338139,-0.009973238886746172,-0.17883794253770802
Michigan,3261,"Employment: Plastics product manufacturing, (Ths. #, SA)",2033,31.08577530014836,31.56870213480385,-0.0196198158469284,-0.009973238886746283,-0.48292683465549047
Michigan,3261,"Employment: Plastics product manufacturing, (Ths. #, SA)",2034,30.45424112520866,31.25385992706892,-0.020315857296204665,-0.00997323888674606,-0.7996188018602588
Michigan,3262,"Employment: Rubber product manufacturing, (Ths. #, SA)",2024,5.166939015771877,5.166939015771877,,,0.0
Michigan,3262,"Employment: Rubber product manufacturing, (Ths. #, SA)",2025,4.858039409641341,5.0484822941760665,-0.059783869170437764,-0.022925898918920162,-0.19044288453472547
Michigan,3262,"Employment: Rubber product manufacturing, (Ths. #, SA)",2026,4.810465055400526,4.932741299405827,-0.009792912372509455,-0.022925898918920273,-0.12227624400530157
Michigan,3262,"Employment: Rubber product manufacturing, (Ths. #, SA)",2027,4.74404984797094,4.819653770982466,-0.013806400558928011,-0.022925898918920273,-0.07560392301152596
Michigan,3262,"Employment: Rubber product manufacturing, (Ths. #, SA)",2028,4.665951239669585,4.70915887580473,-0.016462434165770423,-0.022925898918920162,-0.043207636135144334
Michigan,3262,"Employment: Rubber product manufacturing, (Ths. #, SA)",2029,4.577087303287233,4.601197175424894,-0.019045191820016738,-0.022925898918920273,-0.024109872137660915
Michigan,3262,"Employment: Rubber product manufacturing, (Ths. #, SA)",2030,4.495710594075082,4.495710594075082,-0.01777914726549057,-0.02292589891892005,0.0
Michigan,3262,"Employment: Rubber product manufacturing, (Ths. #, SA)",2031,4.411301181895027,4.392642387426598,-0.018775544024408286,-0.022925898918920273,0.018658794468429107
Michigan,3262,"Employment: Rubber product manufacturing, (Ths. #, SA)",2032,4.308766939251539,4.291937112065491,-0.02324353709157545,-0.022925898918920273,0.016829827186048085
Michigan,3262,"Employment: Rubber product manufacturing, (Ths. #, SA)",2033,4.191035798059025,4.193540595667916,-0.027323627119401395,-0.02292589891891994,-0.0025047976088909962
Michigan,3262,"Employment: Rubber product manufacturing, (Ths. #, SA)",2034,4.075028893205804,4.097399907859245,-0.02767976949921236,-0.022925898918920273,-0.022371014653440824
Michigan,3272,"Employment: Glass and glass product manufacturing, (Ths. #, SA)",2024,3.166696244789309,3.166696244789309,,,0.0
Michigan,3272,"Employment: Glass and glass product manufacturing, (Ths. #, SA)",2025,3.209301898297738,3.1167631482670455,0.013454291228132575,-0.01576819898795989,0.09253875003069245
Michigan,3272,"Employment: Glass and glass product manufacturing, (Ths. #, SA)",2026,3.105026317494903,3.0676174067468303,-0.03249167080795501,-0.01576819898795989,0.03740891074807262
Michigan,3272,"Employment: Glass and glass product manufacturing, (Ths. #, SA)",2027,3.040499905541112,3.019246605058316,-0.020781276986357455,-0.015768198987960114,0.021253300482795723
Michigan,3272,"Employment: Glass and glass product manufacturing, (Ths. #, SA)",2028,2.984602715251732,2.971638523796034,-0.01838421050022432,-0.015768198987960003,0.012964191455697716
Michigan,3272,"Employment: Glass and glass product manufacturing, (Ths. #, SA)",2029,2.929053961160555,2.924781136232531,-0.01861177496331934,-0.01576819898795989,0.004272824928023944
Michigan,3272,"Employment: Glass and glass product manufacturing, (Ths. #, SA)",2030,2.878662605280185,2.878662605280185,-0.017203969796583674,-0.01576819898795989,0.0
Michigan,3272,"Employment: Glass and glass product manufacturing, (Ths. #, SA)",2031,2.824236952449627,2.8332712805009277,-0.018906575828208427,-0.015768198987960003,-0.009034328051300555
Michigan,3272,"Employment: Glass and glass product manufacturing, (Ths. #, SA)",2032,2.758072113314121,2.788595695163117,-0.023427509890102338,-0.015768198987960003,-0.03052358184899573
Michigan,3272,"Employment: Glass and glass product manufacturing, (Ths. #, SA)",2033,2.683107762049862,2.7446245633448165,-0.027179982315321483,-0.01576819898795989,-0.061516801294954515
Michigan,3272,"Employment: Glass and glass product manufacturing, (Ths. #, SA)",2034,2.608730036092302,2.701346777082753,-0.02772073750058268,-0.01576819898795989,-0.09261674099045081
Michigan,3311,"Employment: Iron and steel mills and ferroalloy manufacturing, (Ths. #, SA)",2024,3.3539287734863,3.3539287734863,,,0.0
Michigan,3311,"Employment: Iron and steel mills and ferroalloy manufacturing, (Ths. #, SA)",2025,3.283098204824597,3.251560599686262,-0.021118686008372523,-0.030521868743691227,0.031537605138335145
Michigan,3311,"Employment: Iron and steel mills and ferroalloy manufacturing, (Ths. #, SA)",2026,3.18959664710468,3.15231689385048,-0.028479671300271847,-0.030521868743691116,0.03727975325419974
Michigan,3311,"Employment: Iron and steel mills and ferroalloy manufacturing, (Ths. #, SA)",2027,3.077355046285249,3.0561022913778553,-0.035189904316370924,-0.030521868743691227,0.021252754907393534
Michigan,3311,"Employment: Iron and steel mills and ferroalloy manufacturing, (Ths. #, SA)",2028,2.975978874788809,2.9628243383731263,-0.03294263091898142,-0.030521868743691227,0.01315453641568265
Michigan,3311,"Employment: Iron and steel mills and ferroalloy manufacturing, (Ths. #, SA)",2029,2.87586571429978,2.8723934028066878,-0.03364041369283366,-0.03052186874369134,0.0034723114930921284
Michigan,3311,"Employment: Iron and steel mills and ferroalloy manufacturing, (Ths. #, SA)",2030,2.784722588385977,2.784722588385977,-0.031692413682811504,-0.03052186874369134,0.0
Michigan,3311,"Employment: Iron and steel mills and ferroalloy manufacturing, (Ths. #, SA)",2031,2.696759822804616,2.6997276510556687,-0.031587622389468994,-0.030521868743691116,-0.0029678282510525733
Michigan,3311,"Employment: Iron and steel mills and ferroalloy manufacturing, (Ths. #, SA)",2032,2.605686886613719,2.617326918046434,-0.03377124481785776,-0.030521868743691227,-0.01164003143271497
Michigan,3311,"Employment: Iron and steel mills and ferroalloy manufacturing, (Ths. #, SA)",2033,2.51158662540233,2.5374412093944905,-0.03611341857489225,-0.03052186874369134,-0.025854583992160673
Michigan,3311,"Employment: Iron and steel mills and ferroalloy manufacturing, (Ths. #, SA)",2034,2.418487446001923,2.4599937618565186,-0.037067875126741257,-0.030521868743691227,-0.041506315854595854
Michigan,3312,"Employment: Steel product manufacturing from purchased steel, (Ths. #, SA)",2024,1.80088237622072,1.80088237622072,,,0.0
Michigan,3312,"Employment: Steel product manufacturing from purchased steel, (Ths. #, SA)",2025,1.764476276774722,1.7527326560024041,-0.020215700884584575,-0.026736737975836866,0.011743620772317831
Michigan,3312,"Employment: Steel product manufacturing from purchased steel, (Ths. #, SA)",2026,1.722054794178961,1.7058703022371753,-0.024041968233941335,-0.026736737975836866,0.016184491941785728
Michigan,3312,"Employment: Steel product manufacturing from purchased steel, (Ths. #, SA)",2027,1.669323532741848,1.6602608949454982,-0.030621128674511278,-0.026736737975836866,0.00906263779634986
Michigan,3312,"Employment: Steel product manufacturing from purchased steel, (Ths. #, SA)",2028,1.621703541831059,1.6158709344258122,-0.028526519860756827,-0.026736737975836755,0.005832607405246826
Michigan,3312,"Employment: Steel product manufacturing from purchased steel, (Ths. #, SA)",2029,1.574048277700136,1.5726678166492987,-0.02938592837820142,-0.026736737975836866,0.0013804610508372228
Michigan,3312,"Employment: Steel product manufacturing from purchased steel, (Ths. #, SA)",2030,1.530619809312515,1.530619809312515,-0.027590302662809596,-0.026736737975836866,0.0
Michigan,3312,"Employment: Steel product manufacturing from purchased steel, (Ths. #, SA)",2031,1.488302236351548,1.489696028530301,-0.027647344365662074,-0.026736737975836866,-0.0013937921787530172
Michigan,3312,"Employment: Steel product manufacturing from purchased steel, (Ths. #, SA)",2032,1.443655798380837,1.4498664161518415,-0.029998233477198877,-0.026736737975836866,-0.006210617771004623
Michigan,3312,"Employment: Steel product manufacturing from purchased steel, (Ths. #, SA)",2033,1.396725815782427,1.4111017176832241,-0.03250773671331164,-0.026736737975836866,-0.014375901900797183
Michigan,3312,"Employment: Steel product manufacturing from purchased steel, (Ths. #, SA)",2034,1.349762997831247,1.3733734608002746,-0.03362350535840275,-0.026736737975836755,-0.023610462969027468
Michigan,3313,"Employment: Alumina and aluminum production and processing, (Ths. #, SA)",2024,2.867361147096216,2.867361147096216,,,0.0
Michigan,3313,"Employment: Alumina and aluminum production and processing, (Ths. #, SA)",2025,2.814239244940882,2.81105892434045,-0.018526407881731433,-0.019635553342411516,0.0031803206004319406
Michigan,3313,"Employment: Alumina and aluminum production and processing, (Ths. #, SA)",2026,2.770032655917032,2.755862226882901,-0.015708184406609926,-0.019635553342411627,0.014170429034130905
Michigan,3313,"Employment: Alumina and aluminum production and processing, (Ths. #, SA)",2027,2.708978112754695,2.7017493471226044,-0.022041091476636243,-0.019635553342411627,0.007228765632090628
Michigan,3313,"Employment: Alumina and aluminum production and processing, (Ths. #, SA)",2028,2.654162808836938,2.648699003699353,-0.020234679512422082,-0.019635553342411516,0.005463805137584821
Michigan,3313,"Employment: Alumina and aluminum production and processing, (Ths. #, SA)",2029,2.597366479611118,2.596690333124222,-0.02139896205188263,-0.019635553342411516,0.0006761464868958456
Michigan,3313,"Employment: Alumina and aluminum production and processing, (Ths. #, SA)",2030,2.545702881574437,2.545702881574437,-0.019890761832121684,-0.019635553342411627,0.0
Michigan,3313,"Employment: Alumina and aluminum production and processing, (Ths. #, SA)",2031,2.494145058357751,2.495716596849351,-0.020252883237025232,-0.019635553342411627,-0.0015715384915999664
Michigan,3313,"Employment: Alumina and aluminum production and processing, (Ths. #, SA)",2032,2.436981965437678,2.446711820484374,-0.022918912726636487,-0.019635553342411516,-0.009729855046695768
Michigan,3313,"Employment: Alumina and aluminum production and processing, (Ths. #, SA)",2033,2.374245361130984,2.398669280019744,-0.02574356527723698,-0.019635553342411516,-0.024423918888760277
Michigan,3313,"Employment: Alumina and aluminum production and processing, (Ths. #, SA)",2034,2.309753532644616,2.3515700814211127,-0.027163084970984963,-0.019635553342411516,-0.04181654877649654
Michigan,3314,"Employment: Nonferrous metal (except aluminum) production and processing, (Ths. #, SA)",2024,1.228878413874864,1.228878413874864,,,0.0
Michigan,3314,"Employment: Nonferrous metal (except aluminum) production and processing, (Ths. #, SA)",2025,1.203068768004921,1.191968292237595,-0.02100260333205861,-0.030035617210400156,0.01110047576732609
Michigan,3314,"Employment: Nonferrous metal (except aluminum) production and processing, (Ths. #, SA)",2026,1.169491402175196,1.156166788885012,-0.02790976436484771,-0.030035617210400267,0.013324613290184084
Michigan,3314,"Employment: Nonferrous metal (except aluminum) production and processing, (Ths. #, SA)",2027,1.129023306158789,1.121440605782684,-0.034603158211456986,-0.030035617210400378,0.007582700376105089
Michigan,3314,"Employment: Nonferrous metal (except aluminum) production and processing, (Ths. #, SA)",2028,1.09247065768965,1.087757445023196,-0.03237545962935007,-0.030035617210400267,0.00471321266645397
Michigan,3314,"Employment: Nonferrous metal (except aluminum) production and processing, (Ths. #, SA)",2029,1.05631646519498,1.0550859787867164,-0.033093971211207274,-0.030035617210400045,0.0012304864082635092
Michigan,3314,"Employment: Nonferrous metal (except aluminum) production and processing, (Ths. #, SA)",2030,1.023395820203818,1.023395820203818,-0.031165513438328518,-0.030035617210400267,0.0
Michigan,3314,"Employment: Nonferrous metal (except aluminum) production and processing, (Ths. #, SA)",2031,0.991587162070323,0.9926574950934525,-0.03108148138338107,-0.030035617210400378,-0.0010703330231294217
Michigan,3314,"Employment: Nonferrous metal (except aluminum) production and processing, (Ths. #, SA)",2032,0.958580632675789,0.9628424145497909,-0.033286563861537055,-0.030035617210400045,-0.004261781874001946
Michigan,3314,"Employment: Nonferrous metal (except aluminum) production and processing, (Ths. #, SA)",2033,0.924407033736002,0.9339228483524358,-0.03565020800012886,-0.030035617210400378,-0.009515814616433804
Michigan,3314,"Employment: Nonferrous metal (except aluminum) production and processing, (Ths. #, SA)",2034,0.890550289471563,0.9058718991752753,-0.03662536418357454,-0.030035617210400267,-0.015321609703712324
Michigan,3315,"Employment: Foundries, (Ths. #, SA)",2024,9.139546791712442,9.139546791712442,,,0.0
Michigan,3315,"Employment: Foundries, (Ths. #, SA)",2025,8.659868256397242,8.752353415397252,-0.05248384260696193,-0.04236461447588291,-0.09248515900000953
Michigan,3315,"Employment: Foundries, (Ths. #, SA)",2026,8.368175732413784,8.38156333719727,-0.03368325190951704,-0.0423646144758828,-0.013387604783487106
Michigan,3315,"Employment: Foundries, (Ths. #, SA)",2027,7.99775503183343,8.026481637711715,-0.04426540651453392,-0.0423646144758828,-0.028726605878285127
Michigan,3315,"Employment: Foundries, (Ths. #, SA)",2028,7.664116393566022,7.686442837532305,-0.04171653632043326,-0.04236461447588291,-0.022326443966282916
Michigan,3315,"Employment: Foundries, (Ths. #, SA)",2029,7.341497299322281,7.3608096500293385,-0.042094754003811574,-0.0423646144758828,-0.01931235070705739
Michigan,3315,"Employment: Foundries, (Ths. #, SA)",2030,7.048971786975487,7.048971786975486,-0.039845483887026356,-0.04236461447588302,8.881784197001252e-16
Michigan,3315,"Employment: Foundries, (Ths. #, SA)",2031,6.771097701968146,6.750344814768895,-0.039420513147857106,-0.0423646144758828,0.020752887199250836
Michigan,3315,"Employment: Foundries, (Ths. #, SA)",2032,6.491634162344742,6.464369059111936,-0.0412730035695944,-0.0423646144758828,0.027265103232806176
Michigan,3315,"Employment: Foundries, (Ths. #, SA)",2033,6.210651567521783,6.1905085560928335,-0.043283800010299744,-0.04236461447588291,0.020143011428949364
Michigan,3315,"Employment: Foundries, (Ths. #, SA)",2034,5.937887674853625,5.9282500477043065,-0.04391872409886255,-0.0423646144758828,0.009637627149318817
Michigan,3321,"Employment: Forging and stamping, (Ths. #, SA)",2024,7.277884568721422,7.277884568721422,,,0.0
Michigan,3321,"Employment: Forging and stamping, (Ths. #, SA)",2025,7.183652071338187,7.225830071480706,-0.012947786749493595,-0.0071524213869005315,-0.04217800014251871
Michigan,3321,"Employment: Forging and stamping, (Ths. #, SA)",2026,7.17111174428725,7.174147889939339,-0.001745675726831375,-0.0071524213869005315,-0.003036145652088429
Michigan,3321,"Employment: Forging and stamping, (Ths. #, SA)",2027,7.122384022476135,7.12283536113855,-0.006795002441557729,-0.0071524213869004205,-0.00045133866241542364
Michigan,3321,"Employment: Forging and stamping, (Ths. #, SA)",2028,7.083243692335077,7.071889841166172,-0.005495397330099405,-0.0071524213869005315,0.01135385116890486
Michigan,3321,"Employment: Forging and stamping, (Ths. #, SA)",2029,7.027899667683924,7.02130870502041,-0.007813372948193509,-0.0071524213869005315,0.006590962663513444
Michigan,3321,"Employment: Forging and stamping, (Ths. #, SA)",2030,6.971089346474592,6.971089346474592,-0.008083541868214139,-0.0071524213869004205,0.0
Michigan,3321,"Employment: Forging and stamping, (Ths. #, SA)",2031,6.894797361669637,6.921229177942872,-0.010944054940787318,-0.0071524213869006426,-0.02643181627323532
Michigan,3321,"Employment: Forging and stamping, (Ths. #, SA)",2032,6.784419986830226,6.871725630346915,-0.016008791709098413,-0.0071524213869004205,-0.08730564351668857
Michigan,3321,"Employment: Forging and stamping, (Ths. #, SA)",2033,6.646656708906055,6.822576152983509,-0.02030582985599283,-0.0071524213869005315,-0.1759194440774543
Michigan,3321,"Employment: Forging and stamping, (Ths. #, SA)",2034,6.498699257167375,6.773778213393152,-0.022260432307332434,-0.0071524213869005315,-0.2750789562257774
Michigan,3326,"Employment: Spring and wire product manufacturing, (Ths. #, SA)",2024,3.385809777770934,3.385809777770934,,,0.0
Michigan,3326,"Employment: Spring and wire product manufacturing, (Ths. #, SA)",2025,3.345954171401548,3.3783551725821557,-0.01177136607940954,-0.0022017200250646907,-0.032401001180607736
Michigan,3326,"Employment: Spring and wire product manufacturing, (Ths. #, SA)",2026,3.359615437698959,3.3709169803469003,0.004082920924074918,-0.0022017200250648017,-0.011301542647941254
Michigan,3326,"Employment: Spring and wire product manufacturing, (Ths. #, SA)",2027,3.356947228114073,3.36349516492844,-0.0007942008942291023,-0.0022017200250646907,-0.006547936814367272
Michigan,3326,"Employment: Spring and wire product manufacturing, (Ths. #, SA)",2028,3.357949895532943,3.356089690269609,0.0002986842958008218,-0.0022017200250646907,0.0018602052633340804
Michigan,3326,"Employment: Spring and wire product manufacturing, (Ths. #, SA)",2029,3.350434299300816,3.3487005203926286,-0.002238150200550959,-0.0022017200250649127,0.0017337789081874888
Michigan,3326,"Employment: Spring and wire product manufacturing, (Ths. #, SA)",2030,3.341327619398936,3.341327619398936,-0.0027180595374697303,-0.0022017200250645796,0.0
Michigan,3326,"Employment: Spring and wire product manufacturing, (Ths. #, SA)",2031,3.321942636403418,3.3339709514690035,-0.005801581049093563,-0.0022017200250646907,-0.012028315065585549
Michigan,3326,"Employment: Spring and wire product manufacturing, (Ths. #, SA)",2032,3.285083290997039,3.32663048086217,-0.011095720017093802,-0.0022017200250648017,-0.04154718986513073
Michigan,3326,"Employment: Spring and wire product manufacturing, (Ths. #, SA)",2033,3.233781620048384,3.3193061719164647,-0.015616551059527195,-0.0022017200250648017,-0.0855245518680805
Michigan,3326,"Employment: Spring and wire product manufacturing, (Ths. #, SA)",2034,3.176269977183745,3.3119979890484355,-0.01778464028247484,-0.0022017200250646907,-0.1357280118646904
Michigan,3327,"Employment: Machine shops; turned product; and screw; nut; and bolt manufacturing, (Ths. #, SA)",2024,24.59939972559611,24.59939972559611,,,0.0
Michigan,3327,"Employment: Machine shops; turned product; and screw; nut; and bolt manufacturing, (Ths. #, SA)",2025,24.127525407966633,24.320515361268956,-0.019182350906655876,-0.01133703941714359,-0.19298995330232316
Michigan,3327,"Employment: Machine shops; turned product; and screw; nut; and bolt manufacturing, (Ths. #, SA)",2026,23.93229946402848,24.044792719973007,-0.008091420095394208,-0.01133703941714348,-0.11249325594452841
Michigan,3327,"Employment: Machine shops; turned product; and screw; nut; and bolt manufacturing, (Ths. #, SA)",2027,23.69060849196938,23.772195957129625,-0.010098944834882051,-0.01133703941714359,-0.08158746516024706
Michigan,3327,"Employment: Machine shops; turned product; and screw; nut; and bolt manufacturing, (Ths. #, SA)",2028,23.48483375273983,23.502689634531585,-0.008685920384835177,-0.01133703941714359,-0.017855881791753347
Michigan,3327,"Employment: Machine shops; turned product; and screw; nut; and bolt manufacturing, (Ths. #, SA)",2029,23.22923070897923,23.23623871573601,-0.010883749335921178,-0.01133703941714348,-0.007008006756780816
Michigan,3327,"Employment: Machine shops; turned product; and screw; nut; and bolt manufacturing, (Ths. #, SA)",2030,22.972808561509552,22.972808561509552,-0.011038770533651765,-0.011337039417143702,0.0
Michigan,3327,"Employment: Machine shops; turned product; and screw; nut; and bolt manufacturing, (Ths. #, SA)",2031,22.6563168166464,22.712364925325225,-0.013776798079161656,-0.01133703941714359,-0.05604810867882648
Michigan,3327,"Employment: Machine shops; turned product; and screw; nut; and bolt manufacturing, (Ths. #, SA)",2032,22.23229269824264,22.454873948910265,-0.018715492100296327,-0.01133703941714348,-0.22258125066762346
Michigan,3327,"Employment: Machine shops; turned product; and screw; nut; and bolt manufacturing, (Ths. #, SA)",2033,21.72340555390834,22.20030215784448,-0.022889548605777743,-0.01133703941714359,-0.4768966039361402
Michigan,3327,"Employment: Machine shops; turned product; and screw; nut; and bolt manufacturing, (Ths. #, SA)",2034,21.18625477307721,21.948616457208498,-0.02472682192937692,-0.01133703941714359,-0.7623616841312888
Michigan,3328,"Employment: Coating; engraving; heat treating; and allied activities, (Ths. #, SA)",2024,11.40155160160279,11.40155160160279,,,0.0
Michigan,3328,"Employment: Coating; engraving; heat treating; and allied activities, (Ths. #, SA)",2025,11.25861495313667,11.339715663964563,-0.012536596198540861,-0.005423466892833573,-0.08110071082789361
Michigan,3328,"Employment: Coating; engraving; heat treating; and allied activities, (Ths. #, SA)",2026,11.26187183005893,11.278215091486905,0.00028927864891170607,-0.005423466892833684,-0.016343261427975264
Michigan,3328,"Employment: Coating; engraving; heat treating; and allied activities, (Ths. #, SA)",2027,11.20894182493449,11.21704806532797,-0.004699929631872046,-0.005423466892833462,-0.008106240393480846
Michigan,3328,"Employment: Coating; engraving; heat treating; and allied activities, (Ths. #, SA)",2028,11.17001998948408,11.156212776510342,-0.0034723916011257794,-0.005423466892833462,0.013807212973738103
Michigan,3328,"Employment: Coating; engraving; heat treating; and allied activities, (Ths. #, SA)",2029,11.10448901146498,11.09570742586753,-0.0058666840418185595,-0.005423466892833684,0.008781585597448682
Michigan,3328,"Employment: Coating; engraving; heat treating; and allied activities, (Ths. #, SA)",2030,11.03553022399077,11.03553022399077,-0.00620999195937888,-0.005423466892833573,0.0
Michigan,3328,"Employment: Coating; engraving; heat treating; and allied activities, (Ths. #, SA)",2031,10.93457404838957,10.975679391176092,-0.009148284998733214,-0.005423466892833573,-0.04110534278652267
Michigan,3328,"Employment: Coating; engraving; heat treating; and allied activities, (Ths. #, SA)",2032,10.77828570247878,10.916153157371694,-0.014293043809402661,-0.005423466892833462,-0.1378674548929144
Michigan,3328,"Employment: Coating; engraving; heat treating; and allied activities, (Ths. #, SA)",2033,10.5770750174268,10.856949762125588,-0.018668152859012133,-0.005423466892833573,-0.2798747446987875
Michigan,3328,"Employment: Coating; engraving; heat treating; and allied activities, (Ths. #, SA)",2034,10.35815882261392,10.798067454533541,-0.02069723382430344,-0.005423466892833684,-0.4399086319196215
Michigan,3329,"Employment: Other fabricated metal product manufacturing, (Ths. #, SA)",2024,10.50484961449694,10.50484961449694,,,0.0
Michigan,3329,"Employment: Other fabricated metal product manufacturing, (Ths. #, SA)",2025,10.3830518845473,10.489554726566487,-0.011594428708580184,-0.0014559835211106487,-0.10650284201918758
Michigan,3329,"Employment: Other fabricated metal product manufacturing, (Ths. #, SA)",2026,10.43456584415413,10.474282107740816,0.004961350494982808,-0.0014559835211108707,-0.03971626358668523
Michigan,3329,"Employment: Other fabricated metal product manufacturing, (Ths. #, SA)",2027,10.43571555292984,10.45903172559648,0.00011018271319396256,-0.0014559835211107597,-0.023316172666639545
Michigan,3329,"Employment: Other fabricated metal product manufacturing, (Ths. #, SA)",2028,10.44794446568398,10.443803547757238,0.0011718327020426855,-0.0014559835211106487,0.004140917926742205
Michigan,3329,"Employment: Other fabricated metal product manufacturing, (Ths. #, SA)",2029,10.43333763758839,10.428597541893984,-0.0013980575933921768,-0.0014559835211108707,0.004740095694407032
Michigan,3329,"Employment: Other fabricated metal product manufacturing, (Ths. #, SA)",2030,10.41341367572469,10.41341367572469,-0.0019096441192433256,-0.0014559835211106487,0.0
Michigan,3329,"Employment: Other fabricated metal product manufacturing, (Ths. #, SA)",2031,10.36106715466129,10.398251917014326,-0.005026835838225496,-0.0014559835211107597,-0.037184762353035694
Michigan,3329,"Employment: Other fabricated metal product manufacturing, (Ths. #, SA)",2032,10.25377207574091,10.383112233574796,-0.010355601147909677,-0.0014559835211106487,-0.12934015783388553
Michigan,3329,"Employment: Other fabricated metal product manufacturing, (Ths. #, SA)",2033,10.10088620511927,10.367994593264866,-0.01491020762821016,-0.0014559835211108707,-0.267108388145596
Michigan,3329,"Employment: Other fabricated metal product manufacturing, (Ths. #, SA)",2034,9.928054844024835,10.352898963990107,-0.017110514620671702,-0.0014559835211107597,-0.4248441199652717
Michigan,3335,"Employment: Metalworking machinery manufacturing, (Ths. #, SA)",2024,29.741129875183113,29.741129875183113,,,0.0
Michigan,3335,"Employment: Metalworking machinery manufacturing, (Ths. #, SA)",2025,29.02215009628092,29.34069048551049,-0.02417459531361421,-0.013464161965371813,-0.3185403892295682
Michigan,3335,"Employment: Metalworking machinery manufacturing, (Ths. #, SA)",2026,28.6266833787805,28.945642676637732,-0.013626375585146566,-0.013464161965371813,-0.31895929785723354
Michigan,3335,"Employment: Metalworking machinery manufacturing, (Ths. #, SA)",2027,28.35200794730726,28.555913855447702,-0.009595083993447884,-0.013464161965371813,-0.20390590814044174
Michigan,3335,"Employment: Metalworking machinery manufacturing, (Ths. #, SA)",2028,28.08414649825067,28.17143240622875,-0.009447706474772999,-0.013464161965371813,-0.08728590797807811
Michigan,3335,"Employment: Metalworking machinery manufacturing, (Ths. #, SA)",2029,27.74220698834706,27.792127677514756,-0.012175535045186758,-0.013464161965372035,-0.04992068916769554
Michigan,3335,"Employment: Metalworking machinery manufacturing, (Ths. #, SA)",2030,27.417929969102406,27.417929969102406,-0.011688940947663817,-0.013464161965371702,0.0
Michigan,3335,"Employment: Metalworking machinery manufacturing, (Ths. #, SA)",2031,27.05355982413456,27.048770519243188,-0.0132894841214658,-0.013464161965371924,0.004789304891371415
Michigan,3335,"Employment: Metalworking machinery manufacturing, (Ths. #, SA)",2032,26.60438132356406,26.684581492007922,-0.016603304832726207,-0.013464161965371924,-0.08020016844386291
Michigan,3335,"Employment: Metalworking machinery manufacturing, (Ths. #, SA)",2033,26.10683870422576,26.325295964821365,-0.018701529394243632,-0.013464161965371813,-0.21845726059560633
Michigan,3335,"Employment: Metalworking machinery manufacturing, (Ths. #, SA)",2034,25.59300962420489,25.97084791616466,-0.019681780924999503,-0.013464161965371813,-0.3778382919597725
Michigan,3336,"Employment: Engine; turbine; and power transmission equipment manufacturing, (Ths. #, SA)",2024,4.792937152387118,4.792937152387118,,,0.0
Michigan,3336,"Employment: Engine; turbine; and power transmission equipment manufacturing, (Ths. #, SA)",2025,4.66549965964818,4.756590723789877,-0.026588600828088893,-0.007583330939179733,-0.09109106414169688
Michigan,3336,"Employment: Engine; turbine; and power transmission equipment manufacturing, (Ths. #, SA)",2026,4.625545263909044,4.720519922189147,-0.008563797803845419,-0.007583330939179511,-0.09497465828010299
Michigan,3336,"Employment: Engine; turbine; and power transmission equipment manufacturing, (Ths. #, SA)",2027,4.621249638043341,4.684722657414195,-0.0009286744849777984,-0.007583330939179844,-0.06347301937085348
Michigan,3336,"Employment: Engine; turbine; and power transmission equipment manufacturing, (Ths. #, SA)",2028,4.616201839371931,4.6491968551447505,-0.0010923016644363015,-0.007583330939179511,-0.03299501577281916
Michigan,3336,"Employment: Engine; turbine; and power transmission equipment manufacturing, (Ths. #, SA)",2029,4.597103396053338,4.613940456790794,-0.004137263486986398,-0.007583330939179733,-0.016837060737455722
Michigan,3336,"Employment: Engine; turbine; and power transmission equipment manufacturing, (Ths. #, SA)",2030,4.578951419373279,4.578951419373279,-0.003948568286639476,-0.007583330939179733,0.0
Michigan,3336,"Employment: Engine; turbine; and power transmission equipment manufacturing, (Ths. #, SA)",2031,4.552109919327494,4.5442277154057455,-0.00586193160561177,-0.007583330939179622,0.00788220392174832
Michigan,3336,"Employment: Engine; turbine; and power transmission equipment manufacturing, (Ths. #, SA)",2032,4.508888988707709,4.509767332776831,-0.00949470276108133,-0.007583330939179733,-0.0008783440691217947
Michigan,3336,"Employment: Engine; turbine; and power transmission equipment manufacturing, (Ths. #, SA)",2033,4.455217584967212,4.475568274633683,-0.011903465327027352,-0.007583330939179622,-0.020350689666471133
Michigan,3336,"Employment: Engine; turbine; and power transmission equipment manufacturing, (Ths. #, SA)",2034,4.396461425842471,4.441628559266242,-0.013188168255349741,-0.007583330939179733,-0.04516713342377088
Michigan,3339,"Employment: Other general purpose machinery manufacturing, (Ths. #, SA)",2024,17.5276172558007,17.5276172558007,,,0.0
Michigan,3339,"Employment: Other general purpose machinery manufacturing, (Ths. #, SA)",2025,17.09961711592386,17.558251537400103,-0.02441861512780319,0.0017477721673357927,-0.4586344214762441
Michigan,3339,"Employment: Other general purpose machinery manufacturing, (Ths. #, SA)",2026,17.14050706320019,17.588939360744256,0.0023912785297544037,0.0017477721673360147,-0.4484322975440662
Michigan,3339,"Employment: Other general purpose machinery manufacturing, (Ths. #, SA)",2027,17.31967322522648,17.619680819411922,0.010452792403729427,0.0017477721673357927,-0.3000075941854412
Michigan,3339,"Employment: Other general purpose machinery manufacturing, (Ths. #, SA)",2028,17.490753409297,17.65047600714543,0.009877795143463652,0.0017477721673355706,-0.1597225978484289
Michigan,3339,"Employment: Other general purpose machinery manufacturing, (Ths. #, SA)",2029,17.60293508495121,17.68132501785095,0.0064137703522011424,0.0017477721673360147,-0.07838993289973928
Michigan,3339,"Employment: Other general purpose machinery manufacturing, (Ths. #, SA)",2030,17.71222794559877,17.71222794559877,0.006208786212078543,0.0017477721673360147,0.0
Michigan,3339,"Employment: Other general purpose machinery manufacturing, (Ths. #, SA)",2031,17.78099374437253,17.743184884623595,0.0038823912488574752,0.0017477721673357927,0.03780885974893522
Michigan,3339,"Employment: Other general purpose machinery manufacturing, (Ths. #, SA)",2032,17.77794958894662,17.774195929324836,-0.00017120277244764281,0.0017477721673360147,0.0037536596217826457
Michigan,3339,"Employment: Other general purpose machinery manufacturing, (Ths. #, SA)",2033,17.72480129995611,17.805261174266885,-0.002989562363454712,0.0017477721673357927,-0.08045987431077606
Michigan,3339,"Employment: Other general purpose machinery manufacturing, (Ths. #, SA)",2034,17.64192564199205,17.836380714179413,-0.004675688971715886,0.0017477721673357927,-0.19445507218736324
Michigan,3344,"Employment: Semiconductor and other electronic component manufacturing, (Ths. #, SA)",2024,11.41356671986399,11.41356671986399,,,0.0
Michigan,3344,"Employment: Semiconductor and other electronic component manufacturing, (Ths. #, SA)",2025,11.17482613127719,11.354801882704827,-0.020917264028544214,-0.005148683019208233,-0.17997575142763722
Michigan,3344,"Employment: Semiconductor and other electronic component manufacturing, (Ths. #, SA)",2026,11.16761856140764,11.296339607064871,-0.0006449827303689482,-0.005148683019208233,-0.12872104565723141
Michigan,3344,"Employment: Semiconductor and other electronic component manufacturing, (Ths. #, SA)",2027,11.17674935808047,11.238178335150769,0.0008176135872319801,-0.005148683019208011,-0.061428977070299595
Michigan,3344,"Employment: Semiconductor and other electronic component manufacturing, (Ths. #, SA)",2028,11.15279771318182,11.180316517189747,-0.0021429884603552107,-0.005148683019208011,-0.027518804007925723
Michigan,3344,"Employment: Semiconductor and other electronic component manufacturing, (Ths. #, SA)",2029,11.10665855375904,11.122752611388318,-0.004137003163631969,-0.005148683019208233,-0.01609405762927807
Michigan,3344,"Employment: Semiconductor and other electronic component manufacturing, (Ths. #, SA)",2030,11.06548508389121,11.06548508389121,-0.003707097834019124,-0.005148683019208233,0.0
Michigan,3344,"Employment: Semiconductor and other electronic component manufacturing, (Ths. #, SA)",2031,11.02166906692386,11.00851240874048,-0.003959701417078909,-0.005148683019208011,0.013156658183380188
Michigan,3344,"Employment: Semiconductor and other electronic component manufacturing, (Ths. #, SA)",2032,10.95889394114003,10.951833067834855,-0.005695609748637698,-0.005148683019208122,0.007060873305174908
Michigan,3344,"Employment: Semiconductor and other electronic component manufacturing, (Ths. #, SA)",2033,10.87530135248368,10.89544555088929,-0.007627830792534707,-0.005148683019208233,-0.020144198405610325
Michigan,3344,"Employment: Semiconductor and other electronic component manufacturing, (Ths. #, SA)",2034,10.7881220203894,10.83934835539472,-0.008016268172133967,-0.005148683019208233,-0.05122633500531926
Michigan,3345,"Employment: Navigational; measuring; electromedical; and control instruments manufacturing, (Ths. #, SA)",2024,9.762393132364156,9.762393132364156,,,0.0
Michigan,3345,"Employment: Navigational; measuring; electromedical; and control instruments manufacturing, (Ths. #, SA)",2025,9.559448495672438,9.717515284401909,-0.020788410581307093,-0.004597012981731874,-0.1580667887294709
Michigan,3345,"Employment: Navigational; measuring; electromedical; and control instruments manufacturing, (Ths. #, SA)",2026,9.55949293769609,9.672843740489334,4.649015439728288e-06,-0.004597012981731985,-0.11335080279324394
Michigan,3345,"Employment: Navigational; measuring; electromedical; and control instruments manufacturing, (Ths. #, SA)",2027,9.573726398674598,9.628377552244041,0.0014889347239728234,-0.004597012981731874,-0.05465115356944317
Michigan,3345,"Employment: Navigational; measuring; electromedical; and control instruments manufacturing, (Ths. #, SA)",2028,9.559400195031577,9.58411577564336,-0.0014964082998031314,-0.004597012981731874,-0.02471558061178314
Michigan,3345,"Employment: Navigational; measuring; electromedical; and control instruments manufacturing, (Ths. #, SA)",2029,9.525803698656157,9.540057471004307,-0.0035144983670504226,-0.004597012981731874,-0.014253772348149951
Michigan,3345,"Employment: Navigational; measuring; electromedical; and control instruments manufacturing, (Ths. #, SA)",2030,9.496201702963631,9.496201702963631,-0.003107558861065063,-0.004597012981731874,0.0
Michigan,3345,"Employment: Navigational; measuring; electromedical; and control instruments manufacturing, (Ths. #, SA)",2031,9.464069495147328,9.452547540457964,-0.003383690534529804,-0.004597012981731874,0.011521954689364122
Michigan,3345,"Employment: Navigational; measuring; electromedical; and control instruments manufacturing, (Ths. #, SA)",2032,9.415389933631443,9.40909405670404,-0.005143618349468415,-0.004597012981731985,0.006295876927403299
Michigan,3345,"Employment: Navigational; measuring; electromedical; and control instruments manufacturing, (Ths. #, SA)",2033,9.348541815757226,9.365840329179036,-0.0070998777900253,-0.004597012981731763,-0.017298513421810213
Michigan,3345,"Employment: Navigational; measuring; electromedical; and control instruments manufacturing, (Ths. #, SA)",2034,9.27831911864464,9.32278543960097,-0.007511620367812166,-0.004597012981732096,-0.04446632095632985
Michigan,3359,"Employment: Other electrical equipment and component manufacturing, (Ths. #, SA)",2024,4.412524706375623,4.412524706375623,,,0.0
Michigan,3359,"Employment: Other electrical equipment and component manufacturing, (Ths. #, SA)",2025,4.546380424781322,4.428024926178926,0.030335403723018572,0.003512778020462237,0.11835549860239603
Michigan,3359,"Employment: Other electrical equipment and component manufacturing, (Ths. #, SA)",2026,4.505418363257887,4.4435795948136665,-0.009009818294166583,0.003512778020462237,0.061838768444220094
Michigan,3359,"Employment: Other electrical equipment and component manufacturing, (Ths. #, SA)",2027,4.510913581536704,4.459188903546503,0.0012196910110793269,0.003512778020462237,0.05172467799020097
Michigan,3359,"Employment: Other electrical equipment and component manufacturing, (Ths. #, SA)",2028,4.515914105502558,4.47485304431597,0.0011085390742846535,0.003512778020462237,0.041061061186588255
Michigan,3359,"Employment: Other electrical equipment and component manufacturing, (Ths. #, SA)",2029,4.512008927508371,4.490572209734842,-0.0008647591391139908,0.0035127780204624592,0.021436717773529068
Michigan,3359,"Employment: Other electrical equipment and component manufacturing, (Ths. #, SA)",2030,4.506346593092497,4.506346593092497,-0.0012549475204610694,0.003512778020462015,0.0
Michigan,3359,"Employment: Other electrical equipment and component manufacturing, (Ths. #, SA)",2031,4.492301333706607,4.522176388357297,-0.003116772999089523,0.0035127780204624592,-0.029875054650690736
Michigan,3359,"Employment: Other electrical equipment and component manufacturing, (Ths. #, SA)",2032,4.459601727785215,4.538061790178972,-0.007279032169111188,0.003512778020462237,-0.07846006239375658
Michigan,3359,"Employment: Other electrical equipment and component manufacturing, (Ths. #, SA)",2033,4.413702459501886,4.554002993891013,-0.010292234841814962,0.0035127780204624592,-0.1403005343891266
Michigan,3359,"Employment: Other electrical equipment and component manufacturing, (Ths. #, SA)",2034,4.358307158526603,4.570000195513073,-0.01255075562604524,0.003512778020462237,-0.21169303698646935
Michigan,3361,"Employment: Motor vehicle manufacturing, (Ths. #, SA)",2024,48.64299297332764,48.64299297332764,,,0.0
Michigan,3361,"Employment: Motor vehicle manufacturing, (Ths. #, SA)",2025,48.22538719421171,50.63312516569266,-0.008585116860405972,0.04091302920970086,-2.407737971480948
Michigan,3361,"Employment: Motor vehicle manufacturing, (Ths. #, SA)",2026,51.069603991804016,52.704679694575084,0.05897758344869608,0.04091302920970086,-1.6350757027710685
Michigan,3361,"Employment: Motor vehicle manufacturing, (Ths. #, SA)",2027,53.69794332367868,54.860987794407166,0.05146582558769164,0.04091302920970086,-1.1630444707284866
Michigan,3361,"Employment: Motor vehicle manufacturing, (Ths. #, SA)",2028,56.44191588991277,57.10551699051278,0.05110014269436847,0.04091302920970086,-0.6636011006000118
Michigan,3361,"Employment: Motor vehicle manufacturing, (Ths. #, SA)",2029,59.127922741177855,59.4418766751807,0.047588867403155044,0.04091302920970086,-0.3139539340028463
Michigan,3361,"Employment: Motor vehicle manufacturing, (Ths. #, SA)",2030,61.8738239118718,61.8738239118718,0.046440007417707596,0.04091302920970086,0.0
Michigan,3361,"Employment: Motor vehicle manufacturing, (Ths. #, SA)",2031,64.28035811533891,64.40526947689409,0.038894221357561376,0.040913029209700635,-0.12491136155517779
Michigan,3361,"Employment: Motor vehicle manufacturing, (Ths. #, SA)",2032,66.13555054560949,67.04028414826092,0.028860953558189406,0.04091302920970108,-0.904733602651433
Michigan,3361,"Employment: Motor vehicle manufacturing, (Ths. #, SA)",2033,67.57777562397911,69.78310525184536,0.021807107772921608,0.040913029209700635,-2.2053296278662486
Michigan,3361,"Employment: Motor vehicle manufacturing, (Ths. #, SA)",2034,68.76399923433569,72.63814347535774,0.017553457470353084,0.04091302920970086,-3.8741442410220515
Michigan,3362,"Employment: Motor vehicle body and trailer manufacturing, (Ths. #, SA)",2024,8.594277574762243,8.594277574762243,,,0.0
Michigan,3362,"Employment: Motor vehicle body and trailer manufacturing, (Ths. #, SA)",2025,8.643815796641203,8.599504345599565,0.005764093776122969,0.0006081687252772472,0.04431145104163825
Michigan,3362,"Employment: Motor vehicle body and trailer manufacturing, (Ths. #, SA)",2026,8.551611935434364,8.604734295195444,-0.010667032173761415,0.0006081687252772472,-0.05312235976107971
Michigan,3362,"Employment: Motor vehicle body and trailer manufacturing, (Ths. #, SA)",2027,8.56711539592709,8.609967425483102,0.0018129284408341384,0.0006081687252772472,-0.04285202955601264
Michigan,3362,"Employment: Motor vehicle body and trailer manufacturing, (Ths. #, SA)",2028,8.594706796473051,8.61520373839694,0.003220617357282185,0.0006081687252774692,-0.020496941923887846
Michigan,3362,"Employment: Motor vehicle body and trailer manufacturing, (Ths. #, SA)",2029,8.607625957512628,8.620443235872523,0.0015031532017912852,0.0006081687252772472,-0.012817278359895212
Michigan,3362,"Employment: Motor vehicle body and trailer manufacturing, (Ths. #, SA)",2030,8.625685919846608,8.625685919846608,0.0020981351214754973,0.0006081687252772472,0.0
Michigan,3362,"Employment: Motor vehicle body and trailer manufacturing, (Ths. #, SA)",2031,8.595487897598098,8.630931792257122,-0.003500941551677572,0.0006081687252770251,-0.03544389465902498
Michigan,3362,"Employment: Motor vehicle body and trailer manufacturing, (Ths. #, SA)",2032,8.496049122247719,8.636180855043175,-0.011568717975644627,0.0006081687252774692,-0.14013173279545654
Michigan,3362,"Employment: Motor vehicle body and trailer manufacturing, (Ths. #, SA)",2033,8.353726614451276,8.64143311014505,-0.016751610748548806,0.0006081687252770251,-0.28770649569377404
Michigan,3362,"Employment: Motor vehicle body and trailer manufacturing, (Ths. #, SA)",2034,8.193100068556616,8.646688559504216,-0.019228130546765643,0.0006081687252774692,-0.4535884909476007
Michigan,3363,"Employment: Motor vehicle parts manufacturing, (Ths. #, SA)",2024,118.33649508158369,118.33649508158369,,,0.0
Michigan,3363,"Employment: Motor vehicle parts manufacturing, (Ths. #, SA)",2025,113.36792900706621,116.36896162390188,-0.041986760475642315,-0.0166265990582648,-3.0010326168356727
Michigan,3363,"Employment: Motor vehicle parts manufacturing, (Ths. #, SA)",2026,110.76193244928609,114.43414155615466,-0.02298707033465952,-0.0166265990582648,-3.6722091068685643
Michigan,3363,"Employment: Motor vehicle parts manufacturing, (Ths. #, SA)",2027,109.7079114542933,112.53149096592375,-0.009516094308623546,-0.0166265990582648,-2.823579511630456
Michigan,3363,"Employment: Motor vehicle parts manufacturing, (Ths. #, SA)",2028,108.86178104881951,110.6604749842046,-0.007712574182275889,-0.01662659905826469,-1.7986939353850886
Michigan,3363,"Employment: Motor vehicle parts manufacturing, (Ths. #, SA)",2029,107.8789224327852,108.8205676350451,-0.009028500237319603,-0.01662659905826469,-0.9416452022598918
Michigan,3363,"Employment: Motor vehicle parts manufacturing, (Ths. #, SA)",2030,107.0112516876844,107.0112516876844,-0.00804300530199864,-0.0166265990582648,0.0
Michigan,3363,"Employment: Motor vehicle parts manufacturing, (Ths. #, SA)",2031,105.5982526605608,105.23201851115022,-0.013204209882970885,-0.0166265990582648,0.3662341494105874
Michigan,3363,"Employment: Motor vehicle parts manufacturing, (Ths. #, SA)",2032,103.39875159230861,103.48236793127343,-0.020828953252875815,-0.01662659905826469,-0.08361633896481635
Michigan,3363,"Employment: Motor vehicle parts manufacturing, (Ths. #, SA)",2033,100.75277457155421,101.76180809008031,-0.025590028699642664,-0.0166265990582648,-1.0090335185260955
Michigan,3363,"Employment: Motor vehicle parts manufacturing, (Ths. #, SA)",2034,97.96537951552973,100.06985530752245,-0.027665690278781185,-0.016626599058264913,-2.104475791992712
Michigan,4231,"Employment: Motor vehicle and motor vehicle parts and supplies merchant wholesalers, (Ths. #, SA)",2024,26.0927193959554,26.0927193959554,,,0.0
Michigan,4231,"Employment: Motor vehicle and motor vehicle parts and supplies merchant wholesalers, (Ths. #, SA)",2025,26.42113625251917,26.249850331014713,0.012586532341840817,0.006022022184612563,0.17128592150445598
Michigan,4231,"Employment: Motor vehicle and motor vehicle parts and supplies merchant wholesalers, (Ths. #, SA)",2026,26.504487296015434,26.40792751205084,0.0031547107853213685,0.006022022184612341,0.09655978396459375
Michigan,4231,"Employment: Motor vehicle and motor vehicle parts and supplies merchant wholesalers, (Ths. #, SA)",2027,26.64535177562878,26.56695663737805,0.005314740784837735,0.006022022184612563,0.07839513825073041
Michigan,4231,"Employment: Motor vehicle and motor vehicle parts and supplies merchant wholesalers, (Ths. #, SA)",2028,26.8108868693979,26.72694343962598,0.006212531745237726,0.006022022184612563,0.08394342977192082
Michigan,4231,"Employment: Motor vehicle and motor vehicle parts and supplies merchant wholesalers, (Ths. #, SA)",2029,26.942527578087994,26.88789368594629,0.004909972181500244,0.006022022184612341,0.05463389214170533
Michigan,4231,"Employment: Motor vehicle and motor vehicle parts and supplies merchant wholesalers, (Ths. #, SA)",2030,27.04981317822056,27.04981317822056,0.003982016899551022,0.006022022184612563,0.0
Michigan,4231,"Employment: Motor vehicle and motor vehicle parts and supplies merchant wholesalers, (Ths. #, SA)",2031,27.11576095313271,27.21270775326943,0.0024380122138976112,0.006022022184612563,-0.09694680013672041
Michigan,4231,"Employment: Motor vehicle and motor vehicle parts and supplies merchant wholesalers, (Ths. #, SA)",2032,27.09689771111101,27.376583283062995,-0.0006956560081166074,0.006022022184612563,-0.27968557195198684
Michigan,4231,"Employment: Motor vehicle and motor vehicle parts and supplies merchant wholesalers, (Ths. #, SA)",2033,26.98449325129358,27.54144567493249,-0.004148240917311363,0.006022022184612341,-0.5569524236389114
Michigan,4231,"Employment: Motor vehicle and motor vehicle parts and supplies merchant wholesalers, (Ths. #, SA)",2034,26.832002531134673,27.70730087178324,-0.0056510499841087025,0.006022022184612785,-0.8752983406485662
Michigan,4235,"Employment: Metal and mineral (except petroleum) merchant wholesalers, (Ths. #, SA)",2024,6.65210060278104,6.65210060278104,,,0.0
Michigan,4235,"Employment: Metal and mineral (except petroleum) merchant wholesalers, (Ths. #, SA)",2025,6.680159481303371,6.643615044469797,0.0042180478314775005,-0.0012756208629339794,0.03654443683357389
Michigan,4235,"Employment: Metal and mineral (except petroleum) merchant wholesalers, (Ths. #, SA)",2026,6.65651027334703,6.63514031051377,-0.0035402160715669595,-0.0012756208629338683,0.021369962833260203
Michigan,4235,"Employment: Metal and mineral (except petroleum) merchant wholesalers, (Ths. #, SA)",2027,6.641442437685093,6.626676387105185,-0.0022636238874699233,-0.0012756208629338683,0.014766050579908097
Michigan,4235,"Employment: Metal and mineral (except petroleum) merchant wholesalers, (Ths. #, SA)",2028,6.634084763079228,6.618223260453883,-0.0011078428631883241,-0.0012756208629337573,0.015861502625345025
Michigan,4235,"Employment: Metal and mineral (except petroleum) merchant wholesalers, (Ths. #, SA)",2029,6.619889038602016,6.609780916787293,-0.0021398165661395963,-0.0012756208629339794,0.010108121814723425
Michigan,4235,"Employment: Metal and mineral (except petroleum) merchant wholesalers, (Ths. #, SA)",2030,6.601349342350417,6.601349342350417,-0.0028006052886219157,-0.0012756208629338683,0.0
Michigan,4235,"Employment: Metal and mineral (except petroleum) merchant wholesalers, (Ths. #, SA)",2031,6.574465832841628,6.5929285234058,-0.004072426425961173,-0.0012756208629338683,-0.01846269056417249
Michigan,4235,"Employment: Metal and mineral (except petroleum) merchant wholesalers, (Ths. #, SA)",2032,6.528919762168666,6.584518446233512,-0.006927721860754632,-0.0012756208629339794,-0.05559868406484547
Michigan,4235,"Employment: Metal and mineral (except petroleum) merchant wholesalers, (Ths. #, SA)",2033,6.462964147003597,6.576119097131123,-0.010102071639361165,-0.0012756208629338683,-0.11315495012752574
Michigan,4235,"Employment: Metal and mineral (except petroleum) merchant wholesalers, (Ths. #, SA)",2034,6.389691012011758,6.567730462413684,-0.011337388437441809,-0.0012756208629339794,-0.17803945040192648
Michigan,4238,"Employment: Machinery; equipment; and supplies merchant wholesalers, (Ths. #, SA)",2024,24.4630282719757,24.4630282719757,,,0.0
Michigan,4238,"Employment: Machinery; equipment; and supplies merchant wholesalers, (Ths. #, SA)",2025,24.58341216450528,24.503542745058542,0.004921054384239509,0.0016561511777042348,0.07986941944673731
Michigan,4238,"Employment: Machinery; equipment; and supplies merchant wholesalers, (Ths. #, SA)",2026,24.580745828820287,24.5441243162337,-0.00010846076480963696,0.0016561511777042348,0.03662151258658852
Michigan,4238,"Employment: Machinery; equipment; and supplies merchant wholesalers, (Ths. #, SA)",2027,24.612265344352153,24.584773096625753,0.0012822847504858625,0.0016561511777044569,0.02749224772639991
Michigan,4238,"Employment: Machinery; equipment; and supplies merchant wholesalers, (Ths. #, SA)",2028,24.66930509782828,24.625489197543327,0.0023175336637273336,0.0016561511777044569,0.04381590028495097
Michigan,4238,"Employment: Machinery; equipment; and supplies merchant wholesalers, (Ths. #, SA)",2029,24.6978997444167,24.666272730479385,0.0011591184459807113,0.0016561511777044569,0.03162701393731382
Michigan,4238,"Employment: Machinery; equipment; and supplies merchant wholesalers, (Ths. #, SA)",2030,24.70712380711154,24.70712380711154,0.0003734755906492637,0.0016561511777042348,0.0
Michigan,4238,"Employment: Machinery; equipment; and supplies merchant wholesalers, (Ths. #, SA)",2031,24.68178515880524,24.74804253930238,-0.00102556042152524,0.0016561511777044569,-0.06625738049713803
Michigan,4238,"Employment: Machinery; equipment; and supplies merchant wholesalers, (Ths. #, SA)",2032,24.5827869555218,24.78902903909972,-0.00401098229510044,0.0016561511777042348,-0.2062420835779193
Michigan,4238,"Employment: Machinery; equipment; and supplies merchant wholesalers, (Ths. #, SA)",2033,24.4029538468215,24.83008341873697,-0.00731540768854555,0.0016561511777042348,-0.42712957191546863
Michigan,4238,"Employment: Machinery; equipment; and supplies merchant wholesalers, (Ths. #, SA)",2034,24.19123908757146,24.871205790633407,-0.008675784111176976,0.0016561511777044569,-0.6799667030619467
Michigan,4239,"Employment: Miscellaneous durable goods merchant wholesalers, (Ths. #, SA)",2024,8.818091551456577,8.818091551456577,,,0.0
Michigan,4239,"Employment: Miscellaneous durable goods merchant wholesalers, (Ths. #, SA)",2025,8.858774636678085,8.821384273646457,0.004613592973503167,0.00037340530778862124,0.03739036303162813
Michigan,4239,"Employment: Miscellaneous durable goods merchant wholesalers, (Ths. #, SA)",2026,8.844510361873093,8.824678225356278,-0.0016101859895987225,0.0003734053077883992,0.019832136516814813
Michigan,4239,"Employment: Miscellaneous durable goods merchant wholesalers, (Ths. #, SA)",2027,8.842127684307181,8.827973407045151,-0.0002693962094479918,0.0003734053077883992,0.01415427726202978
Michigan,4239,"Employment: Miscellaneous durable goods merchant wholesalers, (Ths. #, SA)",2028,8.849366173287223,8.831269819172359,0.000818636558810093,0.00037340530778862124,0.018096354114863544
Michigan,4239,"Employment: Miscellaneous durable goods merchant wholesalers, (Ths. #, SA)",2029,8.84684930472057,8.83456746219735,-0.00028441229771358767,0.0003734053077883992,0.012281842523218955
Michigan,4239,"Employment: Miscellaneous durable goods merchant wholesalers, (Ths. #, SA)",2030,8.83786633657975,8.83786633657975,-0.0010153861370765238,0.00037340530778862124,0.0
Michigan,4239,"Employment: Miscellaneous durable goods merchant wholesalers, (Ths. #, SA)",2031,8.817020258326043,8.841166442779356,-0.0023587229609285387,0.00037340530778862124,-0.02414618445331307
Michigan,4239,"Employment: Miscellaneous durable goods merchant wholesalers, (Ths. #, SA)",2032,8.770403129761092,8.844467781256132,-0.005287174941095207,0.00037340530778862124,-0.07406465149503916
Michigan,4239,"Employment: Miscellaneous durable goods merchant wholesalers, (Ths. #, SA)",2033,8.695550759335468,8.847770352470217,-0.008534655627359222,0.0003734053077883992,-0.15221959313474898
Michigan,4239,"Employment: Miscellaneous durable goods merchant wholesalers, (Ths. #, SA)",2034,8.609984064914599,8.851074156881923,-0.009840284622455453,0.0003734053077883992,-0.24109009196732423
Michigan,4247,"Employment: Petroleum and petroleum products merchant wholesalers, (Ths. #, SA)",2024,3.613630902615587,3.613630902615587,,,0.0
Michigan,4247,"Employment: Petroleum and petroleum products merchant wholesalers, (Ths. #, SA)",2025,3.607774732941369,3.578237716760953,-0.001620577704817383,-0.009794355541130617,0.029537016180416042
Michigan,4247,"Employment: Petroleum and petroleum products merchant wholesalers, (Ths. #, SA)",2026,3.560810909273132,3.5431911843523123,-0.013017393585975978,-0.009794355541130728,0.017619724920819646
Michigan,4247,"Employment: Petroleum and petroleum products merchant wholesalers, (Ths. #, SA)",2027,3.519297053170688,3.5084879101425663,-0.011658539911325372,-0.009794355541130506,0.01080914302812186
Michigan,4247,"Employment: Petroleum and petroleum products merchant wholesalers, (Ths. #, SA)",2028,3.483360845213348,3.474124532138872,-0.010211189170565627,-0.009794355541130617,0.009236313074476143
Michigan,4247,"Employment: Petroleum and petroleum products merchant wholesalers, (Ths. #, SA)",2029,3.445279156024514,3.4400977212769397,-0.01093245600471282,-0.009794355541130617,0.005181434747574265
Michigan,4247,"Employment: Petroleum and petroleum products merchant wholesalers, (Ths. #, SA)",2030,3.40640418109852,3.40640418109852,-0.011283548637275431,-0.009794355541130617,0.0
Michigan,4247,"Employment: Petroleum and petroleum products merchant wholesalers, (Ths. #, SA)",2031,3.364722250106602,3.373040647432047,-0.012236343303945851,-0.009794355541130617,-0.008318397325445037
Michigan,4247,"Employment: Petroleum and petroleum products merchant wholesalers, (Ths. #, SA)",2032,3.315052446913064,3.3400038880764122,-0.014761932635588115,-0.009794355541130617,-0.024951441163348242
Michigan,4247,"Employment: Petroleum and petroleum products merchant wholesalers, (Ths. #, SA)",2033,3.256694189030787,3.307290702487833,-0.017604022505471772,-0.009794355541130728,-0.050596513457045855
Michigan,4247,"Employment: Petroleum and petroleum products merchant wholesalers, (Ths. #, SA)",2034,3.196386369194653,3.2748979214697913,-0.01851810957235811,-0.009794355541130617,-0.07851155227513829
Michigan,4411,"Employment: Automobile dealers, (Ths. #, SA)",2024,38.72263871769282,38.72263871769282,,,0.0
Michigan,4411,"Employment: Automobile dealers, (Ths. #, SA)",2025,39.0391865195122,38.74852902529823,0.008174747700619545,0.0006686090737300088,0.290657494213967
Michigan,4411,"Employment: Automobile dealers, (Ths. #, SA)",2026,38.97290926704644,38.77443664339824,-0.0016977108996016899,0.0006686090737300088,0.1984726236482004
Michigan,4411,"Employment: Automobile dealers, (Ths. #, SA)",2027,38.85855691690705,38.80036158356678,-0.002934149702703448,0.0006686090737300088,0.058195333340265165
Michigan,4411,"Employment: Automobile dealers, (Ths. #, SA)",2028,38.816522023259985,38.82630385738557,-0.0010817409853111082,0.0006686090737302308,-0.009781834125583089
Michigan,4411,"Employment: Automobile dealers, (Ths. #, SA)",2029,38.81542677853835,38.85226347644401,-2.821594168012087e-05,0.0006686090737297867,-0.036836697905656024
Michigan,4411,"Employment: Automobile dealers, (Ths. #, SA)",2030,38.87824045233931,38.878240452339305,0.0016182657003707135,0.0006686090737300088,7.105427357601002e-15
Michigan,4411,"Employment: Automobile dealers, (Ths. #, SA)",2031,38.90198765891877,38.9042347966764,0.0006108097049446481,0.0006686090737300088,-0.0022471377576280815
Michigan,4411,"Employment: Automobile dealers, (Ths. #, SA)",2032,38.79128569614372,38.93024652106798,-0.0028456634078869447,0.0006686090737300088,-0.13896082492426132
Michigan,4411,"Employment: Automobile dealers, (Ths. #, SA)",2033,38.576706239815366,38.95627563713452,-0.0055316407403759316,0.0006686090737302308,-0.37956939731915185
Michigan,4411,"Employment: Automobile dealers, (Ths. #, SA)",2034,38.32658418616749,38.982322156504225,-0.006483758672733098,0.0006686090737297867,-0.6557379703367374
Michigan,4413,"Employment: Automotive parts; accessories; and tire stores, (Ths. #, SA)",2024,17.63536768939793,17.63536768939793,,,0.0
Michigan,4413,"Employment: Automotive parts; accessories; and tire stores, (Ths. #, SA)",2025,17.78499355785311,17.669926353501932,0.008484420120433933,0.001959622544460915,0.11506720435117757
Michigan,4413,"Employment: Automotive parts; accessories; and tire stores, (Ths. #, SA)",2026,17.78164625254057,17.70455273954322,-0.00018820953190978873,0.001959622544461137,0.07709351299734735
Michigan,4413,"Employment: Automotive parts; accessories; and tire stores, (Ths. #, SA)",2027,17.75717826380257,17.73924698023123,-0.0013760249411386427,0.001959622544461137,0.017931283571339662
Michigan,4413,"Employment: Automotive parts; accessories; and tire stores, (Ths. #, SA)",2028,17.76471685295279,17.77400920853545,0.0004245375609923663,0.001959622544460915,-0.009292355582658729
Michigan,4413,"Employment: Automotive parts; accessories; and tire stores, (Ths. #, SA)",2029,17.79003215463934,17.808839557685953,0.0014250326586175976,0.001959622544460915,-0.01880740304661188
Michigan,4413,"Employment: Automotive parts; accessories; and tire stores, (Ths. #, SA)",2030,17.84373816117388,17.84373816117388,0.0030188819259966415,0.001959622544460915,0.0
Michigan,4413,"Employment: Automotive parts; accessories; and tire stores, (Ths. #, SA)",2031,17.87863245098683,17.87870515275198,0.0019555481871436076,0.001959622544461137,-7.270176514850846e-05
Michigan,4413,"Employment: Automotive parts; accessories; and tire stores, (Ths. #, SA)",2032,17.85076652543904,17.91374066643508,-0.0015586161650887886,0.001959622544460693,-0.06297414099603671
Michigan,4413,"Employment: Automotive parts; accessories; and tire stores, (Ths. #, SA)",2033,17.77398320485576,17.948844836500655,-0.004301401873911592,0.001959622544461137,-0.17486163164489454
Michigan,4413,"Employment: Automotive parts; accessories; and tire stores, (Ths. #, SA)",2034,17.67963151971356,17.984017797489294,-0.005308415342511585,0.001959622544460915,-0.304386277775734
Michigan,4571,"Employment: Gasoline stations, (Ths. #, SA)",2024,27.21258560816447,27.21258560816447,,,0.0
Michigan,4571,"Employment: Gasoline stations, (Ths. #, SA)",2025,27.52918942028736,27.283745113959313,0.011634462696110015,0.0026149483485131686,0.24544430632804648
Michigan,4571,"Employment: Gasoline stations, (Ths. #, SA)",2026,27.49623152409406,27.355090698186316,-0.0011971982062431996,0.0026149483485131686,0.14114082590774402
Michigan,4571,"Employment: Gasoline stations, (Ths. #, SA)",2027,27.47142727701447,27.426622847430963,-0.0009020962402740418,0.0026149483485129466,0.0448044295835075
Michigan,4571,"Employment: Gasoline stations, (Ths. #, SA)",2028,27.495753566903673,27.49834204955115,0.000885512414185996,0.0026149483485133906,-0.002588482647478685
Michigan,4571,"Employment: Gasoline stations, (Ths. #, SA)",2029,27.54723678332574,27.57024879368047,0.0018724060897912231,0.0026149483485129466,-0.023012010354729995
Michigan,4571,"Employment: Gasoline stations, (Ths. #, SA)",2030,27.642343570231606,27.642343570231606,0.003452498254323366,0.0026149483485133906,0.0
Michigan,4571,"Employment: Gasoline stations, (Ths. #, SA)",2031,27.70797006846098,27.714626870899615,0.002374129315867668,0.0026149483485131686,-0.006656802438634202
Michigan,4571,"Employment: Gasoline stations, (Ths. #, SA)",2032,27.67594226462204,27.787099188665334,-0.001155905819148928,0.0026149483485131686,-0.1111569240432928
Michigan,4571,"Employment: Gasoline stations, (Ths. #, SA)",2033,27.567603458065527,27.859761017798704,-0.0039145480764715135,0.0026149483485131686,-0.2921575597331767
Michigan,4571,"Employment: Gasoline stations, (Ths. #, SA)",2034,27.43150041288116,27.932612853862167,-0.0049370648192686994,0.0026149483485131686,-0.5011124409810073
Michigan,4841,"Employment: General freight trucking, (Ths. #, SA)",2024,35.49001170792712,35.49001170792712,,,0.0
Michigan,4841,"Employment: General freight trucking, (Ths. #, SA)",2025,35.84124243164322,34.89377779742968,0.009896607716183059,-0.016800048289763225,0.9474646342135387
Michigan,4841,"Employment: General freight trucking, (Ths. #, SA)",2026,35.2522507355374,34.30756064542058,-0.016433350412702552,-0.01680004828976356,0.944690090116822
Michigan,4841,"Employment: General freight trucking, (Ths. #, SA)",2027,34.37964470606924,33.731191969873535,-0.02475320046979279,-0.016800048289763225,0.6484527361957078
Michigan,4841,"Employment: General freight trucking, (Ths. #, SA)",2028,33.569638394148086,33.164506315908376,-0.023560636500067234,-0.01680004828976356,0.40513207823970987
Michigan,4841,"Employment: General freight trucking, (Ths. #, SA)",2029,32.79000980624273,32.60734100829496,-0.023224217632361044,-0.016800048289763225,0.1826687979477697
Michigan,4841,"Employment: General freight trucking, (Ths. #, SA)",2030,32.05953610475482,32.05953610475482,-0.02227732488658296,-0.016800048289763447,0.0
Michigan,4841,"Employment: General freight trucking, (Ths. #, SA)",2031,31.28520422733297,31.520934350047526,-0.024152934555625283,-0.016800048289763336,-0.23573012271455696
Michigan,4841,"Employment: General freight trucking, (Ths. #, SA)",2032,30.4138842504143,30.99138113082827,-0.02785086428035599,-0.016800048289763225,-0.5774968804139711
Michigan,4841,"Employment: General freight trucking, (Ths. #, SA)",2033,29.50031168374078,30.470724431263893,-0.030038010243991553,-0.016800048289763336,-0.9704127475231132
Michigan,4841,"Employment: General freight trucking, (Ths. #, SA)",2034,28.61169582406731,29.958814789394587,-0.0301222532561658,-0.016800048289763336,-1.347118965327276
Michigan,4842,"Employment: Specialized freight trucking, (Ths. #, SA)",2024,11.65307059289482,11.65307059289482,,,0.0
Michigan,4842,"Employment: Specialized freight trucking, (Ths. #, SA)",2025,11.44409821481957,11.341467204094705,-0.01793281662626045,-0.026740024126354123,0.10263101072486513
Michigan,4842,"Employment: Specialized freight trucking, (Ths. #, SA)",2026,11.06699757630089,11.03819609742896,-0.0329515381151092,-0.02674002412635401,0.028801478871930186
Michigan,4842,"Employment: Specialized freight trucking, (Ths. #, SA)",2027,10.74731930844206,10.743034467472283,-0.028885726743393847,-0.02674002412635401,0.004284840969777548
Michigan,4842,"Employment: Specialized freight trucking, (Ths. #, SA)",2028,10.45121372189083,10.455765466621818,-0.027551576170128045,-0.026740024126354345,-0.004551744730987295
Michigan,4842,"Employment: Specialized freight trucking, (Ths. #, SA)",2029,10.16827525568673,10.176178045784852,-0.02707230698109886,-0.02674002412635401,-0.00790279009812167
Michigan,4842,"Employment: Specialized freight trucking, (Ths. #, SA)",2030,9.90406679932649,9.90406679932649,-0.025983605844312585,-0.026740024126354123,0.0
Michigan,4842,"Employment: Specialized freight trucking, (Ths. #, SA)",2031,9.629635948656055,9.639231814163477,-0.027708905465893663,-0.026740024126354123,-0.009595865507421308
Michigan,4842,"Employment: Specialized freight trucking, (Ths. #, SA)",2032,9.328675065134084,9.381478522893225,-0.03125360970307245,-0.026740024126354123,-0.052803457759141637
Michigan,4842,"Employment: Specialized freight trucking, (Ths. #, SA)",2033,9.018100912926217,9.130617560850188,-0.033292418273698665,-0.02674002412635401,-0.11251664792397165
Michigan,4842,"Employment: Specialized freight trucking, (Ths. #, SA)",2034,8.718394190967638,8.886464626984543,-0.03323390643466739,-0.02674002412635401,-0.16807043601690452
Michigan,5413,"Employment: Architectural; engineering; and related services, (Ths. #, SA)",2024,85.22514095498168,85.22514095498168,,,0.0
Michigan,5413,"Employment: Architectural; engineering; and related services, (Ths. #, SA)",2025,84.16635183586877,85.60824141991407,-0.0124234364091248,0.004495157891668988,-1.441889584045299
Michigan,5413,"Employment: Architectural; engineering; and related services, (Ths. #, SA)",2026,84.54281659024349,85.99306398192469,0.004472865297866946,0.004495157891668988,-1.4502473916812022
Michigan,5413,"Employment: Architectural; engineering; and related services, (Ths. #, SA)",2027,85.29102272755189,86.37961638211183,0.008850026146334233,0.004495157891668988,-1.0885936545599435
Michigan,5413,"Employment: Architectural; engineering; and related services, (Ths. #, SA)",2028,86.10945416004752,86.76790639637123,0.009595751186030066,0.004495157891668988,-0.6584522363237113
Michigan,5413,"Employment: Architectural; engineering; and related services, (Ths. #, SA)",2029,86.82983953235872,87.15794183555249,0.00836592659119928,0.00449515789166921,-0.32810230319377354
Michigan,5413,"Employment: Architectural; engineering; and related services, (Ths. #, SA)",2030,87.54973054561619,87.54973054561619,0.008290825102690524,0.004495157891668766,0.0
Michigan,5413,"Employment: Architectural; engineering; and related services, (Ths. #, SA)",2031,88.16381987397328,87.94328040779182,0.007014177251375209,0.00449515789166921,0.2205394661814637
Michigan,5413,"Employment: Architectural; engineering; and related services, (Ths. #, SA)",2032,88.4999498561859,88.33859933873615,0.003812561464477282,0.004495157891668766,0.1613505174497618
Michigan,5413,"Employment: Architectural; engineering; and related services, (Ths. #, SA)",2033,88.63363883060481,88.73569529069266,0.0015106107363467292,0.00449515789166921,-0.10205646008785152
Michigan,5413,"Employment: Architectural; engineering; and related services, (Ths. #, SA)",2034,88.75161226025693,89.13457625165135,0.0013310232007690548,0.004495157891668988,-0.38296399139441917
Michigan,5414,"Employment: Specialized design services, (Ths. #, SA)",2024,10.38962302546045,10.38962302546045,,,0.0
Michigan,5414,"Employment: Specialized design services, (Ths. #, SA)",2025,10.26945831632533,10.354528427587756,-0.011565839187875016,-0.0033778509371026333,-0.08507011126242503
Michigan,5414,"Employment: Specialized design services, (Ths. #, SA)",2026,10.12073458821827,10.319552374035371,-0.014482139517586368,-0.0033778509371027443,-0.19881778581710208
Michigan,5414,"Employment: Specialized design services, (Ths. #, SA)",2027,10.13241218894954,10.284694464378257,0.001153829361839609,-0.0033778509371026333,-0.15228227542871586
Michigan,5414,"Employment: Specialized design services, (Ths. #, SA)",2028,10.1543334934905,10.249954299543942,0.0021634832981691776,-0.0033778509371026333,-0.09562080605344292
Michigan,5414,"Employment: Specialized design services, (Ths. #, SA)",2029,10.1665974037772,10.215331481807969,0.0012077513797001949,-0.0033778509371026333,-0.04873407803076901
Michigan,5414,"Employment: Specialized design services, (Ths. #, SA)",2030,10.18082561478933,10.18082561478933,0.0013995056996005673,-0.0033778509371026333,0.0
Michigan,5414,"Employment: Specialized design services, (Ths. #, SA)",2031,10.1848777247976,10.146436303445935,0.0003980138901882313,-0.0033778509371026333,0.038441421351665284
Michigan,5414,"Employment: Specialized design services, (Ths. #, SA)",2032,10.15920977251146,10.112163154070087,-0.0025202023018543462,-0.0033778509371026333,0.0470466184413727
Michigan,5414,"Employment: Specialized design services, (Ths. #, SA)",2033,10.11303780686662,10.078005774283978,-0.004544838297341869,-0.0033778509371025223,0.03503203258264165
Michigan,5414,"Employment: Specialized design services, (Ths. #, SA)",2034,10.06795348718317,10.043963773035186,-0.004458039270142877,-0.0033778509371027443,0.023989714147983676
Michigan,5417,"Employment: Scientific research and development services, (Ths. #, SA)",2024,23.241098429384447,23.241098429384447,,,0.0
Michigan,5417,"Employment: Scientific research and development services, (Ths. #, SA)",2025,22.97978011234582,23.58896476691198,-0.011243802345771825,0.01496772360327503,-0.6091846545661603
Michigan,5417,"Employment: Scientific research and development services, (Ths. #, SA)",2026,23.40011157607198,23.942037871630518,0.018291361434756848,0.014967723603275251,-0.5419262955585396
Michigan,5417,"Employment: Scientific research and development services, (Ths. #, SA)",2027,23.90404085921531,24.300395676992228,0.021535336765600377,0.01496772360327503,-0.39635481777691695
Michigan,5417,"Employment: Scientific research and development services, (Ths. #, SA)",2028,24.426171887820033,24.664117282935674,0.02184279351260532,0.014967723603275251,-0.2379453951156414
Michigan,5417,"Employment: Scientific research and development services, (Ths. #, SA)",2029,24.918560391903434,25.033282973345415,0.02015823463229327,0.01496772360327503,-0.11472258144198122
Michigan,5417,"Employment: Scientific research and development services, (Ths. #, SA)",2030,25.40797423377302,25.40797423377302,0.01964053437166502,0.01496772360327503,0.0
Michigan,5417,"Employment: Scientific research and development services, (Ths. #, SA)",2031,25.86297664241172,25.78827376942327,0.017907858550718192,0.01496772360327503,0.0747028729884498
Michigan,5417,"Employment: Scientific research and development services, (Ths. #, SA)",2032,26.23118547132992,26.174265523409588,0.014236908381009217,0.01496772360327503,0.05691994792033128
Michigan,5417,"Employment: Scientific research and development services, (Ths. #, SA)",2033,26.532211197591632,26.566034695282717,0.011475871976534435,0.014967723603275251,-0.033823497691084725
Michigan,5417,"Employment: Scientific research and development services, (Ths. #, SA)",2034,26.82022884376294,26.963667759836724,0.010855395504972165,0.01496772360327503,-0.14343891607378367
Michigan,8111,"Employment: Automotive repair and maintenance, (Ths. #, SA)",2024,30.889639598671486,30.889639598671486,,,0.0
Michigan,8111,"Employment: Automotive repair and maintenance, (Ths. #, SA)",2025,31.586889608326366,31.20151131404173,0.02257229345223144,0.010096320948453474,0.3853782942846351
Michigan,8111,"Employment: Automotive repair and maintenance, (Ths. #, SA)",2026,31.78502900077302,31.5165317863451,0.006272836449031871,0.010096320948453474,0.2684972144279172
Michigan,8111,"Employment: Automotive repair and maintenance, (Ths. #, SA)",2027,31.83601946192304,31.834732806442176,0.0016042288697859508,0.010096320948453474,0.0012866554808645958
Michigan,8111,"Employment: Automotive repair and maintenance, (Ths. #, SA)",2028,32.01626660314231,32.156146486164275,0.005661736117319904,0.010096320948453474,-0.13987988302196186
Michigan,8111,"Employment: Automotive repair and maintenance, (Ths. #, SA)",2029,32.33684874104042,32.480805261554075,0.010013101835760096,0.010096320948453474,-0.1439565205136546
Michigan,8111,"Employment: Automotive repair and maintenance, (Ths. #, SA)",2030,32.80874189613894,32.80874189613894,0.014593047049127339,0.010096320948453474,0.0
Michigan,8111,"Employment: Automotive repair and maintenance, (Ths. #, SA)",2031,33.24715092504386,33.139989484237326,0.01336256752217957,0.010096320948453252,0.10716144080653578
Michigan,8111,"Employment: Automotive repair and maintenance, (Ths. #, SA)",2032,33.47809433909261,33.474581454298566,0.0069462617885487354,0.010096320948453696,0.0035128847940413266
Michigan,8111,"Employment: Automotive repair and maintenance, (Ths. #, SA)",2033,33.53001706904946,33.812551572276305,0.0015509464018750307,0.010096320948453252,-0.2825345032268487
Michigan,8111,"Employment: Automotive repair and maintenance, (Ths. #, SA)",2034,33.49343716246901,34.153933945036144,-0.0010909599749120424,0.010096320948453474,-0.6604967825671366
