Geography:,naics_code,metric,year,yoy_pct
Michigan,3252,employment,2024,-2.673128553637983
Michigan,3252,employment,2025,-0.39180118407181314
Michigan,3252,employment,2026,1.1363605011928912
Michigan,3252,employment,2027,-0.5518693209255544
Michigan,3252,employment,2028,-0.7008328730767363
Michigan,3252,employment,2029,-0.9956331333486362
Michigan,3252,employment,2030,-0.8700920269156788
Michigan,3252,gdp,2024,-0.7909581513789498
Michigan,3252,gdp,2025,-3.704681316290629
Michigan,3252,gdp,2026,6.273976421444829
Michigan,3252,gdp,2027,5.681726281288949
Michigan,3252,gdp,2028,6.80527661753613
Michigan,3252,gdp,2029,6.905146822143288
Michigan,3252,gdp,2030,6.877800057310303
Michigan,3252,wages,2024,2.141615971249158
Michigan,3252,wages,2025,0.9373876832976067
Michigan,3252,wages,2026,1.881795296689718
Michigan,3252,wages,2027,1.2971229386661727
Michigan,3252,wages,2028,0.88232064159916
Michigan,3252,wages,2029,1.3447078357454239
Michigan,3252,wages,2030,1.6219292652685873
Michigan,3255,employment,2024,-2.67312776831146
Michigan,3255,employment,2025,-0.23307068008392448
Michigan,3255,employment,2026,1.9270291882376969
Michigan,3255,employment,2027,0.2553405170592348
Michigan,3255,employment,2028,0.07784993081669637
Michigan,3255,employment,2029,-0.2458832778145751
Michigan,3255,employment,2030,-0.1464563792280463
Michigan,3255,gdp,2024,3.2788379814883037
Michigan,3255,gdp,2025,-1.136404497030669
Michigan,3255,gdp,2026,5.769341593998665
Michigan,3255,gdp,2027,4.549390968271525
Michigan,3255,gdp,2028,5.5191612838101
Michigan,3255,gdp,2029,5.709695298147341
Michigan,3255,gdp,2030,5.760934885703487
Michigan,3255,wages,2024,4.002643577937181
Michigan,3255,wages,2025,2.9700941976501136
Michigan,3255,wages,2026,2.2424506482235826
Michigan,3255,wages,2027,1.8446148949824726
Michigan,3255,wages,2028,1.4098968166063999
Michigan,3255,wages,2029,1.8557838014497563
Michigan,3255,wages,2030,2.115415195043582
Michigan,3261,employment,2024,-0.8390386589821506
Michigan,3261,employment,2025,-2.961000030262053
Michigan,3261,employment,2026,1.2387475297493387
Michigan,3261,employment,2027,-0.3094833907511009
Michigan,3261,employment,2028,-0.6805694799188694
Michigan,3261,employment,2029,-0.9666442867065602
Michigan,3261,employment,2030,-0.7831965267015305
Michigan,3261,gdp,2024,-2.175808462547318
Michigan,3261,gdp,2025,-3.456280971969018
Michigan,3261,gdp,2026,5.418508942053003
Michigan,3261,gdp,2027,3.5216112467378635
Michigan,3261,gdp,2028,3.2411347558868266
Michigan,3261,gdp,2029,3.167604472455338
Michigan,3261,gdp,2030,3.1011988964271233
Michigan,3261,wages,2024,4.062194489475507
Michigan,3261,wages,2025,1.489755571888068
Michigan,3261,wages,2026,3.061150989096718
Michigan,3261,wages,2027,2.7076143547312967
Michigan,3261,wages,2028,2.249196857935274
Michigan,3261,wages,2029,2.676092717746723
Michigan,3261,wages,2030,2.9141517938685926
Michigan,3262,employment,2024,-4.3223778421995895
Michigan,3262,employment,2025,-5.6534585320077015
Michigan,3262,employment,2026,-0.0815687054092959
Michigan,3262,employment,2027,-1.298198192789896
Michigan,3262,employment,2028,-1.6331079521537708
Michigan,3262,employment,2029,-1.8842035446701044
Michigan,3262,employment,2030,-1.6693555093105705
Michigan,3262,gdp,2024,-6.397235287724104
Michigan,3262,gdp,2025,-8.0811408057985
Michigan,3262,gdp,2026,3.0197843696356457
Michigan,3262,gdp,2027,1.5515739825043233
Michigan,3262,gdp,2028,1.2501754732830623
Michigan,3262,gdp,2029,1.2456716161407275
Michigan,3262,gdp,2030,1.2934386881865747
Michigan,3262,wages,2024,1.3339770878948123
Michigan,3262,wages,2025,-0.8874354642535005
Michigan,3262,wages,2026,1.2530027427829968
Michigan,3262,wages,2027,1.1739677640352675
Michigan,3262,wages,2028,0.7713702978528753
Michigan,3262,wages,2029,1.2445362055952303
Michigan,3262,wages,2030,1.5319262078895028
Michigan,3272,employment,2024,2.2341047691016263
Michigan,3272,employment,2025,1.6478546777959484
Michigan,3272,employment,2026,-2.699458948096305
Michigan,3272,employment,2027,-2.024432693434309
Michigan,3272,employment,2028,-1.8723706725460254
Michigan,3272,employment,2029,-1.8803266346392875
Michigan,3272,employment,2030,-1.6676039245709717
Michigan,3272,gdp,2024,-1.558456627712598
Michigan,3272,gdp,2025,-6.681240838534594
Michigan,3272,gdp,2026,1.0687414526903023
Michigan,3272,gdp,2027,0.8890036831926404
Michigan,3272,gdp,2028,1.2937862940945852
Michigan,3272,gdp,2029,1.6275381224955705
Michigan,3272,gdp,2030,1.8927363017015288
Michigan,3272,wages,2024,7.233179007650765
Michigan,3272,wages,2025,-0.010043341066941781
Michigan,3272,wages,2026,2.5337339596741977
Michigan,3272,wages,2027,2.1341033542944166
Michigan,3272,wages,2028,1.6817751011730135
Michigan,3272,wages,2029,2.1129977214573175
Michigan,3272,wages,2030,2.357944614318147
Michigan,3311,employment,2024,-0.6122291606162753
Michigan,3311,employment,2025,-1.671084822520634
Michigan,3311,employment,2026,-2.0197207723457105
Michigan,3311,employment,2027,-3.4468856672290875
Michigan,3311,employment,2028,-3.2755093970074576
Michigan,3311,employment,2029,-3.3454218093938817
Michigan,3311,employment,2030,-3.0847241968223407
Michigan,3311,gdp,2024,-7.1632120871115434
Michigan,3311,gdp,2025,-5.393772667373855
Michigan,3311,gdp,2026,-4.026196886895258
Michigan,3311,gdp,2027,-2.119188039422325
Michigan,3311,gdp,2028,-0.8027499905115026
Michigan,3311,gdp,2029,0.47428064039667184
Michigan,3311,gdp,2030,1.3835930782941757
Michigan,3311,wages,2024,2.379305092344765
Michigan,3311,wages,2025,1.1478603284707642
Michigan,3311,wages,2026,2.509980287400791
Michigan,3311,wages,2027,2.0504731955424886
Michigan,3311,wages,2028,1.6041609128043544
Michigan,3311,wages,2029,2.040085782663418
Michigan,3311,wages,2030,2.2897939845179844
Michigan,3312,employment,2024,-0.6122271302015174
Michigan,3312,employment,2025,-1.5801728806815396
Michigan,3312,employment,2026,-1.5729346888888478
Michigan,3312,employment,2027,-2.9888786691910134
Michigan,3312,employment,2028,-2.8324411550435085
Michigan,3312,employment,2029,-2.918014176454351
Michigan,3312,employment,2030,-2.6718250335132683
Michigan,3312,gdp,2024,-6.976447678040534
Michigan,3312,gdp,2025,-3.976542163456958
Michigan,3312,gdp,2026,-0.8205356443386145
Michigan,3312,gdp,2027,-0.24944017770694013
Michigan,3312,gdp,2028,0.4329248896156079
Michigan,3312,gdp,2029,1.575923261767102
Michigan,3312,gdp,2030,2.3653829444973824
Michigan,3312,wages,2024,2.760688823494506
Michigan,3312,wages,2025,2.0863555723280554
Michigan,3312,wages,2026,2.0873918689457107
Michigan,3312,wages,2027,1.8330666416899166
Michigan,3312,wages,2028,1.3946943933942624
Michigan,3312,wages,2029,1.837201737240574
Michigan,3312,wages,2030,2.0939220895224686
Michigan,3313,employment,2024,-0.612226916568624
Michigan,3313,employment,2025,-1.4100963669613817
Michigan,3313,employment,2026,-0.7338984484448894
Michigan,3313,employment,2027,-2.1287453142460753
Michigan,3313,employment,2028,-2.0005075801020515
Michigan,3313,employment,2029,-2.11562210204754
Michigan,3313,employment,2030,-1.8968047201083291
Michigan,3313,gdp,2024,10.04482131573948
Michigan,3313,gdp,2025,7.74788993317928
Michigan,3313,gdp,2026,10.686977768735858
Michigan,3313,gdp,2027,8.843175290860495
Michigan,3313,gdp,2028,7.419805918890813
Michigan,3313,gdp,2029,7.076299713696117
Michigan,3313,gdp,2030,6.739328791402125
Michigan,3313,wages,2024,5.009491047961897
Michigan,3313,wages,2025,2.860353805563396
Michigan,3313,wages,2026,2.659532650411512
Michigan,3313,wages,2027,2.1384233123093574
Michigan,3313,wages,2028,1.6888958707716233
Michigan,3313,wages,2029,2.1221547621540378
Michigan,3313,wages,2030,2.3690234097050715
Michigan,3314,employment,2024,-0.6122287887500856
Michigan,3314,employment,2025,-1.6593976873880145
Michigan,3314,employment,2026,-1.9623426616706179
Michigan,3314,employment,2027,-3.3880661876704345
Michigan,3314,employment,2028,-3.2186054072562835
Michigan,3314,employment,2029,-3.2905263026287304
Michigan,3314,employment,2030,-3.031689334942644
Michigan,3314,gdp,2024,15.591554066625443
Michigan,3314,gdp,2025,8.432974088708384
Michigan,3314,gdp,2026,7.075355216073445
Michigan,3314,gdp,2027,6.925020160378616
Michigan,3314,gdp,2028,6.873315622187204
Michigan,3314,gdp,2029,7.346914173448199
Michigan,3314,gdp,2030,7.508814658723
Michigan,3314,wages,2024,8.120183787915893
Michigan,3314,wages,2025,3.8495339204687293
Michigan,3314,wages,2026,3.015642424803217
Michigan,3314,wages,2027,2.505053164247371
Michigan,3314,wages,2028,2.042103913627621
Michigan,3314,wages,2029,2.4642302541062375
Michigan,3314,wages,2030,2.699244307118284
Michigan,3315,employment,2024,-5.781548423781309
Michigan,3315,employment,2025,-4.820525267253193
Michigan,3315,employment,2026,-2.544628422417008
Michigan,3315,employment,2027,-4.356669906590789
Michigan,3315,employment,2028,-4.1557799309210735
Michigan,3315,employment,2029,-4.1947293682618145
Michigan,3315,employment,2030,-3.9053507382078188
Michigan,3315,gdp,2024,2.062543730907011
Michigan,3315,gdp,2025,0.7079751471942268
Michigan,3315,gdp,2026,10.427960200494816
Michigan,3315,gdp,2027,8.723910657768325
Michigan,3315,gdp,2028,8.007439707370168
Michigan,3315,gdp,2029,8.226455466535382
Michigan,3315,gdp,2030,8.203412238997492
Michigan,3315,wages,2024,-1.0991221398344293
Michigan,3315,wages,2025,0.017161459642651818
Michigan,3315,wages,2026,1.060367485224666
Michigan,3315,wages,2027,0.5607139307016722
Michigan,3315,wages,2028,0.16859121738353067
Michigan,3315,wages,2029,0.6494023348516539
Michigan,3315,wages,2030,0.9469585661406407
Michigan,3321,employment,2024,-2.287011774339035
Michigan,3321,employment,2025,-1.0941208135755074
Michigan,3321,employment,2026,0.2498315443082689
Michigan,3321,employment,2027,-0.6052099801748645
Michigan,3321,employment,2028,-0.6125698751920773
Michigan,3321,employment,2029,-0.8050405396195578
Michigan,3321,employment,2030,-0.7567047154581299
Michigan,3321,gdp,2024,-2.2579690846952865
Michigan,3321,gdp,2025,-3.570371386017241
Michigan,3321,gdp,2026,2.003112710981911
Michigan,3321,gdp,2027,4.014443844036681
Michigan,3321,gdp,2028,3.5102363551504987
Michigan,3321,gdp,2029,3.7056918487030828
Michigan,3321,gdp,2030,3.857489247010426
Michigan,3321,wages,2024,0.3544632572684413
Michigan,3321,wages,2025,0.64369666271663
Michigan,3321,wages,2026,0.900185521145119
Michigan,3321,wages,2027,0.399872952928274
Michigan,3321,wages,2028,0.00606088902541662
Michigan,3321,wages,2029,0.48477713672497547
Michigan,3321,wages,2030,0.7811889611408361
Michigan,3326,employment,2024,-2.287010938977887
Michigan,3326,employment,2025,-0.975940006618301
Michigan,3326,employment,2026,0.8352746464790398
Michigan,3326,employment,2027,-0.0037639731890440177
Michigan,3326,employment,2028,-0.03159373322345349
Michigan,3326,employment,2029,-0.24511563647280185
Michigan,3326,employment,2030,-0.21677881305343286
Michigan,3326,gdp,2024,-5.149779783601988
Michigan,3326,gdp,2025,-4.987073277734426
Michigan,3326,gdp,2026,1.2855254431137033
Michigan,3326,gdp,2027,3.0805490883173023
Michigan,3326,gdp,2028,2.5538841221238986
Michigan,3326,gdp,2029,2.7733353787036448
Michigan,3326,gdp,2030,2.9506254191775243
Michigan,3326,wages,2024,-2.6423193080848084
Michigan,3326,wages,2025,-1.0142805422140555
Michigan,3326,wages,2026,1.1170928521379815
Michigan,3326,wages,2027,0.7277633840548356
Michigan,3326,wages,2028,0.3220547821377228
Michigan,3326,wages,2029,0.7909258545780957
Michigan,3326,wages,2030,1.076839542707416
Michigan,3327,employment,2024,-2.1587714408049745
Michigan,3327,employment,2025,-1.7196370920699402
Michigan,3327,employment,2026,-0.38686189047362296
Michigan,3327,employment,2027,-0.9363540924001699
Michigan,3327,employment,2028,-0.9324817337742156
Michigan,3327,employment,2029,-1.1133965403831385
Michigan,3327,employment,2030,-1.054082335570599
Michigan,3327,gdp,2024,-2.037100246342502
Michigan,3327,gdp,2025,-4.90707524128586
Michigan,3327,gdp,2026,3.3825484982819107
Michigan,3327,gdp,2027,5.071495118078903
Michigan,3327,gdp,2028,4.311115503105671
Michigan,3327,gdp,2029,4.4628796393691985
Michigan,3327,gdp,2030,4.56792647692658
Michigan,3327,wages,2024,3.4090842155345413
Michigan,3327,wages,2025,-0.989825369238731
Michigan,3327,wages,2026,0.9378220391117711
Michigan,3327,wages,2027,0.602026080107997
Michigan,3327,wages,2028,0.2008824536214334
Michigan,3327,wages,2029,0.6735318688856189
Michigan,3327,wages,2030,0.9634740569321262
Michigan,3328,employment,2024,-2.2870112968166154
Michigan,3328,employment,2025,-1.0528134601800754
Michigan,3328,employment,2026,0.45422888977981596
Michigan,3328,employment,2027,-0.395226405511996
Michigan,3328,employment,2028,-0.4097228663308364
Michigan,3328,employment,2029,-0.6095340053339088
Michigan,3328,employment,2030,-0.5681717821428319
Michigan,3328,gdp,2024,-1.700895848715272
Michigan,3328,gdp,2025,-3.1398243868382885
Michigan,3328,gdp,2026,3.5385103560268605
Michigan,3328,gdp,2027,4.957394250879139
Michigan,3328,gdp,2028,4.28345980817824
Michigan,3328,gdp,2029,4.442613095399993
Michigan,3328,gdp,2030,4.5540552776033545
Michigan,3328,wages,2024,1.645337904391685
Michigan,3328,wages,2025,0.8175872527052864
Michigan,3328,wages,2026,2.117660644340478
Michigan,3328,wages,2027,1.486473856092438
Michigan,3328,wages,2028,1.0531417732130433
Michigan,3328,wages,2029,1.4991357061611197
Michigan,3328,wages,2030,1.760669001647527
Michigan,3329,employment,2024,-2.2870099476905
Michigan,3329,employment,2025,-0.9581652345437208
Michigan,3329,employment,2026,0.9235069954720279
Michigan,3329,employment,2027,0.08688066947570547
Michigan,3329,employment,2028,0.05595817698550926
Michigan,3329,employment,2029,-0.1607433672777767
Michigan,3329,employment,2030,-0.13542722303104016
Michigan,3329,gdp,2024,1.0038547257881247
Michigan,3329,gdp,2025,-2.6329319405185374
Michigan,3329,gdp,2026,4.493408685048911
Michigan,3329,gdp,2027,5.550008940991784
Michigan,3329,gdp,2028,4.646730492751317
Michigan,3329,gdp,2029,4.775344594095163
Michigan,3329,gdp,2030,4.866134531943424
Michigan,3329,wages,2024,5.6046267056014525
Michigan,3329,wages,2025,1.5422937170087194
Michigan,3329,wages,2026,2.551530973718453
Michigan,3329,wages,2027,2.2474134531168803
Michigan,3329,wages,2028,1.786243233143693
Michigan,3329,wages,2029,2.2091588750079025
Michigan,3329,wages,2030,2.446116879182337
Michigan,3335,employment,2024,-3.4110403598532124
Michigan,3335,employment,2025,-2.4115567562132028
Michigan,3335,employment,2026,-1.1680824546090727
Michigan,3335,employment,2027,-0.8888541418829613
Michigan,3335,employment,2028,-0.9987843008558206
Michigan,3335,employment,2029,-1.2256781993458084
Michigan,3335,employment,2030,-1.1296153847822017
Michigan,3335,gdp,2024,0.7947715962923667
Michigan,3335,gdp,2025,-5.24736914212257
Michigan,3335,gdp,2026,0.4587649156895561
Michigan,3335,gdp,2027,1.495201578911126
Michigan,3335,gdp,2028,1.3122162867255645
Michigan,3335,gdp,2029,0.9300185739876924
Michigan,3335,gdp,2030,1.1065773106146617
Michigan,3335,wages,2024,0.46162247907538506
Michigan,3335,wages,2025,-1.5292483094279645
Michigan,3335,wages,2026,-0.039372427207279515
Michigan,3335,wages,2027,-0.4261754853050358
Michigan,3335,wages,2028,-0.8001145977932571
Michigan,3335,wages,2029,-0.30579632139260593
Michigan,3335,wages,2030,0.008908529730464484
Michigan,3336,employment,2024,-2.0854726536648847
Michigan,3336,employment,2025,-2.652894552491111
Michigan,3336,employment,2026,-0.6602633649337194
Michigan,3336,employment,2027,-0.020231070873163216
Michigan,3336,employment,2028,-0.16080537700135478
Michigan,3336,employment,2029,-0.41825483680466413
Michigan,3336,employment,2030,-0.3507955430478899
Michigan,3336,gdp,2024,7.408396256555433
Michigan,3336,gdp,2025,-1.9275017949356776
Michigan,3336,gdp,2026,1.5656578769662903
Michigan,3336,gdp,2027,2.712569319038247
Michigan,3336,gdp,2028,2.453164019938898
Michigan,3336,gdp,2029,2.009662581665512
Michigan,3336,gdp,2030,2.116774482172383
Michigan,3336,wages,2024,5.058839442346729
Michigan,3336,wages,2025,2.769096973813243
Michigan,3336,wages,2026,1.454267997145488
Michigan,3336,wages,2027,1.0600577912628473
Michigan,3336,wages,2028,0.6321701617818603
Michigan,3336,wages,2029,1.0818610591938556
Michigan,3336,wages,2030,1.3489931547635314
Michigan,3339,employment,2024,-2.0854742968054985
Michigan,3339,employment,2025,-2.4357562279632554
Michigan,3339,employment,2026,0.4381243165422844
Michigan,3339,employment,2027,1.120535259811799
Michigan,3339,employment,2028,0.9394349987718447
Michigan,3339,employment,2029,0.6416041989993031
Michigan,3339,employment,2030,0.6712571643783648
Michigan,3339,gdp,2024,5.638573934435284
Michigan,3339,gdp,2025,-3.6622859309218656
Michigan,3339,gdp,2026,2.381341027027275
Michigan,3339,gdp,2027,3.766578502272333
Michigan,3339,gdp,2028,3.4895870039510966
Michigan,3339,gdp,2029,3.0081627527149903
Michigan,3339,gdp,2030,3.091086702555217
Michigan,3339,wages,2024,3.4578845052236065
Michigan,3339,wages,2025,0.6770945078322804
Michigan,3339,wages,2026,2.2261131068747355
Michigan,3339,wages,2027,1.882999334597039
Michigan,3339,wages,2028,1.4250188989208674
Michigan,3339,wages,2029,1.8497774316422837
Michigan,3339,wages,2030,2.090363899061455
Michigan,3344,employment,2024,1.7445287601931387
Michigan,3344,employment,2025,-2.4319733006437185
Michigan,3344,employment,2026,-0.06560629539975557
Michigan,3344,employment,2027,0.16220912849867314
Michigan,3344,employment,2028,-0.17820629061286825
Michigan,3344,employment,2029,-0.38673994076783047
Michigan,3344,employment,2030,-0.30486615377407
Michigan,3344,gdp,2024,4.062135004782204
Michigan,3344,gdp,2025,4.0271486587983585
Michigan,3344,gdp,2026,6.845449089611738
Michigan,3344,gdp,2027,8.48467088131296
Michigan,3344,gdp,2028,7.457738217810338
Michigan,3344,gdp,2029,7.259740526391171
Michigan,3344,gdp,2030,6.7307435645637765
Michigan,3344,wages,2024,18.328219127697377
Michigan,3344,wages,2025,4.78583603414721
Michigan,3344,wages,2026,5.777720610915633
Michigan,3344,wages,2027,5.644400418997195
Michigan,3344,wages,2028,5.0355183673544275
Michigan,3344,wages,2029,5.336048878623105
Michigan,3344,wages,2030,5.447184907734851
Michigan,3345,employment,2024,1.7445302922275503
Michigan,3345,employment,2025,-2.4192039619128964
Michigan,3345,employment,2026,-0.0006402637481927255
Michigan,3345,employment,2027,0.22951281873992788
Michigan,3345,employment,2028,-0.11332053633115106
Michigan,3345,employment,2029,-0.3241975325788663
Michigan,3345,employment,2030,-0.24453210964620267
Michigan,3345,gdp,2024,-0.00684886443115301
Michigan,3345,gdp,2025,2.0793401778292204
Michigan,3345,gdp,2026,3.9294434217162513
Michigan,3345,gdp,2027,4.910602658125143
Michigan,3345,gdp,2028,4.298736808201559
Michigan,3345,gdp,2029,4.055478909900105
Michigan,3345,gdp,2030,3.4483694301744694
Michigan,3345,wages,2024,2.356858340042912
Michigan,3345,wages,2025,0.34564190764799496
Michigan,3345,wages,2026,2.6929309340477046
Michigan,3345,wages,2027,2.2756084609546368
Michigan,3345,wages,2028,1.791971180969389
Michigan,3345,wages,2029,2.196515335929795
Michigan,3345,wages,2030,2.4180647537713456
Michigan,3359,employment,2024,-2.7406141539569178
Michigan,3359,employment,2025,2.6535371280219286
Michigan,3359,employment,2026,-0.9937647829456605
Michigan,3359,employment,2027,0.20270797698098342
Michigan,3359,employment,2028,0.14126604649995242
Michigan,3359,employment,2029,-0.06386073931332278
Michigan,3359,employment,2030,-0.06136634227657332
Michigan,3359,gdp,2024,2.8979977664635865
Michigan,3359,gdp,2025,0.7114367863250297
Michigan,3359,gdp,2026,4.223703447348702
Michigan,3359,gdp,2027,3.9703963193964533
Michigan,3359,gdp,2028,4.0411109879604625
Michigan,3359,gdp,2029,3.1954466354329747
Michigan,3359,gdp,2030,3.077049892209992
Michigan,3359,wages,2024,3.5446842984825984
Michigan,3359,wages,2025,2.1868140193346237
Michigan,3359,wages,2026,4.6932887788115645
Michigan,3359,wages,2027,4.507519048205196
Michigan,3359,wages,2028,3.935254995384626
Michigan,3359,wages,2029,4.264054541915174
Michigan,3359,wages,2030,4.405341717438952
Michigan,3361,employment,2024,-0.6431078871500527
Michigan,3361,employment,2025,-0.8202475899422831
Michigan,3361,employment,2026,6.1131346918721015
Michigan,3361,employment,2027,5.19461451617518
Michigan,3361,employment,2028,5.046935402331696
Michigan,3361,employment,2029,4.7789045658736375
Michigan,3361,employment,2030,4.689409146000415
Michigan,3361,gdp,2024,3.4138676404703103
Michigan,3361,gdp,2025,3.1845905281766216
Michigan,3361,gdp,2026,3.2291173779514772
Michigan,3361,gdp,2027,9.723184329185708
Michigan,3361,gdp,2028,8.988122004680495
Michigan,3361,gdp,2029,8.270591943322529
Michigan,3361,gdp,2030,7.836522040899893
Michigan,3361,wages,2024,4.739959093731993
Michigan,3361,wages,2025,2.181959798839971
Michigan,3361,wages,2026,5.249942030220491
Michigan,3361,wages,2027,4.5741314930665915
Michigan,3361,wages,2028,4.010923450394058
Michigan,3361,wages,2029,4.347929265205774
Michigan,3361,wages,2030,4.495966660509158
Michigan,3362,employment,2024,-2.4865036321315643
Michigan,3362,employment,2025,0.6088012929042093
Michigan,3362,employment,2026,-0.8738499406209448
Michigan,3362,employment,2027,0.2195428024244917
Michigan,3362,employment,2028,0.24493351976496758
Michigan,3362,employment,2029,0.1490411070136356
Michigan,3362,employment,2030,0.22811659024891082
Michigan,3362,gdp,2024,3.480203155920699
Michigan,3362,gdp,2025,6.492220244702876
Michigan,3362,gdp,2026,-0.5288064180830854
Michigan,3362,gdp,2027,2.4793327150600946
Michigan,3362,gdp,2028,2.441982441278229
Michigan,3362,gdp,2029,2.6961666120014494
Michigan,3362,gdp,2030,2.9834323835210133
Michigan,3362,wages,2024,3.2857948582174195
Michigan,3362,wages,2025,2.859934446017582
Michigan,3362,wages,2026,3.1549645937784727
Michigan,3362,wages,2027,2.8010159368971346
Michigan,3362,wages,2028,2.3036334788565935
Michigan,3362,wages,2029,2.695332438688432
Michigan,3362,wages,2030,2.9014545666778826
Michigan,3363,employment,2024,-3.810519130716809
Michigan,3363,employment,2025,-4.169119011639788
Michigan,3363,employment,2026,-2.11036472354015
Michigan,3363,employment,2027,-0.915539503865138
Michigan,3363,employment,2028,-0.8515029278212917
Michigan,3363,employment,2029,-0.9088844542921968
Michigan,3363,employment,2030,-0.7920717033791432
Michigan,3363,gdp,2024,0.08078693808322517
Michigan,3363,gdp,2025,-2.232249034278213
Michigan,3363,gdp,2026,-3.581228676337331
Michigan,3363,gdp,2027,1.7289087493646764
Michigan,3363,gdp,2028,2.0824863486265723
Michigan,3363,gdp,2029,2.4361935809176005
Michigan,3363,gdp,2030,2.883789003066548
Michigan,3363,wages,2024,0.6250682994176668
Michigan,3363,wages,2025,-0.9879443501704835
Michigan,3363,wages,2026,1.000973340031731
Michigan,3363,wages,2027,0.7314101405639098
Michigan,3363,wages,2028,0.30995644945339523
Michigan,3363,wages,2029,0.7645877883990898
Michigan,3363,wages,2030,1.037673772446716
Michigan,4231,employment,2024,2.7679097820514613
Michigan,4231,employment,2025,1.6580119372897095
Michigan,4231,employment,2026,0.9507848597539516
Michigan,4231,employment,2027,0.5975558747415538
Michigan,4231,employment,2028,0.6451523867837657
Michigan,4231,employment,2029,0.5038329517273373
Michigan,4231,employment,2030,0.4504113156455121
Michigan,4231,gdp,2024,8.407074024078058
Michigan,4231,gdp,2025,12.715204207331976
Michigan,4231,gdp,2026,6.847715481773964
Michigan,4231,gdp,2027,3.76577505838908
Michigan,4231,gdp,2028,3.393860111858651
Michigan,4231,gdp,2029,3.041949260015553
Michigan,4231,gdp,2030,2.7169071520623325
Michigan,4231,wages,2024,5.179067409867187
Michigan,4231,wages,2025,3.346585625600896
Michigan,4231,wages,2026,3.4006362609497085
Michigan,4231,wages,2027,2.9958229271789913
Michigan,4231,wages,2028,2.4699220800167203
Michigan,4231,wages,2029,2.816920706366729
Michigan,4231,wages,2030,3.302790556112873
Michigan,4235,employment,2024,0.6652369639653841
Michigan,4235,employment,2025,0.8176573408733468
Michigan,4235,employment,2026,0.2773721463732965
Michigan,4235,employment,2027,-0.1620868892979465
Michigan,4235,employment,2028,-0.08934121046932068
Michigan,4235,employment,2029,-0.20433130543235375
Michigan,4235,employment,2030,-0.23205739898944075
Michigan,4235,gdp,2024,-3.443354686452498
Michigan,4235,gdp,2025,9.075987936677349
Michigan,4235,gdp,2026,7.24515154907593
Michigan,4235,gdp,2027,3.9576870579679313
Michigan,4235,gdp,2028,3.5924684472814485
Michigan,4235,gdp,2029,3.22855345617536
Michigan,4235,gdp,2030,2.889868594823272
Michigan,4235,wages,2024,-2.4056333953238878
Michigan,4235,wages,2025,4.2828436020868965
Michigan,4235,wages,2026,3.1819254274675544
Michigan,4235,wages,2027,2.617896411839708
Michigan,4235,wages,2028,2.105755322586561
Michigan,4235,wages,2029,2.4640062074636178
Michigan,4235,wages,2030,2.961374610432082
Michigan,4238,employment,2024,0.6652385776189731
Michigan,4238,employment,2025,0.8884500583333448
Michigan,4238,employment,2026,0.6224533129465553
Michigan,4238,employment,2027,0.19334806156212397
Michigan,4238,employment,2028,0.2543440443282726
Michigan,4238,employment,2029,0.1270506254830734
Michigan,4238,employment,2030,0.08731664272937713
Michigan,4238,gdp,2024,1.0341357422059827
Michigan,4238,gdp,2025,9.099557050204238
Michigan,4238,gdp,2026,6.029289397697246
Michigan,4238,gdp,2027,2.840732523914107
Michigan,4238,gdp,2028,2.5138938738918717
Michigan,4238,gdp,2029,2.1845239284683933
Michigan,4238,gdp,2030,1.8761166393639555
Michigan,4238,wages,2024,3.651995902983348
Michigan,4238,wages,2025,3.6421596801064617
Michigan,4238,wages,2026,3.3652654749784383
Michigan,4238,wages,2027,3.009094060896098
Michigan,4238,wages,2028,2.4827094546276958
Michigan,4238,wages,2029,2.8293123784894187
Michigan,4238,wages,2030,3.314777891993003
Michigan,4239,employment,2024,0.6652394690534021
Michigan,4239,employment,2025,0.8574887186226167
Michigan,4239,employment,2026,0.4714469607267038
Michigan,4239,employment,2027,0.03781036151325071
Michigan,4239,employment,2028,0.10395179425735707
Michigan,4239,employment,2029,-0.017954217514224047
Michigan,4239,employment,2030,-0.05243031713780297
Michigan,4239,gdp,2024,-1.418448459456574
Michigan,4239,gdp,2025,9.179054441173845
Michigan,4239,gdp,2026,7.261444318958533
Michigan,4239,gdp,2027,3.922486087915686
Michigan,4239,gdp,2028,3.5552696164691393
Michigan,4239,gdp,2029,3.1984795163002446
Michigan,4239,gdp,2030,2.853303150983585
Michigan,4239,wages,2024,0.9167415965835621
Michigan,4239,wages,2025,4.435539855207904
Michigan,4239,wages,2026,3.311904384586326
Michigan,4239,wages,2027,2.8497996841510846
Michigan,4239,wages,2028,2.329219093678927
Michigan,4239,wages,2029,2.6805691020568267
Michigan,4239,wages,2030,3.1708853990722146
Michigan,4247,employment,2024,-0.03064190180029643
Michigan,4247,employment,2025,0.23076270481183803
Michigan,4247,employment,2026,-0.6754824096163635
Michigan,4247,employment,2027,-1.103807492905856
Michigan,4247,employment,2028,-1.0027188639175388
Michigan,4247,employment,2029,-1.087559468119525
Michigan,4247,employment,2030,-1.085609115144035
Michigan,4247,gdp,2024,1.3448623119603804
Michigan,4247,gdp,2025,8.716551474217708
Michigan,4247,gdp,2026,5.480625756876419
Michigan,4247,gdp,2027,2.6918297905536956
Michigan,4247,gdp,2028,2.376969040695041
Michigan,4247,gdp,2029,2.044877014201787
Michigan,4247,gdp,2030,1.7286391214128245
Michigan,4247,wages,2024,3.641604760721577
Michigan,4247,wages,2025,2.243597113751764
Michigan,4247,wages,2026,2.403239242225922
Michigan,4247,wages,2027,2.2868885371531746
Michigan,4247,wages,2028,1.7787536009997829
Michigan,4247,wages,2029,2.1395099042045818
Michigan,4247,wages,2030,2.64007510980483
Michigan,4411,employment,2024,0.10733304176779744
Michigan,4411,employment,2025,0.8198890292065393
Michigan,4411,employment,2026,0.0007245995570093275
Michigan,4411,employment,2027,-0.2777649160106581
Michigan,4411,employment,2028,-0.10470210499539447
Michigan,4411,employment,2029,-0.010339638387702904
Michigan,4411,employment,2030,0.18044110992999857
Michigan,4411,gdp,2024,-0.5193565234015205
Michigan,4411,gdp,2025,6.055507610229408
Michigan,4411,gdp,2026,6.582924468092292
Michigan,4411,gdp,2027,4.14990169160312
Michigan,4411,gdp,2028,4.138294058822614
Michigan,4411,gdp,2029,4.27853310560828
Michigan,4411,gdp,2030,4.15768505816343
Michigan,4411,wages,2024,1.4874052733228418
Michigan,4411,wages,2025,4.215846327948261
Michigan,4411,wages,2026,3.8121767142063208
Michigan,4411,wages,2027,2.968503473730768
Michigan,4411,wages,2028,2.5149791148952847
Michigan,4411,wages,2029,3.0977708272075586
Michigan,4411,wages,2030,3.5096523325856888
Michigan,4413,employment,2024,0.10733260439538123
Michigan,4413,employment,2025,0.8508450735641713
Michigan,4413,employment,2026,0.15195712722403
Michigan,4413,employment,2027,-0.12163467106589408
Michigan,4413,employment,2028,0.04640747637086053
Michigan,4413,employment,2029,0.13561666875331738
Michigan,4413,employment,2030,0.32133191661414046
Michigan,4413,gdp,2024,2.9935964363169276
Michigan,4413,gdp,2025,8.800531945744023
Michigan,4413,gdp,2026,7.071023655064988
Michigan,4413,gdp,2027,4.2773034730434585
Michigan,4413,gdp,2028,4.260589102707032
Michigan,4413,gdp,2029,4.396119140062148
Michigan,4413,gdp,2030,4.281392257954996
Michigan,4413,wages,2024,5.104876879736319
Michigan,4413,wages,2025,6.021505514469177
Michigan,4413,wages,2026,3.8847008123677216
Michigan,4413,wages,2027,2.9292524586164403
Michigan,4413,wages,2028,2.477144339893076
Michigan,4413,wages,2029,3.061088399281298
Michigan,4413,wages,2030,3.474195194508569
Michigan,4571,employment,2024,1.1650711227263593
Michigan,4571,employment,2025,1.1658497002752402
Michigan,4571,employment,2026,0.05089686321998045
Michigan,4571,employment,2027,-0.07414479019954538
Michigan,4571,employment,2028,0.0926534463034962
Michigan,4571,employment,2029,0.18055043283351144
Michigan,4571,employment,2030,0.3649534812349213
Michigan,4571,gdp,2024,4.295801141946569
Michigan,4571,gdp,2025,3.3203224704130974
Michigan,4571,gdp,2026,-1.7779856149471758
Michigan,4571,gdp,2027,-3.659482171683566
Michigan,4571,gdp,2028,-3.4059331025660735
Michigan,4571,gdp,2029,-3.007047911519976
Michigan,4571,gdp,2030,-2.8334676715366607
Michigan,4571,wages,2024,3.5330240749871926
Michigan,4571,wages,2025,4.363026438237039
Michigan,4571,wages,2026,4.43910689118723
Michigan,4571,wages,2027,3.7664431435177637
Michigan,4571,wages,2028,3.28447948419621
Michigan,4571,wages,2029,3.844253272783116
Michigan,4571,wages,2030,4.231522730354113
Michigan,4841,employment,2024,-5.6497223000829
Michigan,4841,employment,2025,1.3021604761823669
Michigan,4841,employment,2026,-1.1696002656242956
Michigan,4841,employment,2027,-2.4236583755107683
Michigan,4841,employment,2028,-2.34626619247874
Michigan,4841,employment,2029,-2.3267196820827127
Michigan,4841,employment,2030,-2.2206063138345367
Michigan,4841,gdp,2024,-3.8178957983481547
Michigan,4841,gdp,2025,-1.4631123741383054
Michigan,4841,gdp,2026,0.9801580180759467
Michigan,4841,gdp,2027,2.900619067767651
Michigan,4841,gdp,2028,1.9478436148667562
Michigan,4841,gdp,2029,1.4178719164675162
Michigan,4841,gdp,2030,1.2463200807360861
Michigan,4841,wages,2024,-2.8300087965627805
Michigan,4841,wages,2025,0.7136646656637362
Michigan,4841,wages,2026,1.5214775391768214
Michigan,4841,wages,2027,0.782874760099201
Michigan,4841,wages,2028,0.17053185461930886
Michigan,4841,wages,2029,0.6624844296150939
Michigan,4841,wages,2030,1.0267892953904911
Michigan,4842,employment,2024,0.6891493473979617
Michigan,4842,employment,2025,-1.4934897549567445
Michigan,4842,employment,2026,-2.8254295699167873
Michigan,4842,employment,2027,-2.8378699352438153
Michigan,4842,employment,2028,-2.7466806124841514
Michigan,4842,employment,2029,-2.7132262382103405
Michigan,4842,employment,2030,-2.5934092120924688
Michigan,4842,gdp,2024,4.080860562085331
Michigan,4842,gdp,2025,-1.6395459475682432
Michigan,4842,gdp,2026,0.8567349353345701
Michigan,4842,gdp,2027,3.908253343783072
Michigan,4842,gdp,2028,2.92795913026677
Michigan,4842,gdp,2029,2.3515900824552514
Michigan,4842,gdp,2030,2.1293133790305827
Michigan,4842,wages,2024,3.7654676965894924
Michigan,4842,wages,2025,3.35795277081111
Michigan,4842,wages,2026,1.2700801434336164
Michigan,4842,wages,2027,0.41714915566814903
Michigan,4842,wages,2028,-0.1814026953102272
Michigan,4842,wages,2029,0.32173190425643766
Michigan,4842,wages,2030,0.6976751934835523
Michigan,5413,employment,2024,-4.1426116701628475
Michigan,5413,employment,2025,-1.3352333983392677
Michigan,5413,employment,2026,0.18705384733663855
Michigan,5413,employment,2027,0.450923802464724
Michigan,5413,employment,2028,0.57225836449717
Michigan,5413,employment,2029,0.7624742866461683
Michigan,5413,employment,2030,0.8615241840239868
Michigan,5413,gdp,2024,0.22970649312512403
Michigan,5413,gdp,2025,3.1238147910411884
Michigan,5413,gdp,2026,5.465406688049821
Michigan,5413,gdp,2027,5.397570657599302
Michigan,5413,gdp,2028,5.282721058643889
Michigan,5413,gdp,2029,5.076538123635415
Michigan,5413,gdp,2030,4.915073387299312
Michigan,5413,wages,2024,-0.8806680175353755
Michigan,5413,wages,2025,3.419297635262572
Michigan,5413,wages,2026,3.3288907434596857
Michigan,5413,wages,2027,3.189144927999521
Michigan,5413,wages,2028,2.479059622985835
Michigan,5413,wages,2029,2.3318693910993686
Michigan,5413,wages,2030,3.0202950768693464
Michigan,5414,employment,2024,12.620012828028123
Michigan,5414,employment,2025,-1.248308279510777
Michigan,5414,employment,2026,-1.7047762764737302
Michigan,5414,employment,2027,-0.3167527549114177
Michigan,5414,employment,2028,-0.17062200552441914
Michigan,5414,employment,2029,0.04387325379489377
Michigan,5414,employment,2030,0.1682188721674245
Michigan,5414,gdp,2024,18.011341420695548
Michigan,5414,gdp,2025,0.7767388503513701
Michigan,5414,gdp,2026,1.1463682738741756
Michigan,5414,gdp,2027,2.304384021639999
Michigan,5414,gdp,2028,2.2874469181283095
Michigan,5414,gdp,2029,2.196672207317903
Michigan,5414,gdp,2030,2.1479567526973753
Michigan,5414,wages,2024,19.999023209004445
Michigan,5414,wages,2025,-0.09212858759792789
Michigan,5414,wages,2026,2.831563927231794
Michigan,5414,wages,2027,2.961522571166222
Michigan,5414,wages,2028,2.2602718237903456
Michigan,5414,wages,2029,2.120734998722078
Michigan,5414,wages,2030,2.8157204206750315
Michigan,5417,employment,2024,0.8897789279208748
Michigan,5417,employment,2025,-1.2178083594025892
Michigan,5417,employment,2026,1.5657642717359268
Michigan,5417,employment,2027,1.7162719849996868
Michigan,5417,employment,2028,1.7964248013538773
Michigan,5417,employment,2029,1.9463316848462178
Michigan,5417,employment,2030,2.003414882370766
Michigan,5417,gdp,2024,5.794613787325836
Michigan,5417,gdp,2025,2.6874784332166395
Michigan,5417,gdp,2026,5.263640482698406
Michigan,5417,gdp,2027,5.416493772074823
Michigan,5417,gdp,2028,5.317187557702047
Michigan,5417,gdp,2029,5.111691200638272
Michigan,5417,gdp,2030,4.940020414533728
Michigan,5417,wages,2024,5.980943658464594
Michigan,5417,wages,2025,1.8959530420881263
Michigan,5417,wages,2026,4.849263636570054
Michigan,5417,wages,2027,5.051115224322715
Michigan,5417,wages,2028,4.268328830347582
Michigan,5417,wages,2029,4.0581208937791615
Michigan,5417,wages,2030,4.692469256787978
Michigan,8111,employment,2024,0.6912143951569406
Michigan,8111,employment,2025,1.7240045674148843
Michigan,8111,employment,2026,-0.03845998910332527
Michigan,8111,employment,2027,0.20621297665498642
Michigan,8111,employment,2028,0.5911979507096696
Michigan,8111,employment,2029,0.9967347481700886
Michigan,8111,employment,2030,1.3941586735845604
Michigan,8111,gdp,2024,6.603765312819064
Michigan,8111,gdp,2025,2.338806613855106
Michigan,8111,gdp,2026,0.3835500032345192
Michigan,8111,gdp,2027,1.0061784095230382
Michigan,8111,gdp,2028,1.8437856670624717
Michigan,8111,gdp,2029,2.4027321195070988
Michigan,8111,gdp,2030,2.7891567320265556
Michigan,8111,wages,2024,5.380848997230669
Michigan,8111,wages,2025,3.909425323745308
Michigan,8111,wages,2026,4.587795233091862
Michigan,8111,wages,2027,5.095877421208915
Michigan,8111,wages,2028,4.8972534247201915
Michigan,8111,wages,2029,5.374293827684301
Michigan,8111,wages,2030,6.049430711513808
United States,3252,employment,2024,-2.210316161856646
United States,3252,employment,2025,1.1039772956602962
United States,3252,employment,2026,0.6183348939178318
United States,3252,employment,2027,-0.6031699053743991
United States,3252,employment,2028,-0.6523034972881978
United States,3252,employment,2029,-0.8071636104561443
United States,3252,employment,2030,-0.7413096322619919
United States,3252,gdp,2024,4.450706962732619
United States,3252,gdp,2025,3.794706053608992
United States,3252,gdp,2026,9.572079117178555
United States,3252,gdp,2027,7.148564833771568
United States,3252,gdp,2028,7.520285342334536
United States,3252,gdp,2029,7.5988614226787865
United States,3252,gdp,2030,7.686277282513863
United States,3252,wages,2024,2.0423786411511977
United States,3252,wages,2025,3.5879667448149384
United States,3252,wages,2026,2.550800555881153
United States,3252,wages,2027,1.8541425521796913
United States,3252,wages,2028,1.4762138305619308
United States,3252,wages,2029,1.9434678224901227
United States,3252,wages,2030,2.2250819120441467
United States,3255,employment,2024,-1.4945354403816746
United States,3255,employment,2025,2.5108195929417985
United States,3255,employment,2026,1.2337570101649418
United States,3255,employment,2027,0.2036394280441574
United States,3255,employment,2028,0.12688343380897704
United States,3255,employment,2029,-0.05596573528213835
United States,3255,employment,2030,-0.0167845913134625
United States,3255,gdp,2024,6.873822791303623
United States,3255,gdp,2025,5.472329306531796
United States,3255,gdp,2026,8.055879196735264
United States,3255,gdp,2027,5.776192918417722
United States,3255,gdp,2028,6.207093828936023
United States,3255,gdp,2029,6.36714311579742
United States,3255,gdp,2030,6.519360298890864
United States,3255,wages,2024,4.660524502270644
United States,3255,wages,2025,5.674051392372735
United States,3255,wages,2026,2.913824145295297
United States,3255,wages,2027,2.4046450950661358
United States,3255,wages,2028,2.0068958411110014
United States,3255,wages,2029,2.457563302927751
United States,3255,wages,2030,2.7214968094823497
United States,3261,employment,2024,-1.6907918192390798
United States,3261,employment,2025,-0.3267398530318132
United States,3261,employment,2026,0.551657036759049
United States,3261,employment,2027,-0.23574023175246306
United States,3261,employment,2028,-0.5114423204756454
United States,3261,employment,2029,-0.6618889605292837
United States,3261,employment,2030,-0.5422173271794792
United States,3261,gdp,2024,-0.38471648023096583
United States,3261,gdp,2025,0.13602958986882344
United States,3261,gdp,2026,7.27821899749954
United States,3261,gdp,2027,4.777586124982537
United States,3261,gdp,2028,4.138128384899885
United States,3261,gdp,2029,4.036348722991179
United States,3261,gdp,2030,4.02607229934199
United States,3261,wages,2024,2.2441915725538326
United States,3261,wages,2025,3.049127808080133
United States,3261,wages,2026,3.608671645907588
United States,3261,wages,2027,3.13679323371464
United States,3261,wages,2028,2.710949418093274
United States,3261,wages,2029,3.1380010929177513
United States,3261,wages,2030,3.3770520106277067
United States,3262,employment,2024,-2.167952656329436
United States,3262,employment,2025,-3.064716343953648
United States,3262,employment,2026,-0.7288964530219506
United States,3262,employment,2027,-1.2251992627079635
United States,3262,employment,2028,-1.465746641543699
United States,3262,employment,2029,-1.582290980035836
United States,3262,employment,2030,-1.430460992231963
United States,3262,gdp,2024,0.04729365275718794
United States,3262,gdp,2025,-2.205291024753217
United States,3262,gdp,2026,5.474301754110254
United States,3262,gdp,2027,3.2816864168735314
United States,3262,gdp,2028,2.7031734870615436
United States,3262,gdp,2029,2.6529809021068687
United States,3262,gdp,2030,2.6937954642549107
United States,3262,wages,2024,2.687602717025207
United States,3262,wages,2025,0.6354116499595507
United States,3262,wages,2026,1.7909174665537737
United States,3262,wages,2027,1.5967380750786009
United States,3262,wages,2028,1.2264490628265927
United States,3262,wages,2029,1.7000044453365386
United States,3262,wages,2030,1.9886092765479302
United States,3272,employment,2024,-4.741072950572031
United States,3272,employment,2025,-0.7018075429082435
United States,3272,employment,2026,-1.1846219745635869
United States,3272,employment,2027,-1.530965635560177
United States,3272,employment,2028,-1.4124695868750192
United States,3272,employment,2029,-1.391668561231825
United States,3272,employment,2030,-1.1946742054451949
United States,3272,gdp,2024,-3.316417615246602
United States,3272,gdp,2025,-5.446564420593548
United States,3272,gdp,2026,0.26925988033513587
United States,3272,gdp,2027,0.25432900657211166
United States,3272,gdp,2028,0.6189644721749393
United States,3272,gdp,2029,1.036070981826779
United States,3272,gdp,2030,1.4259051786402692
United States,3272,wages,2024,-1.2822829855227278
United States,3272,wages,2025,0.23539237203306557
United States,3272,wages,2026,1.5860697678952786
United States,3272,wages,2027,1.034489466424269
United States,3272,wages,2028,0.6707156715055819
United States,3272,wages,2029,1.1489523424228887
United States,3272,wages,2030,1.4448540082180144
United States,3311,employment,2024,0.6378176832236662
United States,3311,employment,2025,0.23699571347450427
United States,3311,employment,2026,-1.8771751660701632
United States,3311,employment,2027,-3.139294057595231
United States,3311,employment,2028,-2.9939502765838
United States,3311,employment,2029,-3.028587568191657
United States,3311,employment,2030,-2.776389137765232
United States,3311,gdp,2024,-14.851924446581915
United States,3311,gdp,2025,-6.862205430527379
United States,3311,gdp,2026,0.14474905838342747
United States,3311,gdp,2027,-0.911744493542895
United States,3311,gdp,2028,-0.7534919255755423
United States,3311,gdp,2029,0.3485408110464443
United States,3311,gdp,2030,1.168730562836831
United States,3311,wages,2024,2.871565560823101
United States,3311,wages,2025,3.374738491969394
United States,3311,wages,2026,2.863998214553077
United States,3311,wages,2027,2.305541510375122
United States,3311,wages,2028,1.9085658626786568
United States,3311,wages,2029,2.3597131876875723
United States,3311,wages,2030,2.6246181045184604
United States,3312,employment,2024,0.2235560769904979
United States,3312,employment,2025,1.3478138004199476
United States,3312,employment,2026,-1.6359856297802016
United States,3312,employment,2027,-2.6798673318572734
United States,3312,employment,2028,-2.5495845866852624
United States,3312,employment,2029,-2.5997806415706024
United States,3312,employment,2030,-2.362174428005085
United States,3312,gdp,2024,-14.886538206023243
United States,3312,gdp,2025,-5.83193484165294
United States,3312,gdp,2026,1.217490268054367
United States,3312,gdp,2027,0.34457769572519814
United States,3312,gdp,2028,0.41494163437262405
United States,3312,gdp,2029,1.4438533368607003
United States,3312,gdp,2030,2.1895167935267046
United States,3312,wages,2024,2.829747129273077
United States,3312,wages,2025,4.333895710863044
United States,3312,wages,2026,2.439950388189429
United States,3312,wages,2027,2.0875915634192856
United States,3312,wages,2028,1.6984717838775545
United States,3312,wages,2029,2.1561936341655414
United States,3312,wages,2030,2.4281050640838933
United States,3313,employment,2024,-0.5437398307099653
United States,3313,employment,2025,1.2027059814342302
United States,3313,employment,2026,-0.5258074874347816
United States,3313,employment,2027,-1.8170682031049408
United States,3313,employment,2028,-1.7152147161859508
United States,3313,employment,2029,-1.7947616318728024
United States,3313,employment,2030,-1.5846847622257885
United States,3313,gdp,2024,-0.17347781284623026
United States,3313,gdp,2025,3.974902093429806
United States,3313,gdp,2026,11.601791980969303
United States,3313,gdp,2027,8.733140956361268
United States,3313,gdp,2028,6.896119643921053
United States,3313,gdp,2029,6.581354751603308
United States,3313,gdp,2030,6.306723852244373
United States,3313,wages,2024,4.275583690958914
United States,3313,wages,2025,5.124934341775439
United States,3313,wages,2026,3.0140670562266356
United States,3313,wages,2027,2.3937114525614716
United States,3313,wages,2028,1.9935546856490793
United States,3313,wages,2029,2.4420392376691726
United States,3313,wages,2030,2.7041068705599356
United States,3314,employment,2024,-0.5437400073684502
United States,3314,employment,2025,0.9469626811504255
United States,3314,employment,2026,-1.757373408140319
United States,3314,employment,2027,-3.080292240080897
United States,3314,employment,2028,-2.9368796560064587
United States,3314,employment,2029,-2.9735123380491104
United States,3314,employment,2030,-2.723185301350092
United States,3314,gdp,2024,2.783681762599781
United States,3314,gdp,2025,4.141099144594879
United States,3314,gdp,2026,8.365734008402288
United States,3314,gdp,2027,6.992818199924332
United States,3314,gdp,2028,6.436471893985719
United States,3314,gdp,2029,6.908109004471706
United States,3314,gdp,2030,7.128884291199457
United States,3314,wages,2024,7.364537834225075
United States,3314,wages,2025,6.135892313280989
United States,3314,wages,2026,3.371406654717575
United States,3314,wages,2027,2.761257671230334
United States,3314,wages,2028,2.3478209359211126
United States,3314,wages,2029,2.785186236970394
United States,3314,wages,2030,3.0354086766062096
United States,3315,employment,2024,-1.2505830495452583
United States,3315,employment,2025,-0.17663806226622886
United States,3315,employment,2026,-2.7697216003228933
United States,3315,employment,2027,-4.051898954373135
United States,3315,employment,2028,-3.8767983925939062
United States,3315,employment,2029,-3.8806757085474928
United States,3315,employment,2030,-3.5996302452518343
United States,3315,gdp,2024,-1.5270503780990743
United States,3315,gdp,2025,1.0008631804503971
United States,3315,gdp,2026,10.073076038614035
United States,3315,gdp,2027,8.48268252934939
United States,3315,gdp,2028,7.530898341010415
United States,3315,gdp,2029,7.728405069439893
United States,3315,gdp,2030,7.725883754823798
United States,3315,wages,2024,2.861685314780987
United States,3315,wages,2025,2.2191460800419858
United States,3315,wages,2026,1.4093791786623013
United States,3315,wages,2027,0.812058692146583
United States,3315,wages,2028,0.46869521622147314
United States,3315,wages,2029,0.9646736033807739
United States,3315,wages,2030,1.2773871969163857
United States,3321,employment,2024,-0.027515642567931632
United States,3321,employment,2025,0.2414968119775799
United States,3321,employment,2026,-0.37387715538048005
United States,3321,employment,2027,-0.43598422505728257
United States,3321,employment,2028,-0.4687596211920995
United States,3321,employment,2029,-0.6233289785752845
United States,3321,employment,2030,-0.582263366394344
United States,3321,gdp,2024,-0.9762555629002755
United States,3321,gdp,2025,-1.0627662978376173
United States,3321,gdp,2026,1.5695898165045403
United States,3321,gdp,2027,3.1266398426941353
United States,3321,gdp,2028,2.448219262156229
United States,3321,gdp,2029,2.721256720401942
United States,3321,gdp,2030,2.990758567790405
United States,3321,wages,2024,1.3737157689146464
United States,3321,wages,2025,2.3022708733534274
United States,3321,wages,2026,1.036350425703552
United States,3321,wages,2027,0.46715902378181434
United States,3321,wages,2028,0.12499143931726168
United States,3321,wages,2029,0.6211226301195545
United States,3321,wages,2030,0.9357288487129172
United States,3326,employment,2024,0.28237977822134125
United States,3326,employment,2025,0.43666937352348906
United States,3326,employment,2026,0.10751293352477677
United States,3326,employment,2027,0.16643727883348236
United States,3326,employment,2028,0.1130704503332298
United States,3326,employment,2029,-0.06237747291296976
United States,3326,employment,2030,-0.04138254114403825
United States,3326,gdp,2024,-3.6355128168970317
United States,3326,gdp,2025,-2.976460058715992
United States,3326,gdp,2026,0.5144374387383503
United States,3326,gdp,2027,2.1324037440471844
United States,3326,gdp,2028,1.494699162852242
United States,3326,gdp,2029,1.7986850410860709
United States,3326,gdp,2030,2.1004025761391385
United States,3326,wages,2024,-1.3486490514235905
United States,3326,wages,2025,0.6169707627156975
United States,3326,wages,2026,1.2535504733636147
United States,3326,wages,2027,0.7952692007918041
United States,3326,wages,2028,0.44136112292932794
United States,3326,wages,2029,0.9276867541583053
United States,3326,wages,2030,1.2318327867848766
United States,3327,employment,2024,-2.7684527148520317
United States,3327,employment,2025,-2.3213317785389993
United States,3327,employment,2026,-0.8524954486196261
United States,3327,employment,2027,-0.7676655423562349
United States,3327,employment,2028,-0.7891416529983203
United States,3327,employment,2029,-0.9322503389411334
United States,3327,employment,2030,-0.8801669156529794
United States,3327,gdp,2024,-0.8897768515454815
United States,3327,gdp,2025,-2.5607489729272808
United States,3327,gdp,2026,2.193631231565983
United States,3327,gdp,2027,3.945724637818085
United States,3327,gdp,2028,3.2335843497598535
United States,3327,gdp,2029,3.480960763418859
United States,3327,gdp,2030,3.7237658218883065
United States,3327,wages,2024,1.4622468694606463
United States,3327,wages,2025,0.6418289487018297
United States,3327,wages,2026,1.07403773419007
United States,3327,wages,2027,0.6694476301134563
United States,3327,wages,2028,0.3200446922297753
United States,3327,wages,2029,0.8101334792544912
United States,3327,wages,2030,1.1182934641100128
United States,3328,employment,2024,-0.4861203824363259
United States,3328,employment,2025,-0.5182572502189756
United States,3328,employment,2026,-0.009132237473087734
United States,3328,employment,2027,-0.2256600431563469
United States,3328,employment,2028,-0.2656144744304192
United States,3328,employment,2029,-0.4274639900295434
United States,3328,employment,2030,-0.39339699515773985
United States,3328,gdp,2024,-0.16259433696333778
United States,3328,gdp,2025,-0.9483278779700651
United States,3328,gdp,2026,2.5387762967809557
United States,3328,gdp,2027,3.9658246014029563
United States,3328,gdp,2028,3.252854857811285
United States,3328,gdp,2029,3.499599705033501
United States,3328,gdp,2030,3.74174787411576
United States,3328,wages,2024,2.2066864815485228
United States,3328,wages,2025,2.4790271216752457
United States,3328,wages,2026,2.2554685328349375
United States,3328,wages,2027,1.5544881460483886
United States,3328,wages,2028,1.1733175470908224
United States,3328,wages,2029,1.6368575594737726
United States,3328,wages,2030,1.9167108434721665
United States,3329,employment,2024,-1.1871001613667496
United States,3329,employment,2025,-0.7415740393058917
United States,3329,employment,2026,0.15601590870407378
United States,3329,employment,2027,0.25722891632083034
United States,3329,employment,2028,0.20075105390498427
United States,3329,employment,2029,0.022149489899468997
United States,3329,employment,2030,0.040112932510046016
United States,3329,gdp,2024,2.9956184327362196
United States,3329,gdp,2025,-0.2718166433289522
United States,3329,gdp,2026,2.581374369288908
United States,3329,gdp,2027,4.331236897337384
United States,3329,gdp,2028,3.6031713272817933
United States,3329,gdp,2029,3.8384190301302
United States,3329,gdp,2030,4.068610471637776
United States,3329,wages,2024,5.439847837359654
United States,3329,wages,2025,3.2156765043316153
United States,3329,wages,2026,2.689924370670434
United States,3329,wages,2027,2.3159377102085315
United States,3329,wages,2028,1.907290835781435
United States,3329,wages,2029,2.3478441425016614
United States,3329,wages,2030,2.6032098004695667
United States,3335,employment,2024,-2.8945130331690794
United States,3335,employment,2025,-3.0134700996861605
United States,3335,employment,2026,-1.768852251629984
United States,3335,employment,2027,-1.302774349904665
United States,3335,employment,2028,-1.3230781271683372
United States,3335,employment,2029,-1.4691721997547238
United States,3335,employment,2030,-1.3637883729744904
United States,3335,gdp,2024,1.640514607032109
United States,3335,gdp,2025,-3.8738033123880826
United States,3335,gdp,2026,0.2297142269824865
United States,3335,gdp,2027,1.546011466449912
United States,3335,gdp,2028,1.344052652868756
United States,3335,gdp,2029,0.9965593918342378
United States,3335,gdp,2030,1.2128334842775517
United States,3335,wages,2024,0.5695723063794323
United States,3335,wages,2025,-0.030557058453195632
United States,3335,wages,2026,0.27922509950878893
United States,3335,wages,2027,-0.1794660158689145
United States,3335,wages,2028,-0.5084231792274231
United States,3335,wages,2029,-0.0018789760656764331
United States,3335,wages,2030,0.325478220399002
United States,3336,employment,2024,0.05167096179174496
United States,3336,employment,2025,0.015929403421621427
United States,3336,employment,2026,-0.8832666229897247
United States,3336,employment,2027,-0.437766292095461
United States,3336,employment,2028,-0.48773854705936776
United States,3336,employment,2029,-0.6637212485117796
United States,3336,employment,2030,-0.5868040357804957
United States,3336,gdp,2024,8.033869146402486
United States,3336,gdp,2025,0.3146410193034459
United States,3336,gdp,2026,1.791814698876364
United States,3336,gdp,2027,2.8676405565640315
United States,3336,gdp,2028,2.6011596108094897
United States,3336,gdp,2029,2.2048275003667044
United States,3336,gdp,2030,2.3654431344118345
United States,3336,wages,2024,6.895561509963104
United States,3336,wages,2025,4.333207573773015
United States,3336,wages,2026,1.7776260996658393
United States,3336,wages,2027,1.3104496322951888
United States,3336,wages,2028,0.9280731292987751
United States,3336,wages,2029,1.3900086719963975
United States,3336,wages,2030,1.6698047692911677
United States,3339,employment,2024,-0.5969673165502908
United States,3339,employment,2025,-1.7670570136573158
United States,3339,employment,2026,0.18574176745889137
United States,3339,employment,2027,0.6982525757682462
United States,3339,employment,2028,0.6090377933342777
United States,3339,employment,2029,0.3935489038777958
United States,3339,employment,2030,0.4328400070165471
United States,3339,gdp,2024,5.697938028196821
United States,3339,gdp,2025,-1.7067453714794838
United States,3339,gdp,2026,2.461839217050966
United States,3339,gdp,2027,3.845188209097059
United States,3339,gdp,2028,3.5553668527252613
United States,3339,gdp,2029,3.1232185539217987
United States,3339,gdp,2030,3.264539043609391
United States,3339,wages,2024,4.584243635144861
United States,3339,wages,2025,2.2093655438712063
United States,3339,wages,2026,2.551931257405356
United States,3339,wages,2027,2.135430139910666
United States,3339,wages,2028,1.7232531914378606
United States,3339,wages,2029,2.1602660341587394
United States,3339,wages,2030,2.4135222596004495
United States,3344,employment,2024,-0.8110391935449506
United States,3344,employment,2025,-3.575422968951402
United States,3344,employment,2026,0.9144146022867607
United States,3344,employment,2027,0.286002941026856
United States,3344,employment,2028,-0.051709902635110765
United States,3344,employment,2029,-0.27759810301972193
United States,3344,employment,2030,-0.19625591375869414
United States,3344,gdp,2024,7.552814692569745
United States,3344,gdp,2025,6.3663780496902485
United States,3344,gdp,2026,6.529263214175497
United States,3344,gdp,2027,7.5074303779514295
United States,3344,gdp,2028,6.711780527296606
United States,3344,gdp,2029,6.226182232964746
United States,3344,gdp,2030,5.846641141686204
United States,3344,wages,2024,30.208560025532545
United States,3344,wages,2025,10.128044506086251
United States,3344,wages,2026,5.818332026446628
United States,3344,wages,2027,5.527078569099187
United States,3344,wages,2028,4.921553003288519
United States,3344,wages,2029,5.196302917041695
United States,3344,wages,2030,5.2909570036854845
United States,3345,employment,2024,-3.246854977795135
United States,3345,employment,2025,-0.6388548029204734
United States,3345,employment,2026,1.1596069580501034
United States,3345,employment,2027,0.35338911533549694
United States,3345,employment,2028,0.013257011329523003
United States,3345,employment,2029,-0.2149885834493567
United States,3345,employment,2030,-0.13585557127351233
United States,3345,gdp,2024,-0.02482808432519301
United States,3345,gdp,2025,4.963996414199165
United States,3345,gdp,2026,3.715633910104468
United States,3345,gdp,2027,4.238118117155515
United States,3345,gdp,2028,3.813219821101338
United States,3345,gdp,2029,3.3220164062662545
United States,3345,gdp,2030,2.861739472274185
United States,3345,wages,2024,9.868179275123246
United States,3345,wages,2025,5.461479683151422
United States,3345,wages,2026,2.7323580011670665
United States,3345,wages,2027,2.162027773890384
United States,3345,wages,2028,1.6815251220081497
United States,3345,wages,2029,2.060934492923706
United States,3345,wages,2030,2.26632471815757
United States,3359,employment,2024,-0.19118821240147965
United States,3359,employment,2025,-1.4092619680143814
United States,3359,employment,2026,0.40433839822182505
United States,3359,employment,2027,-0.10579353746478981
United States,3359,employment,2028,-0.15252795142280529
United States,3359,employment,2029,-0.36226681052311366
United States,3359,employment,2030,-0.34776473247465306
United States,3359,gdp,2024,8.41461261316349
United States,3359,gdp,2025,5.537447103541783
United States,3359,gdp,2026,5.588243175580577
United States,3359,gdp,2027,5.131435033813457
United States,3359,gdp,2028,5.157240901458242
United States,3359,gdp,2029,4.081003312880648
United States,3359,gdp,2030,3.940258335441841
United States,3359,wages,2024,5.657863813316421
United States,3359,wages,2025,2.903092517027842
United States,3359,wages,2026,4.7985979757338715
United States,3359,wages,2027,4.537396844642681
United States,3359,wages,2028,4.028193681376186
United States,3359,wages,2029,4.383576328500189
United States,3359,wages,2030,4.551736026386441
United States,3361,employment,2024,2.8161802785648558
United States,3361,employment,2025,-1.4048164879593201
United States,3361,employment,2026,4.467312570445511
United States,3361,employment,2027,5.981742816945262
United States,3361,employment,2028,5.785984611962734
United States,3361,employment,2029,5.516730724775295
United States,3361,employment,2030,5.528721927975267
United States,3361,gdp,2024,1.6083677479321878
United States,3361,gdp,2025,0.44121804423226985
United States,3361,gdp,2026,-1.4779021927966012
United States,3361,gdp,2027,11.210679433752452
United States,3361,gdp,2028,11.484762184729243
United States,3361,gdp,2029,11.006250635372261
United States,3361,gdp,2030,10.968308326796139
United States,3361,wages,2024,7.389704705804381
United States,3361,wages,2025,3.276028531828813
United States,3361,wages,2026,5.709774004531163
United States,3361,wages,2027,4.931155189529919
United States,3361,wages,2028,4.427368663204795
United States,3361,wages,2029,4.788183872228104
United States,3361,wages,2030,4.958718099705648
United States,3362,employment,2024,-2.368630128462431
United States,3362,employment,2025,-1.221863979580436
United States,3362,employment,2026,-0.7125545751339024
United States,3362,employment,2027,0.9697135275115459
United States,3362,employment,2028,0.9506919538840283
United States,3362,employment,2029,0.8539095482945035
United States,3362,employment,2030,1.0316889475205508
United States,3362,gdp,2024,2.3696122086046207
United States,3362,gdp,2025,2.4973112021345547
United States,3362,gdp,2026,-4.120240246289474
United States,3362,gdp,2027,4.701933008190188
United States,3362,gdp,2028,5.831285467672513
United States,3362,gdp,2029,6.344906115614142
United States,3362,gdp,2030,7.082618493374991
United States,3362,wages,2024,2.4594514506936407
United States,3362,wages,2025,3.9612622966108813
United States,3362,wages,2026,3.6056437116394844
United States,3362,wages,2027,3.151986087793527
United States,3362,wages,2028,2.7132429410370973
United States,3362,wages,2029,3.128614570343527
United States,3362,wages,2030,3.3571448456227393
United States,3363,employment,2024,-1.857984343698476
United States,3363,employment,2025,-5.23305941240845
United States,3363,employment,2026,-1.9532926514160525
United States,3363,employment,2027,-0.17380200238396623
United States,3363,employment,2028,-0.15334871083485951
United States,3363,employment,2029,-0.21154434732810656
United States,3363,employment,2030,0.0033275504776036943
United States,3363,gdp,2024,1.6340865289153559
United States,3363,gdp,2025,-1.1889526784927555
United States,3363,gdp,2026,-5.583412479564352
United States,3363,gdp,2027,3.249734065311384
United States,3363,gdp,2028,4.424448850516363
United States,3363,gdp,2029,4.980156263761604
United States,3363,gdp,2030,5.76181502372755
United States,3363,wages,2024,1.7232813919757415
United States,3363,wages,2025,0.07218401777910002
United States,3363,wages,2026,1.4422417728913601
United States,3363,wages,2027,1.0753145066330287
United States,3363,wages,2028,0.7115835072166892
United States,3363,wages,2029,1.189723910514213
United States,3363,wages,2030,1.4851104577607384
United States,4231,employment,2024,0.5308440537198184
United States,4231,employment,2025,0.48424680607862
United States,4231,employment,2026,1.1338136311120335
United States,4231,employment,2027,1.1278600621721497
United States,4231,employment,2028,1.1373317831180865
United States,4231,employment,2029,0.993096349615985
United States,4231,employment,2030,0.9664926513363256
United States,4231,gdp,2024,7.910051766757194
United States,4231,gdp,2025,13.03999973787553
United States,4231,gdp,2026,7.684716353419602
United States,4231,gdp,2027,4.397398882666664
United States,4231,gdp,2028,3.9299972408527255
United States,4231,gdp,2029,3.57847188891313
United States,4231,gdp,2030,3.314556421896938
United States,4231,wages,2024,2.961087873987925
United States,4231,wages,2025,4.414073429996189
United States,4231,wages,2026,4.7145504226413
United States,4231,wages,2027,4.205883588202062
United States,4231,wages,2028,3.3959830350751896
United States,4231,wages,2029,3.4258993135398867
United States,4231,wages,2030,3.881598152464347
United States,4235,employment,2024,3.2054302897146574
United States,4235,employment,2025,4.90054455880051
United States,4235,employment,2026,0.5424235107660578
United States,4235,employment,2027,0.3642539648664057
United States,4235,employment,2028,0.39927222945520735
United States,4235,employment,2029,0.2814910967443247
United States,4235,employment,2030,0.2805018043486959
United States,4235,gdp,2024,-2.1590133969353236
United States,4235,gdp,2025,11.420530665622831
United States,4235,gdp,2026,7.955179620267231
United States,4235,gdp,2027,4.520879789132472
United States,4235,gdp,2028,4.048808643426904
United States,4235,gdp,2029,3.6926463931991185
United States,4235,gdp,2030,3.4243912962675607
United States,4235,wages,2024,0.12661389756679403
United States,4235,wages,2025,5.360002204657273
United States,4235,wages,2026,4.493060425782386
United States,4235,wages,2027,3.8235169509629254
United States,4235,wages,2028,3.0285251595457785
United States,4235,wages,2029,3.0708945227031648
United States,4235,wages,2030,3.5382692464287393
United States,4238,employment,2024,2.122510293590105
United States,4238,employment,2025,-0.2437115152187116
United States,4238,employment,2026,0.6925219034759948
United States,4238,employment,2027,0.7215433846361595
United States,4238,employment,2028,0.7446260911816869
United States,4238,employment,2029,0.6144832281486539
United States,4238,employment,2030,0.6015240784343887
United States,4238,gdp,2024,3.1449537283121853
United States,4238,gdp,2025,10.160023318453836
United States,4238,gdp,2026,6.700788250360768
United States,4238,gdp,2027,3.458543244540054
United States,4238,gdp,2028,3.026528782712173
United States,4238,gdp,2029,2.710149192236541
United States,4238,gdp,2030,2.4791321175817513
United States,4238,wages,2024,5.225629691192734
United States,4238,wages,2025,4.712700528746716
United States,4238,wages,2026,4.678730179313829
United States,4238,wages,2027,4.219310639667907
United States,4238,wages,2028,3.408885974215782
United States,4238,wages,2029,3.438364380811728
United States,4238,wages,2030,3.8936526536265608
United States,4239,employment,2024,2.1581776869565648
United States,4239,employment,2025,2.3620450490444354
United States,4239,employment,2026,0.6420342283051669
United States,4239,employment,2027,0.5651941799336668
United States,4239,employment,2028,0.593503684439601
United States,4239,employment,2029,0.46877380056183526
United States,4239,employment,2030,0.4610559061023729
United States,4239,gdp,2024,0.14502750215009977
United States,4239,gdp,2025,11.556446474504984
United States,4239,gdp,2026,7.919958206796113
United States,4239,gdp,2027,4.580424477614611
United States,4239,gdp,2028,4.106100350094359
United States,4239,gdp,2029,3.7477009118493
United States,4239,gdp,2030,3.4773521147128132
United States,4239,wages,2024,2.4844786449877647
United States,4239,wages,2025,5.514275688288545
United States,4239,wages,2026,4.624691028371204
United States,4239,wages,2027,4.058144770921145
United States,4239,wages,2028,3.254008460555559
United States,4239,wages,2029,3.288740106653429
United States,4239,wages,2030,3.748953928197301
United States,4247,employment,2024,-0.9191270703134403
United States,4247,employment,2025,-1.1659484957656856
United States,4247,employment,2026,-0.8778293333344612
United States,4247,employment,2027,-0.6339887727643924
United States,4247,employment,2028,-0.5681794853194824
United States,4247,employment,2029,-0.6536589236758042
United States,4247,employment,2030,-0.6231532607647577
United States,4247,gdp,2024,1.314431918169462
United States,4247,gdp,2025,9.104585020673943
United States,4247,gdp,2026,6.2875194701342
United States,4247,gdp,2027,3.2896302759952714
United States,4247,gdp,2028,2.855709162822902
United States,4247,gdp,2029,2.5381867975830574
United States,4247,gdp,2030,2.306365158317565
United States,4247,wages,2024,2.706571635992307
United States,4247,wages,2025,2.8675280531856298
United States,4247,wages,2026,3.4797197132043913
United States,4247,wages,2027,3.2617902758439037
United States,4247,wages,2028,2.4774362766285223
United States,4247,wages,2029,2.527920352563716
United States,4247,wages,2030,3.003268517976881
United States,4411,employment,2024,1.2449058893780947
United States,4411,employment,2025,0.946471269258631
United States,4411,employment,2026,0.7777870275989989
United States,4411,employment,2027,0.3253617946909263
United States,4411,employment,2028,0.4368861137385248
United States,4411,employment,2029,0.5313486567398925
United States,4411,employment,2030,0.7405858862344215
United States,4411,gdp,2024,-1.133814286620211
United States,4411,gdp,2025,5.306192159603013
United States,4411,gdp,2026,6.9901525865209635
United States,4411,gdp,2027,4.146347056047929
United States,4411,gdp,2028,4.087879593171366
United States,4411,gdp,2029,4.225060261917912
United States,4411,gdp,2030,4.162959127619716
United States,4411,wages,2024,2.5948366734549033
United States,4411,wages,2025,3.783377630214408
United States,4411,wages,2026,4.342314937144296
United States,4411,wages,2027,3.3318598145923257
United States,4411,wages,2028,2.9065922788808423
United States,4411,wages,2029,3.485347399878216
United States,4411,wages,2030,3.8947753367680726
United States,4413,employment,2024,1.1558915552572735
United States,4413,employment,2025,1.1559709087101526
United States,4413,employment,2026,1.0397526602120593
United States,4413,employment,2027,0.4824173958136618
United States,4413,employment,2028,0.588810014447092
United States,4413,employment,2029,0.6780949611263875
United States,4413,employment,2030,0.8822639705152115
United States,4413,gdp,2024,2.3002072209277475
United States,4413,gdp,2025,7.2815857741125685
United States,4413,gdp,2026,7.313120463926859
United States,4413,gdp,2027,4.358584251618263
United States,4413,gdp,2028,4.292890638409676
United States,4413,gdp,2029,4.422975793992361
United States,4413,gdp,2030,4.35346977402691
United States,4413,wages,2024,6.158370054498796
United States,4413,wages,2025,5.581543800035233
United States,4413,wages,2026,4.4152093945230915
United States,4413,wages,2027,3.29247029008194
United States,4413,wages,2028,2.8686129728444527
United States,4413,wages,2029,3.4485270713011813
United States,4413,wages,2030,3.8591862751530788
United States,4571,employment,2024,0.1693714181849533
United States,4571,employment,2025,0.5018523909623234
United States,4571,employment,2026,0.8461384596150775
United States,4571,employment,2027,0.5117656642178624
United States,4571,employment,2028,0.6174146241837024
United States,4571,employment,2029,0.7059261361335231
United States,4571,employment,2030,0.909321988791705
United States,4571,gdp,2024,1.88926218421397
United States,4571,gdp,2025,1.649687113812736
United States,4571,gdp,2026,-1.3532056925675282
United States,4571,gdp,2027,-3.567099132356808
United States,4571,gdp,2028,-3.3692785551877753
United States,4571,gdp,2029,-2.9805224311380654
United States,4571,gdp,2030,-2.779399860426001
United States,4571,wages,2024,2.4610387699973955
United States,4571,wages,2025,3.1129706605139655
United States,4571,wages,2026,5.04945404109431
United States,4571,wages,2027,4.181273153030894
United States,4571,wages,2028,3.7258646463704346
United States,4571,wages,2029,4.279863231002442
United States,4571,wages,2030,4.662949400081812
United States,4841,employment,2024,-3.095766619731129
United States,4841,employment,2025,-1.2907340064202517
United States,4841,employment,2026,-2.203081141340288
United States,4841,employment,2027,-2.46102629682298
United States,4841,employment,2028,-2.3631149357366503
United States,4841,employment,2029,-2.3089252018328437
United States,4841,employment,2030,-2.1661508794728297
United States,4841,gdp,2024,-0.5850603400080834
United States,4841,gdp,2025,-1.2182356435047095
United States,4841,gdp,2026,1.8350438243208416
United States,4841,gdp,2027,3.5881594059982196
United States,4841,gdp,2028,2.638182511913365
United States,4841,gdp,2029,2.1328888200608884
United States,4841,gdp,2030,2.000590371607562
United States,4841,wages,2024,1.5000280369056473
United States,4841,wages,2025,1.2128388979754556
United States,4841,wages,2026,1.0180890603221755
United States,4841,wages,2027,0.05116699999828674
United States,4841,wages,2028,-0.38491724178436937
United States,4841,wages,2029,0.44709865093677525
United States,4841,wages,2030,0.8627221090389865
United States,4842,employment,2024,-0.7000532932919444
United States,4842,employment,2025,1.6609205398233653
United States,4842,employment,2026,-2.5023357350357474
United States,4842,employment,2027,-2.8750930524201412
United States,4842,employment,2028,-2.76346323126804
United States,4842,employment,2029,-2.695514772185182
United States,4842,employment,2030,-2.5391679565328515
United States,4842,gdp,2024,1.9382794422990735
United States,4842,gdp,2025,1.6386936155523495
United States,4842,gdp,2026,2.896627193861511
United States,4842,gdp,2027,4.582785775839444
United States,4842,gdp,2028,3.591237449013143
United States,4842,gdp,2029,3.0479402318621522
United States,4842,gdp,2030,2.881712522561091
United States,4842,wages,2024,4.076291353113933
United States,4842,wages,2025,3.8702330745708564
United States,4842,wages,2026,0.7679382042836352
United States,4842,wages,2027,-0.31190334912802103
United States,4842,wages,2028,-0.7349003023474028
United States,4842,wages,2029,0.10707522786905961
United States,4842,wages,2030,0.5341424873928078
United States,5413,employment,2024,2.5712050827684094
United States,5413,employment,2025,2.556415331883221
United States,5413,employment,2026,1.2297363708146694
United States,5413,employment,2027,1.0299293726075385
United States,5413,employment,2028,1.0748929944681362
United States,5413,employment,2029,0.9733577290968067
United States,5413,employment,2030,1.025098803945911
United States,5413,gdp,2024,7.539473818160827
United States,5413,gdp,2025,7.478861496680825
United States,5413,gdp,2026,5.508124448331161
United States,5413,gdp,2027,5.469514736372306
United States,5413,gdp,2028,5.297532600825626
United States,5413,gdp,2029,5.122765197371722
United States,5413,gdp,2030,5.0406641729942
United States,5413,wages,2024,7.0338439540125535
United States,5413,wages,2025,6.928016468606832
United States,5413,wages,2026,3.5197212968625164
United States,5413,wages,2027,3.199217760374818
United States,5413,wages,2028,2.5341005457208423
United States,5413,wages,2029,2.396287313793896
United States,5413,wages,2030,3.0968753726183027
United States,5414,employment,2024,-1.009784274143919
United States,5414,employment,2025,-1.3067103171066952
United States,5414,employment,2026,0.2080334978323438
United States,5414,employment,2027,0.2578176159564525
United States,5414,employment,2028,0.3284486421703812
United States,5414,employment,2029,0.25337428084715796
United States,5414,employment,2030,0.330661449896578
United States,5414,gdp,2024,6.941659553856374
United States,5414,gdp,2025,2.9961307876792027
United States,5414,gdp,2026,2.2392967792563288
United States,5414,gdp,2027,2.380025450213253
United States,5414,gdp,2028,2.31521122415034
United States,5414,gdp,2029,2.2485469552122233
United States,5414,gdp,2030,2.2712312479515937
United States,5414,wages,2024,6.4430420270930115
United States,5414,wages,2025,3.2974576698947753
United States,5414,wages,2026,3.021476004196132
United States,5414,wages,2027,2.9715731841322013
United States,5414,wages,2028,2.315195236837078
United States,5414,wages,2029,2.185020012294116
United States,5414,wages,2030,2.892148645536751
United States,5417,employment,2024,0.8519696742594187
United States,5417,employment,2025,0.39597440537452316
United States,5417,employment,2026,2.1823649121732567
United States,5417,employment,2027,2.302588259009274
United States,5417,employment,2028,2.304929924736381
United States,5417,employment,2029,2.1594908102768136
United States,5417,employment,2030,2.1688541190097648
United States,5417,gdp,2024,6.0477234079314774
United States,5417,gdp,2025,4.872927207826912
United States,5417,gdp,2026,5.057360893798543
United States,5417,gdp,2027,5.2976040275512215
United States,5417,gdp,2028,5.131643941785725
United States,5417,gdp,2029,4.96294632837782
United States,5417,gdp,2030,4.886726201923739
United States,5417,wages,2024,6.912351349183556
United States,5417,wages,2025,5.352989181912341
United States,5417,wages,2026,5.04290205521259
United States,5417,wages,2027,5.0613698133613685
United States,5417,wages,2028,4.324330759443858
United States,5417,wages,2029,4.123625491978757
United States,5417,wages,2030,4.7702925658009265
United States,8111,employment,2024,1.772720521743676
United States,8111,employment,2025,1.2985792292845568
United States,8111,employment,2026,-0.18698562906545663
United States,8111,employment,2027,0.29253848656625037
United States,8111,employment,2028,0.6807690118380362
United States,8111,employment,2029,1.1031357791872163
United States,8111,employment,2030,1.5213610716953934
United States,8111,gdp,2024,6.463607737051361
United States,8111,gdp,2025,2.223134796481149
United States,8111,gdp,2026,1.2517644589109838
United States,8111,gdp,2027,1.7211093408581937
United States,8111,gdp,2028,2.4954362894957822
United States,8111,gdp,2029,3.043457098736451
United States,8111,gdp,2030,3.4830017145594425
United States,8111,wages,2024,6.193291364954402
United States,8111,wages,2025,3.5719634587497766
United States,8111,wages,2026,4.66846342408781
United States,8111,wages,2027,5.062898423930704
United States,8111,wages,2028,4.906578505155351
United States,8111,wages,2029,5.390513961787306
United States,8111,wages,2030,6.071110005190941
