naics_code,description,year,employment,yoy_multiplier,yoy_pct_change
3252,"Employment: Resin; synthetic rubber; and artificial synthetic fibers and filaments manufacturing, (Ths. #, SA)",2024,6.07565072827175,0.9732687144636202,-2.6731285536379823
3252,"Employment: Resin; synthetic rubber; and artificial synthetic fibers and filaments manufacturing, (Ths. #, SA)",2025,6.023432771885869,0.9914053722438494,-0.8594627756150608
3252,"Employment: Resin; synthetic rubber; and artificial synthetic fibers and filaments manufacturing, (Ths. #, SA)",2026,6.025945032388361,1.000417081189022,0.04170811890220616
3252,"Employment: Resin; synthetic rubber; and artificial synthetic fibers and filaments manufacturing, (Ths. #, SA)",2027,5.989705882088106,0.993986146553698,-0.6013853446302009
3252,"Employment: Resin; synthetic rubber; and artificial synthetic fibers and filaments manufacturing, (Ths. #, SA)",2028,5.947985475267023,0.9930346485048881,-0.6965351495111904
3252,"Employment: Resin; synthetic rubber; and artificial synthetic fibers and filaments manufacturing, (Ths. #, SA)",2029,5.888567950889878,0.9900104792413809,-0.9989520758619141
3252,"Employment: Resin; synthetic rubber; and artificial synthetic fibers and filaments manufacturing, (Ths. #, SA)",2030,5.831956801293483,0.9903862619793935,-0.9613738020606499
3252,"Employment: Resin; synthetic rubber; and artificial synthetic fibers and filaments manufacturing, (Ths. #, SA)",2031,5.770058318396581,0.9893863269214934,-1.061367307850658
3252,"Employment: Resin; synthetic rubber; and artificial synthetic fibers and filaments manufacturing, (Ths. #, SA)",2032,5.685980440211297,0.9854285912644557,-1.45714087355443
3252,"Employment: Resin; synthetic rubber; and artificial synthetic fibers and filaments manufacturing, (Ths. #, SA)",2033,5.581705160321431,0.981660985121857,-1.8339014878143045
3252,"Employment: Resin; synthetic rubber; and artificial synthetic fibers and filaments manufacturing, (Ths. #, SA)",2034,5.481367987685895,0.9820239210503627,-1.7976078949637264
3255,"Employment: Paint; coating; and adhesive manufacturing, (Ths. #, SA)",2024,4.752857443971072,0.9732687223168854,-2.6731277683114563
3255,"Employment: Paint; coating; and adhesive manufacturing, (Ths. #, SA)",2025,4.71950104348304,0.9929818218027253,-0.7018178197274683
3255,"Employment: Paint; coating; and adhesive manufacturing, (Ths. #, SA)",2026,4.75845369251378,1.0082535523717129,0.825355237171288
3255,"Employment: Paint; coating; and adhesive manufacturing, (Ths. #, SA)",2027,4.768159193140495,1.0020396333039838,0.20396333039838233
3255,"Employment: Paint; coating; and adhesive manufacturing, (Ths. #, SA)",2028,4.771958614829154,1.0007968319711567,0.0796831971156653
3255,"Employment: Paint; coating; and adhesive manufacturing, (Ths. #, SA)",2029,4.759904803697053,0.9974740327599146,-0.25259672400853583
3255,"Employment: Paint; coating; and adhesive manufacturing, (Ths. #, SA)",2030,4.748359728994025,0.9975745156302158,-0.2425484369784181
3255,"Employment: Paint; coating; and adhesive manufacturing, (Ths. #, SA)",2031,4.730720938140083,0.9962852875812593,-0.3714712418740662
3255,"Employment: Paint; coating; and adhesive manufacturing, (Ths. #, SA)",2032,4.692988907658966,0.9920240422179815,-0.7975957782018539
3255,"Employment: Paint; coating; and adhesive manufacturing, (Ths. #, SA)",2033,4.63647454621457,0.9879577040226615,-1.2042295977338524
3255,"Employment: Paint; coating; and adhesive manufacturing, (Ths. #, SA)",2034,4.581051422826535,0.9880462789484555,-1.1953721051544464
3261,"Employment: Plastics product manufacturing, (Ths. #, SA)",2024,34.54890768171754,0.9916096134101785,-0.8390386589821497
3261,"Employment: Plastics product manufacturing, (Ths. #, SA)",2025,33.40989415878794,0.967031851385208,-3.2968148614792026
3261,"Employment: Plastics product manufacturing, (Ths. #, SA)",2026,33.520628110629126,1.003314405945583,0.33144059455829655
3261,"Employment: Plastics product manufacturing, (Ths. #, SA)",2027,33.38841442433284,0.9960557515253013,-0.3944248474698653
3261,"Employment: Plastics product manufacturing, (Ths. #, SA)",2028,33.155750284142435,0.9930315906220201,-0.6968409377979934
3261,"Employment: Plastics product manufacturing, (Ths. #, SA)",2029,32.8270991810487,0.9900876589949793,-0.9912341005020697
3261,"Employment: Plastics product manufacturing, (Ths. #, SA)",2030,32.53238664777447,0.9910222791344181,-0.8977720865581906
3261,"Employment: Plastics product manufacturing, (Ths. #, SA)",2031,32.19636011569265,0.9896710150497117,-1.0328984950288334
3261,"Employment: Plastics product manufacturing, (Ths. #, SA)",2032,31.70787802795368,0.9848280337906619,-1.517196620933814
3261,"Employment: Plastics product manufacturing, (Ths. #, SA)",2033,31.08577530014836,0.9803801841530716,-1.9619815846928401
3261,"Employment: Plastics product manufacturing, (Ths. #, SA)",2034,30.45424112520866,0.9796841427037953,-2.0315857296204665
3262,"Employment: Rubber product manufacturing, (Ths. #, SA)",2024,5.166939015771877,0.9567762215780041,-4.322377842199588
3262,"Employment: Rubber product manufacturing, (Ths. #, SA)",2025,4.858039409641341,0.9402161308295622,-5.9783869170437764
3262,"Employment: Rubber product manufacturing, (Ths. #, SA)",2026,4.810465055400526,0.9902070876274905,-0.9792912372509455
3262,"Employment: Rubber product manufacturing, (Ths. #, SA)",2027,4.74404984797094,0.986193599441072,-1.3806400558928011
3262,"Employment: Rubber product manufacturing, (Ths. #, SA)",2028,4.665951239669585,0.9835375658342296,-1.6462434165770423
3262,"Employment: Rubber product manufacturing, (Ths. #, SA)",2029,4.577087303287233,0.9809548081799833,-1.9045191820016738
3262,"Employment: Rubber product manufacturing, (Ths. #, SA)",2030,4.495710594075082,0.9822208527345094,-1.777914726549057
3262,"Employment: Rubber product manufacturing, (Ths. #, SA)",2031,4.411301181895027,0.9812244559755917,-1.8775544024408286
3262,"Employment: Rubber product manufacturing, (Ths. #, SA)",2032,4.308766939251539,0.9767564629084245,-2.324353709157545
3262,"Employment: Rubber product manufacturing, (Ths. #, SA)",2033,4.191035798059025,0.9726763728805986,-2.7323627119401395
3262,"Employment: Rubber product manufacturing, (Ths. #, SA)",2034,4.075028893205804,0.9723202305007876,-2.767976949921236
3272,"Employment: Glass and glass product manufacturing, (Ths. #, SA)",2024,3.166696244789309,1.0223410476910162,2.234104769101619
3272,"Employment: Glass and glass product manufacturing, (Ths. #, SA)",2025,3.209301898297738,1.0134542912281326,1.3454291228132575
3272,"Employment: Glass and glass product manufacturing, (Ths. #, SA)",2026,3.105026317494903,0.967508329192045,-3.249167080795501
3272,"Employment: Glass and glass product manufacturing, (Ths. #, SA)",2027,3.040499905541112,0.9792187230136425,-2.0781276986357455
3272,"Employment: Glass and glass product manufacturing, (Ths. #, SA)",2028,2.984602715251732,0.9816157894997757,-1.8384210500224318
3272,"Employment: Glass and glass product manufacturing, (Ths. #, SA)",2029,2.929053961160555,0.9813882250366807,-1.8611774963319339
3272,"Employment: Glass and glass product manufacturing, (Ths. #, SA)",2030,2.878662605280185,0.9827960302034163,-1.7203969796583674
3272,"Employment: Glass and glass product manufacturing, (Ths. #, SA)",2031,2.824236952449627,0.9810934241717916,-1.8906575828208427
3272,"Employment: Glass and glass product manufacturing, (Ths. #, SA)",2032,2.758072113314121,0.9765724901098977,-2.342750989010234
3272,"Employment: Glass and glass product manufacturing, (Ths. #, SA)",2033,2.683107762049862,0.9728200176846785,-2.7179982315321483
3272,"Employment: Glass and glass product manufacturing, (Ths. #, SA)",2034,2.608730036092302,0.9722792624994173,-2.772073750058268
3311,"Employment: Iron and steel mills and ferroalloy manufacturing, (Ths. #, SA)",2024,3.3539287734863,0.9938777083938373,-0.6122291606162733
3311,"Employment: Iron and steel mills and ferroalloy manufacturing, (Ths. #, SA)",2025,3.283098204824597,0.9788813139916275,-2.1118686008372523
3311,"Employment: Iron and steel mills and ferroalloy manufacturing, (Ths. #, SA)",2026,3.18959664710468,0.9715203286997282,-2.8479671300271847
3311,"Employment: Iron and steel mills and ferroalloy manufacturing, (Ths. #, SA)",2027,3.077355046285249,0.9648100956836291,-3.5189904316370924
3311,"Employment: Iron and steel mills and ferroalloy manufacturing, (Ths. #, SA)",2028,2.975978874788809,0.9670573690810186,-3.294263091898142
3311,"Employment: Iron and steel mills and ferroalloy manufacturing, (Ths. #, SA)",2029,2.87586571429978,0.9663595863071663,-3.364041369283366
3311,"Employment: Iron and steel mills and ferroalloy manufacturing, (Ths. #, SA)",2030,2.784722588385977,0.9683075863171885,-3.1692413682811504
3311,"Employment: Iron and steel mills and ferroalloy manufacturing, (Ths. #, SA)",2031,2.696759822804616,0.968412377610531,-3.1587622389468994
3311,"Employment: Iron and steel mills and ferroalloy manufacturing, (Ths. #, SA)",2032,2.605686886613719,0.9662287551821422,-3.377124481785776
3311,"Employment: Iron and steel mills and ferroalloy manufacturing, (Ths. #, SA)",2033,2.51158662540233,0.9638865814251077,-3.6113418574892253
3311,"Employment: Iron and steel mills and ferroalloy manufacturing, (Ths. #, SA)",2034,2.418487446001923,0.9629321248732587,-3.7067875126741257
3312,"Employment: Steel product manufacturing from purchased steel, (Ths. #, SA)",2024,1.80088237622072,0.9938777286979849,-0.6122271302015148
3312,"Employment: Steel product manufacturing from purchased steel, (Ths. #, SA)",2025,1.764476276774722,0.9797842991154154,-2.0215700884584575
3312,"Employment: Steel product manufacturing from purchased steel, (Ths. #, SA)",2026,1.722054794178961,0.9759580317660587,-2.4041968233941335
3312,"Employment: Steel product manufacturing from purchased steel, (Ths. #, SA)",2027,1.669323532741848,0.9693788713254887,-3.0621128674511278
3312,"Employment: Steel product manufacturing from purchased steel, (Ths. #, SA)",2028,1.621703541831059,0.9714734801392432,-2.8526519860756827
3312,"Employment: Steel product manufacturing from purchased steel, (Ths. #, SA)",2029,1.574048277700136,0.9706140716217986,-2.938592837820142
3312,"Employment: Steel product manufacturing from purchased steel, (Ths. #, SA)",2030,1.530619809312515,0.9724096973371904,-2.7590302662809596
3312,"Employment: Steel product manufacturing from purchased steel, (Ths. #, SA)",2031,1.488302236351548,0.9723526556343379,-2.7647344365662074
3312,"Employment: Steel product manufacturing from purchased steel, (Ths. #, SA)",2032,1.443655798380837,0.9700017665228011,-2.9998233477198877
3312,"Employment: Steel product manufacturing from purchased steel, (Ths. #, SA)",2033,1.396725815782427,0.9674922632866884,-3.250773671331164
3312,"Employment: Steel product manufacturing from purchased steel, (Ths. #, SA)",2034,1.349762997831247,0.9663764946415973,-3.362350535840275
3313,"Employment: Alumina and aluminum production and processing, (Ths. #, SA)",2024,2.867361147096216,0.9938777308343137,-0.6122269165686256
3313,"Employment: Alumina and aluminum production and processing, (Ths. #, SA)",2025,2.814239244940882,0.9814735921182686,-1.8526407881731433
3313,"Employment: Alumina and aluminum production and processing, (Ths. #, SA)",2026,2.770032655917032,0.9842918155933901,-1.5708184406609926
3313,"Employment: Alumina and aluminum production and processing, (Ths. #, SA)",2027,2.708978112754695,0.9779589085233638,-2.2041091476636243
3313,"Employment: Alumina and aluminum production and processing, (Ths. #, SA)",2028,2.654162808836938,0.9797653204875779,-2.0234679512422082
3313,"Employment: Alumina and aluminum production and processing, (Ths. #, SA)",2029,2.597366479611118,0.9786010379481174,-2.139896205188263
3313,"Employment: Alumina and aluminum production and processing, (Ths. #, SA)",2030,2.545702881574437,0.9801092381678783,-1.9890761832121684
3313,"Employment: Alumina and aluminum production and processing, (Ths. #, SA)",2031,2.494145058357751,0.9797471167629748,-2.025288323702523
3313,"Employment: Alumina and aluminum production and processing, (Ths. #, SA)",2032,2.436981965437678,0.9770810872733635,-2.2918912726636487
3313,"Employment: Alumina and aluminum production and processing, (Ths. #, SA)",2033,2.374245361130984,0.974256434722763,-2.574356527723698
3313,"Employment: Alumina and aluminum production and processing, (Ths. #, SA)",2034,2.309753532644616,0.972836915029015,-2.7163084970984963
3314,"Employment: Nonferrous metal (except aluminum) production and processing, (Ths. #, SA)",2024,1.228878413874864,0.9938777121124991,-0.612228788750091
3314,"Employment: Nonferrous metal (except aluminum) production and processing, (Ths. #, SA)",2025,1.203068768004921,0.9789973966679414,-2.100260333205861
3314,"Employment: Nonferrous metal (except aluminum) production and processing, (Ths. #, SA)",2026,1.169491402175196,0.9720902356351523,-2.790976436484771
3314,"Employment: Nonferrous metal (except aluminum) production and processing, (Ths. #, SA)",2027,1.129023306158789,0.965396841788543,-3.4603158211456986
3314,"Employment: Nonferrous metal (except aluminum) production and processing, (Ths. #, SA)",2028,1.09247065768965,0.9676245403706499,-3.2375459629350067
3314,"Employment: Nonferrous metal (except aluminum) production and processing, (Ths. #, SA)",2029,1.05631646519498,0.9669060287887927,-3.3093971211207274
3314,"Employment: Nonferrous metal (except aluminum) production and processing, (Ths. #, SA)",2030,1.023395820203818,0.9688344865616715,-3.116551343832852
3314,"Employment: Nonferrous metal (except aluminum) production and processing, (Ths. #, SA)",2031,0.991587162070323,0.9689185186166189,-3.108148138338107
3314,"Employment: Nonferrous metal (except aluminum) production and processing, (Ths. #, SA)",2032,0.958580632675789,0.966713436138463,-3.3286563861537055
3314,"Employment: Nonferrous metal (except aluminum) production and processing, (Ths. #, SA)",2033,0.924407033736002,0.9643497919998711,-3.565020800012886
3314,"Employment: Nonferrous metal (except aluminum) production and processing, (Ths. #, SA)",2034,0.890550289471563,0.9633746358164255,-3.662536418357454
3315,"Employment: Foundries, (Ths. #, SA)",2024,9.139546791712442,0.9421845157621869,-5.781548423781313
3315,"Employment: Foundries, (Ths. #, SA)",2025,8.659868256397242,0.9475161573930381,-5.248384260696193
3315,"Employment: Foundries, (Ths. #, SA)",2026,8.368175732413784,0.966316748090483,-3.3683251909517042
3315,"Employment: Foundries, (Ths. #, SA)",2027,7.99775503183343,0.9557345934854661,-4.426540651453392
3315,"Employment: Foundries, (Ths. #, SA)",2028,7.664116393566022,0.9582834636795667,-4.171653632043326
3315,"Employment: Foundries, (Ths. #, SA)",2029,7.341497299322281,0.9579052459961884,-4.209475400381157
3315,"Employment: Foundries, (Ths. #, SA)",2030,7.048971786975487,0.9601545161129736,-3.9845483887026356
3315,"Employment: Foundries, (Ths. #, SA)",2031,6.771097701968146,0.9605794868521429,-3.9420513147857106
3315,"Employment: Foundries, (Ths. #, SA)",2032,6.491634162344742,0.9587269964304056,-4.12730035695944
3315,"Employment: Foundries, (Ths. #, SA)",2033,6.210651567521783,0.9567161999897003,-4.3283800010299744
3315,"Employment: Foundries, (Ths. #, SA)",2034,5.937887674853625,0.9560812759011375,-4.391872409886255
3321,"Employment: Forging and stamping, (Ths. #, SA)",2024,7.277884568721422,0.9771298822566097,-2.2870117743390317
3321,"Employment: Forging and stamping, (Ths. #, SA)",2025,7.183652071338187,0.9870522132505064,-1.2947786749493595
3321,"Employment: Forging and stamping, (Ths. #, SA)",2026,7.17111174428725,0.9982543242731686,-0.1745675726831375
3321,"Employment: Forging and stamping, (Ths. #, SA)",2027,7.122384022476135,0.9932049975584423,-0.6795002441557729
3321,"Employment: Forging and stamping, (Ths. #, SA)",2028,7.083243692335077,0.9945046026699006,-0.5495397330099405
3321,"Employment: Forging and stamping, (Ths. #, SA)",2029,7.027899667683924,0.9921866270518065,-0.7813372948193509
3321,"Employment: Forging and stamping, (Ths. #, SA)",2030,6.971089346474592,0.9919164581317859,-0.8083541868214139
3321,"Employment: Forging and stamping, (Ths. #, SA)",2031,6.894797361669637,0.9890559450592127,-1.0944054940787318
3321,"Employment: Forging and stamping, (Ths. #, SA)",2032,6.784419986830226,0.9839912082909016,-1.6008791709098413
3321,"Employment: Forging and stamping, (Ths. #, SA)",2033,6.646656708906055,0.9796941701440072,-2.030582985599283
3321,"Employment: Forging and stamping, (Ths. #, SA)",2034,6.498699257167375,0.9777395676926676,-2.2260432307332434
3326,"Employment: Spring and wire product manufacturing, (Ths. #, SA)",2024,3.385809777770934,0.9771298906102212,-2.2870109389778848
3326,"Employment: Spring and wire product manufacturing, (Ths. #, SA)",2025,3.345954171401548,0.9882286339205905,-1.177136607940954
3326,"Employment: Spring and wire product manufacturing, (Ths. #, SA)",2026,3.359615437698959,1.004082920924075,0.40829209240749176
3326,"Employment: Spring and wire product manufacturing, (Ths. #, SA)",2027,3.356947228114073,0.9992057991057709,-0.07942008942291023
3326,"Employment: Spring and wire product manufacturing, (Ths. #, SA)",2028,3.357949895532943,1.0002986842958008,0.02986842958008218
3326,"Employment: Spring and wire product manufacturing, (Ths. #, SA)",2029,3.350434299300816,0.997761849799449,-0.2238150200550959
3326,"Employment: Spring and wire product manufacturing, (Ths. #, SA)",2030,3.341327619398936,0.9972819404625303,-0.27180595374697303
3326,"Employment: Spring and wire product manufacturing, (Ths. #, SA)",2031,3.321942636403418,0.9941984189509064,-0.5801581049093563
3326,"Employment: Spring and wire product manufacturing, (Ths. #, SA)",2032,3.285083290997039,0.9889042799829062,-1.1095720017093802
3326,"Employment: Spring and wire product manufacturing, (Ths. #, SA)",2033,3.233781620048384,0.9843834489404728,-1.5616551059527195
3326,"Employment: Spring and wire product manufacturing, (Ths. #, SA)",2034,3.176269977183745,0.9822153597175252,-1.778464028247484
3327,"Employment: Machine shops; turned product; and screw; nut; and bolt manufacturing, (Ths. #, SA)",2024,24.59939972559611,0.9784122855919503,-2.158771440804974
3327,"Employment: Machine shops; turned product; and screw; nut; and bolt manufacturing, (Ths. #, SA)",2025,24.127525407966633,0.9808176490933441,-1.9182350906655876
3327,"Employment: Machine shops; turned product; and screw; nut; and bolt manufacturing, (Ths. #, SA)",2026,23.93229946402848,0.9919085799046058,-0.8091420095394208
3327,"Employment: Machine shops; turned product; and screw; nut; and bolt manufacturing, (Ths. #, SA)",2027,23.69060849196938,0.989901055165118,-1.009894483488205
3327,"Employment: Machine shops; turned product; and screw; nut; and bolt manufacturing, (Ths. #, SA)",2028,23.48483375273983,0.9913140796151648,-0.8685920384835177
3327,"Employment: Machine shops; turned product; and screw; nut; and bolt manufacturing, (Ths. #, SA)",2029,23.22923070897923,0.9891162506640788,-1.0883749335921178
3327,"Employment: Machine shops; turned product; and screw; nut; and bolt manufacturing, (Ths. #, SA)",2030,22.972808561509552,0.9889612294663482,-1.1038770533651765
3327,"Employment: Machine shops; turned product; and screw; nut; and bolt manufacturing, (Ths. #, SA)",2031,22.6563168166464,0.9862232019208383,-1.3776798079161656
3327,"Employment: Machine shops; turned product; and screw; nut; and bolt manufacturing, (Ths. #, SA)",2032,22.23229269824264,0.9812845078997037,-1.8715492100296327
3327,"Employment: Machine shops; turned product; and screw; nut; and bolt manufacturing, (Ths. #, SA)",2033,21.72340555390834,0.9771104513942223,-2.2889548605777743
3327,"Employment: Machine shops; turned product; and screw; nut; and bolt manufacturing, (Ths. #, SA)",2034,21.18625477307721,0.9752731780706231,-2.472682192937692
3328,"Employment: Coating; engraving; heat treating; and allied activities, (Ths. #, SA)",2024,11.40155160160279,0.9771298870318338,-2.287011296816621
3328,"Employment: Coating; engraving; heat treating; and allied activities, (Ths. #, SA)",2025,11.25861495313667,0.9874634038014591,-1.2536596198540861
3328,"Employment: Coating; engraving; heat treating; and allied activities, (Ths. #, SA)",2026,11.26187183005893,1.0002892786489117,0.028927864891170607
3328,"Employment: Coating; engraving; heat treating; and allied activities, (Ths. #, SA)",2027,11.20894182493449,0.995300070368128,-0.4699929631872046
3328,"Employment: Coating; engraving; heat treating; and allied activities, (Ths. #, SA)",2028,11.17001998948408,0.9965276083988742,-0.34723916011257794
3328,"Employment: Coating; engraving; heat treating; and allied activities, (Ths. #, SA)",2029,11.10448901146498,0.9941333159581814,-0.586668404181856
3328,"Employment: Coating; engraving; heat treating; and allied activities, (Ths. #, SA)",2030,11.03553022399077,0.9937900080406211,-0.620999195937888
3328,"Employment: Coating; engraving; heat treating; and allied activities, (Ths. #, SA)",2031,10.93457404838957,0.9908517150012668,-0.9148284998733214
3328,"Employment: Coating; engraving; heat treating; and allied activities, (Ths. #, SA)",2032,10.77828570247878,0.9857069561905973,-1.4293043809402661
3328,"Employment: Coating; engraving; heat treating; and allied activities, (Ths. #, SA)",2033,10.5770750174268,0.9813318471409879,-1.8668152859012133
3328,"Employment: Coating; engraving; heat treating; and allied activities, (Ths. #, SA)",2034,10.35815882261392,0.9793027661756966,-2.069723382430344
3329,"Employment: Other fabricated metal product manufacturing, (Ths. #, SA)",2024,10.50484961449694,0.977129900523095,-2.2870099476904993
3329,"Employment: Other fabricated metal product manufacturing, (Ths. #, SA)",2025,10.3830518845473,0.9884055712914198,-1.1594428708580184
3329,"Employment: Other fabricated metal product manufacturing, (Ths. #, SA)",2026,10.43456584415413,1.0049613504949828,0.4961350494982808
3329,"Employment: Other fabricated metal product manufacturing, (Ths. #, SA)",2027,10.43571555292984,1.000110182713194,0.011018271319396256
3329,"Employment: Other fabricated metal product manufacturing, (Ths. #, SA)",2028,10.44794446568398,1.0011718327020427,0.11718327020426855
3329,"Employment: Other fabricated metal product manufacturing, (Ths. #, SA)",2029,10.43333763758839,0.9986019424066078,-0.13980575933921768
3329,"Employment: Other fabricated metal product manufacturing, (Ths. #, SA)",2030,10.41341367572469,0.9980903558807567,-0.19096441192433256
3329,"Employment: Other fabricated metal product manufacturing, (Ths. #, SA)",2031,10.36106715466129,0.9949731641617745,-0.5026835838225496
3329,"Employment: Other fabricated metal product manufacturing, (Ths. #, SA)",2032,10.25377207574091,0.9896443988520903,-1.0355601147909677
3329,"Employment: Other fabricated metal product manufacturing, (Ths. #, SA)",2033,10.10088620511927,0.9850897923717898,-1.491020762821016
3329,"Employment: Other fabricated metal product manufacturing, (Ths. #, SA)",2034,9.928054844024835,0.9828894853793283,-1.7110514620671702
3335,"Employment: Metalworking machinery manufacturing, (Ths. #, SA)",2024,29.741129875183113,0.9658895964014679,-3.4110403598532124
3335,"Employment: Metalworking machinery manufacturing, (Ths. #, SA)",2025,29.02215009628092,0.9758254046863858,-2.417459531361421
3335,"Employment: Metalworking machinery manufacturing, (Ths. #, SA)",2026,28.6266833787805,0.9863736244148534,-1.3626375585146566
3335,"Employment: Metalworking machinery manufacturing, (Ths. #, SA)",2027,28.35200794730726,0.9904049160065521,-0.9595083993447884
3335,"Employment: Metalworking machinery manufacturing, (Ths. #, SA)",2028,28.08414649825067,0.990552293525227,-0.9447706474772999
3335,"Employment: Metalworking machinery manufacturing, (Ths. #, SA)",2029,27.74220698834706,0.9878244649548132,-1.2175535045186758
3335,"Employment: Metalworking machinery manufacturing, (Ths. #, SA)",2030,27.417929969102406,0.9883110590523362,-1.1688940947663817
3335,"Employment: Metalworking machinery manufacturing, (Ths. #, SA)",2031,27.05355982413456,0.9867105158785342,-1.32894841214658
3335,"Employment: Metalworking machinery manufacturing, (Ths. #, SA)",2032,26.60438132356406,0.9833966951672738,-1.6603304832726207
3335,"Employment: Metalworking machinery manufacturing, (Ths. #, SA)",2033,26.10683870422576,0.9812984706057564,-1.8701529394243632
3335,"Employment: Metalworking machinery manufacturing, (Ths. #, SA)",2034,25.59300962420489,0.9803182190750005,-1.9681780924999503
3336,"Employment: Engine; turbine; and power transmission equipment manufacturing, (Ths. #, SA)",2024,4.792937152387118,0.9791452734633511,-2.085472653664888
3336,"Employment: Engine; turbine; and power transmission equipment manufacturing, (Ths. #, SA)",2025,4.66549965964818,0.9734113991719111,-2.6588600828088893
3336,"Employment: Engine; turbine; and power transmission equipment manufacturing, (Ths. #, SA)",2026,4.625545263909044,0.9914362021961546,-0.8563797803845419
3336,"Employment: Engine; turbine; and power transmission equipment manufacturing, (Ths. #, SA)",2027,4.621249638043341,0.9990713255150222,-0.09286744849777984
3336,"Employment: Engine; turbine; and power transmission equipment manufacturing, (Ths. #, SA)",2028,4.616201839371931,0.9989076983355637,-0.10923016644363015
3336,"Employment: Engine; turbine; and power transmission equipment manufacturing, (Ths. #, SA)",2029,4.597103396053338,0.9958627365130136,-0.4137263486986398
3336,"Employment: Engine; turbine; and power transmission equipment manufacturing, (Ths. #, SA)",2030,4.578951419373279,0.9960514317133605,-0.39485682866394756
3336,"Employment: Engine; turbine; and power transmission equipment manufacturing, (Ths. #, SA)",2031,4.552109919327494,0.9941380683943882,-0.586193160561177
3336,"Employment: Engine; turbine; and power transmission equipment manufacturing, (Ths. #, SA)",2032,4.508888988707709,0.9905052972389187,-0.9494702761081331
3336,"Employment: Engine; turbine; and power transmission equipment manufacturing, (Ths. #, SA)",2033,4.455217584967212,0.9880965346729726,-1.1903465327027352
3336,"Employment: Engine; turbine; and power transmission equipment manufacturing, (Ths. #, SA)",2034,4.396461425842471,0.9868118317446503,-1.3188168255349741
3339,"Employment: Other general purpose machinery manufacturing, (Ths. #, SA)",2024,17.5276172558007,0.979145257031945,-2.0854742968055007
3339,"Employment: Other general purpose machinery manufacturing, (Ths. #, SA)",2025,17.09961711592386,0.9755813848721968,-2.441861512780319
3339,"Employment: Other general purpose machinery manufacturing, (Ths. #, SA)",2026,17.14050706320019,1.0023912785297544,0.23912785297544037
3339,"Employment: Other general purpose machinery manufacturing, (Ths. #, SA)",2027,17.31967322522648,1.0104527924037294,1.0452792403729427
3339,"Employment: Other general purpose machinery manufacturing, (Ths. #, SA)",2028,17.490753409297,1.0098777951434637,0.9877795143463652
3339,"Employment: Other general purpose machinery manufacturing, (Ths. #, SA)",2029,17.60293508495121,1.0064137703522011,0.6413770352201142
3339,"Employment: Other general purpose machinery manufacturing, (Ths. #, SA)",2030,17.71222794559877,1.0062087862120785,0.6208786212078543
3339,"Employment: Other general purpose machinery manufacturing, (Ths. #, SA)",2031,17.78099374437253,1.0038823912488575,0.3882391248857475
3339,"Employment: Other general purpose machinery manufacturing, (Ths. #, SA)",2032,17.77794958894662,0.9998287972275524,-0.01712027724476428
3339,"Employment: Other general purpose machinery manufacturing, (Ths. #, SA)",2033,17.72480129995611,0.9970104376365453,-0.2989562363454712
3339,"Employment: Other general purpose machinery manufacturing, (Ths. #, SA)",2034,17.64192564199205,0.9953243110282841,-0.46756889717158856
3344,"Employment: Semiconductor and other electronic component manufacturing, (Ths. #, SA)",2024,11.41356671986399,1.0174452876019313,1.7445287601931314
3344,"Employment: Semiconductor and other electronic component manufacturing, (Ths. #, SA)",2025,11.17482613127719,0.9790827359714558,-2.0917264028544214
3344,"Employment: Semiconductor and other electronic component manufacturing, (Ths. #, SA)",2026,11.16761856140764,0.999355017269631,-0.06449827303689482
3344,"Employment: Semiconductor and other electronic component manufacturing, (Ths. #, SA)",2027,11.17674935808047,1.000817613587232,0.08176135872319801
3344,"Employment: Semiconductor and other electronic component manufacturing, (Ths. #, SA)",2028,11.15279771318182,0.9978570115396448,-0.21429884603552107
3344,"Employment: Semiconductor and other electronic component manufacturing, (Ths. #, SA)",2029,11.10665855375904,0.995862996836368,-0.41370031636319693
3344,"Employment: Semiconductor and other electronic component manufacturing, (Ths. #, SA)",2030,11.06548508389121,0.9962929021659809,-0.3707097834019124
3344,"Employment: Semiconductor and other electronic component manufacturing, (Ths. #, SA)",2031,11.02166906692386,0.9960402985829211,-0.3959701417078909
3344,"Employment: Semiconductor and other electronic component manufacturing, (Ths. #, SA)",2032,10.95889394114003,0.9943043902513623,-0.5695609748637698
3344,"Employment: Semiconductor and other electronic component manufacturing, (Ths. #, SA)",2033,10.87530135248368,0.9923721692074653,-0.7627830792534707
3344,"Employment: Semiconductor and other electronic component manufacturing, (Ths. #, SA)",2034,10.7881220203894,0.991983731827866,-0.8016268172133967
3345,"Employment: Navigational; measuring; electromedical; and control instruments manufacturing, (Ths. #, SA)",2024,9.762393132364156,1.0174453029222754,1.7445302922275419
3345,"Employment: Navigational; measuring; electromedical; and control instruments manufacturing, (Ths. #, SA)",2025,9.559448495672438,0.9792115894186929,-2.0788410581307093
3345,"Employment: Navigational; measuring; electromedical; and control instruments manufacturing, (Ths. #, SA)",2026,9.55949293769609,1.0000046490154397,0.0004649015439728288
3345,"Employment: Navigational; measuring; electromedical; and control instruments manufacturing, (Ths. #, SA)",2027,9.573726398674598,1.0014889347239728,0.14889347239728234
3345,"Employment: Navigational; measuring; electromedical; and control instruments manufacturing, (Ths. #, SA)",2028,9.559400195031577,0.9985035917001969,-0.14964082998031314
3345,"Employment: Navigational; measuring; electromedical; and control instruments manufacturing, (Ths. #, SA)",2029,9.525803698656157,0.9964855016329496,-0.35144983670504226
3345,"Employment: Navigational; measuring; electromedical; and control instruments manufacturing, (Ths. #, SA)",2030,9.496201702963631,0.9968924411389349,-0.3107558861065063
3345,"Employment: Navigational; measuring; electromedical; and control instruments manufacturing, (Ths. #, SA)",2031,9.464069495147328,0.9966163094654702,-0.3383690534529804
3345,"Employment: Navigational; measuring; electromedical; and control instruments manufacturing, (Ths. #, SA)",2032,9.415389933631443,0.9948563816505316,-0.5143618349468415
3345,"Employment: Navigational; measuring; electromedical; and control instruments manufacturing, (Ths. #, SA)",2033,9.348541815757226,0.9929001222099747,-0.70998777900253
3345,"Employment: Navigational; measuring; electromedical; and control instruments manufacturing, (Ths. #, SA)",2034,9.27831911864464,0.9924883796321878,-0.7511620367812166
3359,"Employment: Other electrical equipment and component manufacturing, (Ths. #, SA)",2024,4.412524706375623,0.9725938584604308,-2.7406141539569218
3359,"Employment: Other electrical equipment and component manufacturing, (Ths. #, SA)",2025,4.546380424781322,1.0303354037230186,3.0335403723018572
3359,"Employment: Other electrical equipment and component manufacturing, (Ths. #, SA)",2026,4.505418363257887,0.9909901817058334,-0.9009818294166583
3359,"Employment: Other electrical equipment and component manufacturing, (Ths. #, SA)",2027,4.510913581536704,1.0012196910110793,0.12196910110793269
3359,"Employment: Other electrical equipment and component manufacturing, (Ths. #, SA)",2028,4.515914105502558,1.0011085390742847,0.11085390742846535
3359,"Employment: Other electrical equipment and component manufacturing, (Ths. #, SA)",2029,4.512008927508371,0.999135240860886,-0.08647591391139908
3359,"Employment: Other electrical equipment and component manufacturing, (Ths. #, SA)",2030,4.506346593092497,0.9987450524795389,-0.12549475204610694
3359,"Employment: Other electrical equipment and component manufacturing, (Ths. #, SA)",2031,4.492301333706607,0.9968832270009105,-0.3116772999089523
3359,"Employment: Other electrical equipment and component manufacturing, (Ths. #, SA)",2032,4.459601727785215,0.9927209678308888,-0.7279032169111188
3359,"Employment: Other electrical equipment and component manufacturing, (Ths. #, SA)",2033,4.413702459501886,0.989707765158185,-1.0292234841814962
3359,"Employment: Other electrical equipment and component manufacturing, (Ths. #, SA)",2034,4.358307158526603,0.9874492443739548,-1.255075562604524
3361,"Employment: Motor vehicle manufacturing, (Ths. #, SA)",2024,48.64299297332764,0.9935689211284995,-0.6431078871500517
3361,"Employment: Motor vehicle manufacturing, (Ths. #, SA)",2025,48.22538719421171,0.991414883139594,-0.8585116860405972
3361,"Employment: Motor vehicle manufacturing, (Ths. #, SA)",2026,51.069603991804016,1.058977583448696,5.897758344869608
3361,"Employment: Motor vehicle manufacturing, (Ths. #, SA)",2027,53.69794332367868,1.0514658255876916,5.146582558769164
3361,"Employment: Motor vehicle manufacturing, (Ths. #, SA)",2028,56.44191588991277,1.0511001426943685,5.110014269436847
3361,"Employment: Motor vehicle manufacturing, (Ths. #, SA)",2029,59.127922741177855,1.047588867403155,4.758886740315504
3361,"Employment: Motor vehicle manufacturing, (Ths. #, SA)",2030,61.8738239118718,1.0464400074177076,4.64400074177076
3361,"Employment: Motor vehicle manufacturing, (Ths. #, SA)",2031,64.28035811533891,1.0388942213575614,3.8894221357561376
3361,"Employment: Motor vehicle manufacturing, (Ths. #, SA)",2032,66.13555054560949,1.0288609535581894,2.8860953558189406
3361,"Employment: Motor vehicle manufacturing, (Ths. #, SA)",2033,67.57777562397911,1.0218071077729216,2.180710777292161
3361,"Employment: Motor vehicle manufacturing, (Ths. #, SA)",2034,68.76399923433569,1.017553457470353,1.7553457470353084
3362,"Employment: Motor vehicle body and trailer manufacturing, (Ths. #, SA)",2024,8.594277574762243,0.9751349636786844,-2.486503632131565
3362,"Employment: Motor vehicle body and trailer manufacturing, (Ths. #, SA)",2025,8.643815796641203,1.005764093776123,0.5764093776122969
3362,"Employment: Motor vehicle body and trailer manufacturing, (Ths. #, SA)",2026,8.551611935434364,0.9893329678262386,-1.0667032173761415
3362,"Employment: Motor vehicle body and trailer manufacturing, (Ths. #, SA)",2027,8.56711539592709,1.0018129284408341,0.18129284408341384
3362,"Employment: Motor vehicle body and trailer manufacturing, (Ths. #, SA)",2028,8.594706796473051,1.0032206173572822,0.3220617357282185
3362,"Employment: Motor vehicle body and trailer manufacturing, (Ths. #, SA)",2029,8.607625957512628,1.0015031532017913,0.15031532017912852
3362,"Employment: Motor vehicle body and trailer manufacturing, (Ths. #, SA)",2030,8.625685919846608,1.0020981351214755,0.20981351214754973
3362,"Employment: Motor vehicle body and trailer manufacturing, (Ths. #, SA)",2031,8.595487897598098,0.9964990584483224,-0.3500941551677572
3362,"Employment: Motor vehicle body and trailer manufacturing, (Ths. #, SA)",2032,8.496049122247719,0.9884312820243554,-1.1568717975644627
3362,"Employment: Motor vehicle body and trailer manufacturing, (Ths. #, SA)",2033,8.353726614451276,0.9832483892514512,-1.6751610748548806
3362,"Employment: Motor vehicle body and trailer manufacturing, (Ths. #, SA)",2034,8.193100068556616,0.9807718694532344,-1.9228130546765643
3363,"Employment: Motor vehicle parts manufacturing, (Ths. #, SA)",2024,118.33649508158369,0.961894808692832,-3.810519130716805
3363,"Employment: Motor vehicle parts manufacturing, (Ths. #, SA)",2025,113.36792900706621,0.9580132395243577,-4.1986760475642315
3363,"Employment: Motor vehicle parts manufacturing, (Ths. #, SA)",2026,110.76193244928609,0.9770129296653405,-2.298707033465952
3363,"Employment: Motor vehicle parts manufacturing, (Ths. #, SA)",2027,109.7079114542933,0.9904839056913765,-0.9516094308623546
3363,"Employment: Motor vehicle parts manufacturing, (Ths. #, SA)",2028,108.86178104881951,0.9922874258177241,-0.7712574182275889
3363,"Employment: Motor vehicle parts manufacturing, (Ths. #, SA)",2029,107.8789224327852,0.9909714997626804,-0.9028500237319603
3363,"Employment: Motor vehicle parts manufacturing, (Ths. #, SA)",2030,107.0112516876844,0.9919569946980014,-0.804300530199864
3363,"Employment: Motor vehicle parts manufacturing, (Ths. #, SA)",2031,105.5982526605608,0.9867957901170291,-1.3204209882970885
3363,"Employment: Motor vehicle parts manufacturing, (Ths. #, SA)",2032,103.39875159230861,0.9791710467471242,-2.0828953252875815
3363,"Employment: Motor vehicle parts manufacturing, (Ths. #, SA)",2033,100.75277457155421,0.9744099713003573,-2.5590028699642664
3363,"Employment: Motor vehicle parts manufacturing, (Ths. #, SA)",2034,97.96537951552973,0.9723343097212188,-2.7665690278781185
4231,"Employment: Motor vehicle and motor vehicle parts and supplies merchant wholesalers, (Ths. #, SA)",2024,26.0927193959554,1.0276790978205146,2.7679097820514587
4231,"Employment: Motor vehicle and motor vehicle parts and supplies merchant wholesalers, (Ths. #, SA)",2025,26.42113625251917,1.0125865323418408,1.2586532341840817
4231,"Employment: Motor vehicle and motor vehicle parts and supplies merchant wholesalers, (Ths. #, SA)",2026,26.504487296015434,1.0031547107853214,0.31547107853213685
4231,"Employment: Motor vehicle and motor vehicle parts and supplies merchant wholesalers, (Ths. #, SA)",2027,26.64535177562878,1.0053147407848377,0.5314740784837735
4231,"Employment: Motor vehicle and motor vehicle parts and supplies merchant wholesalers, (Ths. #, SA)",2028,26.8108868693979,1.0062125317452377,0.6212531745237726
4231,"Employment: Motor vehicle and motor vehicle parts and supplies merchant wholesalers, (Ths. #, SA)",2029,26.942527578087994,1.0049099721815002,0.4909972181500244
4231,"Employment: Motor vehicle and motor vehicle parts and supplies merchant wholesalers, (Ths. #, SA)",2030,27.04981317822056,1.003982016899551,0.3982016899551022
4231,"Employment: Motor vehicle and motor vehicle parts and supplies merchant wholesalers, (Ths. #, SA)",2031,27.11576095313271,1.0024380122138976,0.24380122138976112
4231,"Employment: Motor vehicle and motor vehicle parts and supplies merchant wholesalers, (Ths. #, SA)",2032,27.09689771111101,0.9993043439918834,-0.06956560081166074
4231,"Employment: Motor vehicle and motor vehicle parts and supplies merchant wholesalers, (Ths. #, SA)",2033,26.98449325129358,0.9958517590826886,-0.4148240917311363
4231,"Employment: Motor vehicle and motor vehicle parts and supplies merchant wholesalers, (Ths. #, SA)",2034,26.832002531134673,0.9943489500158913,-0.5651049984108703
4235,"Employment: Metal and mineral (except petroleum) merchant wholesalers, (Ths. #, SA)",2024,6.65210060278104,1.0066523696396539,0.6652369639653877
4235,"Employment: Metal and mineral (except petroleum) merchant wholesalers, (Ths. #, SA)",2025,6.680159481303371,1.0042180478314775,0.42180478314775005
4235,"Employment: Metal and mineral (except petroleum) merchant wholesalers, (Ths. #, SA)",2026,6.65651027334703,0.996459783928433,-0.35402160715669595
4235,"Employment: Metal and mineral (except petroleum) merchant wholesalers, (Ths. #, SA)",2027,6.641442437685093,0.9977363761125301,-0.22636238874699233
4235,"Employment: Metal and mineral (except petroleum) merchant wholesalers, (Ths. #, SA)",2028,6.634084763079228,0.9988921571368117,-0.11078428631883241
4235,"Employment: Metal and mineral (except petroleum) merchant wholesalers, (Ths. #, SA)",2029,6.619889038602016,0.9978601834338604,-0.21398165661395963
4235,"Employment: Metal and mineral (except petroleum) merchant wholesalers, (Ths. #, SA)",2030,6.601349342350417,0.9971993947113781,-0.28006052886219157
4235,"Employment: Metal and mineral (except petroleum) merchant wholesalers, (Ths. #, SA)",2031,6.574465832841628,0.9959275735740388,-0.4072426425961173
4235,"Employment: Metal and mineral (except petroleum) merchant wholesalers, (Ths. #, SA)",2032,6.528919762168666,0.9930722781392454,-0.6927721860754632
4235,"Employment: Metal and mineral (except petroleum) merchant wholesalers, (Ths. #, SA)",2033,6.462964147003597,0.9898979283606388,-1.0102071639361165
4235,"Employment: Metal and mineral (except petroleum) merchant wholesalers, (Ths. #, SA)",2034,6.389691012011758,0.9886626115625582,-1.1337388437441809
4238,"Employment: Machinery; equipment; and supplies merchant wholesalers, (Ths. #, SA)",2024,24.4630282719757,1.0066523857761898,0.6652385776189762
4238,"Employment: Machinery; equipment; and supplies merchant wholesalers, (Ths. #, SA)",2025,24.58341216450528,1.0049210543842395,0.49210543842395094
4238,"Employment: Machinery; equipment; and supplies merchant wholesalers, (Ths. #, SA)",2026,24.580745828820287,0.9998915392351904,-0.010846076480963696
4238,"Employment: Machinery; equipment; and supplies merchant wholesalers, (Ths. #, SA)",2027,24.612265344352153,1.0012822847504859,0.12822847504858625
4238,"Employment: Machinery; equipment; and supplies merchant wholesalers, (Ths. #, SA)",2028,24.66930509782828,1.0023175336637273,0.23175336637273336
4238,"Employment: Machinery; equipment; and supplies merchant wholesalers, (Ths. #, SA)",2029,24.6978997444167,1.0011591184459807,0.11591184459807113
4238,"Employment: Machinery; equipment; and supplies merchant wholesalers, (Ths. #, SA)",2030,24.70712380711154,1.0003734755906493,0.03734755906492637
4238,"Employment: Machinery; equipment; and supplies merchant wholesalers, (Ths. #, SA)",2031,24.68178515880524,0.9989744395784748,-0.10255604215252401
4238,"Employment: Machinery; equipment; and supplies merchant wholesalers, (Ths. #, SA)",2032,24.5827869555218,0.9959890177048996,-0.40109822951004404
4238,"Employment: Machinery; equipment; and supplies merchant wholesalers, (Ths. #, SA)",2033,24.4029538468215,0.9926845923114545,-0.731540768854555
4238,"Employment: Machinery; equipment; and supplies merchant wholesalers, (Ths. #, SA)",2034,24.19123908757146,0.991324215888823,-0.8675784111176976
4239,"Employment: Miscellaneous durable goods merchant wholesalers, (Ths. #, SA)",2024,8.818091551456577,1.006652394690534,0.6652394690533914
4239,"Employment: Miscellaneous durable goods merchant wholesalers, (Ths. #, SA)",2025,8.858774636678085,1.0046135929735032,0.46135929735031667
4239,"Employment: Miscellaneous durable goods merchant wholesalers, (Ths. #, SA)",2026,8.844510361873093,0.9983898140104013,-0.16101859895987225
4239,"Employment: Miscellaneous durable goods merchant wholesalers, (Ths. #, SA)",2027,8.842127684307181,0.999730603790552,-0.02693962094479918
4239,"Employment: Miscellaneous durable goods merchant wholesalers, (Ths. #, SA)",2028,8.849366173287223,1.00081863655881,0.0818636558810093
4239,"Employment: Miscellaneous durable goods merchant wholesalers, (Ths. #, SA)",2029,8.84684930472057,0.9997155877022864,-0.028441229771358767
4239,"Employment: Miscellaneous durable goods merchant wholesalers, (Ths. #, SA)",2030,8.83786633657975,0.9989846138629235,-0.10153861370765238
4239,"Employment: Miscellaneous durable goods merchant wholesalers, (Ths. #, SA)",2031,8.817020258326043,0.9976412770390715,-0.23587229609285387
4239,"Employment: Miscellaneous durable goods merchant wholesalers, (Ths. #, SA)",2032,8.770403129761092,0.9947128250589048,-0.5287174941095207
4239,"Employment: Miscellaneous durable goods merchant wholesalers, (Ths. #, SA)",2033,8.695550759335468,0.9914653443726408,-0.8534655627359222
4239,"Employment: Miscellaneous durable goods merchant wholesalers, (Ths. #, SA)",2034,8.609984064914599,0.9901597153775445,-0.9840284622455453
4247,"Employment: Petroleum and petroleum products merchant wholesalers, (Ths. #, SA)",2024,3.613630902615587,0.999693580981997,-0.03064190180029902
4247,"Employment: Petroleum and petroleum products merchant wholesalers, (Ths. #, SA)",2025,3.607774732941369,0.9983794222951826,-0.1620577704817383
4247,"Employment: Petroleum and petroleum products merchant wholesalers, (Ths. #, SA)",2026,3.560810909273132,0.986982606414024,-1.3017393585975978
4247,"Employment: Petroleum and petroleum products merchant wholesalers, (Ths. #, SA)",2027,3.519297053170688,0.9883414600886746,-1.1658539911325372
4247,"Employment: Petroleum and petroleum products merchant wholesalers, (Ths. #, SA)",2028,3.483360845213348,0.9897888108294344,-1.0211189170565627
4247,"Employment: Petroleum and petroleum products merchant wholesalers, (Ths. #, SA)",2029,3.445279156024514,0.9890675439952872,-1.093245600471282
4247,"Employment: Petroleum and petroleum products merchant wholesalers, (Ths. #, SA)",2030,3.40640418109852,0.9887164513627246,-1.1283548637275431
4247,"Employment: Petroleum and petroleum products merchant wholesalers, (Ths. #, SA)",2031,3.364722250106602,0.9877636566960541,-1.2236343303945851
4247,"Employment: Petroleum and petroleum products merchant wholesalers, (Ths. #, SA)",2032,3.315052446913064,0.9852380673644119,-1.4761932635588115
4247,"Employment: Petroleum and petroleum products merchant wholesalers, (Ths. #, SA)",2033,3.256694189030787,0.9823959774945282,-1.7604022505471772
4247,"Employment: Petroleum and petroleum products merchant wholesalers, (Ths. #, SA)",2034,3.196386369194653,0.9814818904276419,-1.851810957235811
4411,"Employment: Automobile dealers, (Ths. #, SA)",2024,38.72263871769282,1.001073330417678,0.10733304176779868
4411,"Employment: Automobile dealers, (Ths. #, SA)",2025,39.0391865195122,1.0081747477006195,0.8174747700619545
4411,"Employment: Automobile dealers, (Ths. #, SA)",2026,38.97290926704644,0.9983022891003983,-0.16977108996016899
4411,"Employment: Automobile dealers, (Ths. #, SA)",2027,38.85855691690705,0.9970658502972966,-0.2934149702703448
4411,"Employment: Automobile dealers, (Ths. #, SA)",2028,38.816522023259985,0.9989182590146889,-0.10817409853111082
4411,"Employment: Automobile dealers, (Ths. #, SA)",2029,38.81542677853835,0.9999717840583199,-0.002821594168012087
4411,"Employment: Automobile dealers, (Ths. #, SA)",2030,38.87824045233931,1.0016182657003707,0.16182657003707135
4411,"Employment: Automobile dealers, (Ths. #, SA)",2031,38.90198765891877,1.0006108097049446,0.061080970494464815
4411,"Employment: Automobile dealers, (Ths. #, SA)",2032,38.79128569614372,0.997154336592113,-0.28456634078869447
4411,"Employment: Automobile dealers, (Ths. #, SA)",2033,38.576706239815366,0.9944683592596241,-0.5531640740375932
4411,"Employment: Automobile dealers, (Ths. #, SA)",2034,38.32658418616749,0.9935162413272669,-0.6483758672733098
4413,"Employment: Automotive parts; accessories; and tire stores, (Ths. #, SA)",2024,17.63536768939793,1.0010733260439537,0.10733260439537151
4413,"Employment: Automotive parts; accessories; and tire stores, (Ths. #, SA)",2025,17.78499355785311,1.008484420120434,0.8484420120433933
4413,"Employment: Automotive parts; accessories; and tire stores, (Ths. #, SA)",2026,17.78164625254057,0.9998117904680902,-0.018820953190978873
4413,"Employment: Automotive parts; accessories; and tire stores, (Ths. #, SA)",2027,17.75717826380257,0.9986239750588614,-0.13760249411386427
4413,"Employment: Automotive parts; accessories; and tire stores, (Ths. #, SA)",2028,17.76471685295279,1.0004245375609924,0.04245375609923663
4413,"Employment: Automotive parts; accessories; and tire stores, (Ths. #, SA)",2029,17.79003215463934,1.0014250326586176,0.14250326586175976
4413,"Employment: Automotive parts; accessories; and tire stores, (Ths. #, SA)",2030,17.84373816117388,1.0030188819259966,0.30188819259966415
4413,"Employment: Automotive parts; accessories; and tire stores, (Ths. #, SA)",2031,17.87863245098683,1.0019555481871436,0.19555481871436076
4413,"Employment: Automotive parts; accessories; and tire stores, (Ths. #, SA)",2032,17.85076652543904,0.9984413838349112,-0.15586161650887886
4413,"Employment: Automotive parts; accessories; and tire stores, (Ths. #, SA)",2033,17.77398320485576,0.9956985981260884,-0.4301401873911592
4413,"Employment: Automotive parts; accessories; and tire stores, (Ths. #, SA)",2034,17.67963151971356,0.9946915846574884,-0.5308415342511585
4571,"Employment: Gasoline stations, (Ths. #, SA)",2024,27.21258560816447,1.0116507112272637,1.1650711227263688
4571,"Employment: Gasoline stations, (Ths. #, SA)",2025,27.52918942028736,1.01163446269611,1.1634462696110015
4571,"Employment: Gasoline stations, (Ths. #, SA)",2026,27.49623152409406,0.9988028017937568,-0.11971982062431996
4571,"Employment: Gasoline stations, (Ths. #, SA)",2027,27.47142727701447,0.999097903759726,-0.09020962402740418
4571,"Employment: Gasoline stations, (Ths. #, SA)",2028,27.495753566903673,1.000885512414186,0.0885512414185996
4571,"Employment: Gasoline stations, (Ths. #, SA)",2029,27.54723678332574,1.0018724060897912,0.1872406089791223
4571,"Employment: Gasoline stations, (Ths. #, SA)",2030,27.642343570231606,1.0034524982543234,0.3452498254323366
4571,"Employment: Gasoline stations, (Ths. #, SA)",2031,27.70797006846098,1.0023741293158677,0.2374129315867668
4571,"Employment: Gasoline stations, (Ths. #, SA)",2032,27.67594226462204,0.9988440941808511,-0.1155905819148928
4571,"Employment: Gasoline stations, (Ths. #, SA)",2033,27.567603458065527,0.9960854519235285,-0.39145480764715135
4571,"Employment: Gasoline stations, (Ths. #, SA)",2034,27.43150041288116,0.9950629351807313,-0.49370648192686994
4841,"Employment: General freight trucking, (Ths. #, SA)",2024,35.49001170792712,0.943502776999171,-5.649722300082905
4841,"Employment: General freight trucking, (Ths. #, SA)",2025,35.84124243164322,1.009896607716183,0.9896607716183059
4841,"Employment: General freight trucking, (Ths. #, SA)",2026,35.2522507355374,0.9835666495872974,-1.6433350412702552
4841,"Employment: General freight trucking, (Ths. #, SA)",2027,34.37964470606924,0.9752467995302072,-2.475320046979279
4841,"Employment: General freight trucking, (Ths. #, SA)",2028,33.569638394148086,0.9764393634999328,-2.3560636500067234
4841,"Employment: General freight trucking, (Ths. #, SA)",2029,32.79000980624273,0.976775782367639,-2.3224217632361044
4841,"Employment: General freight trucking, (Ths. #, SA)",2030,32.05953610475482,0.977722675113417,-2.227732488658296
4841,"Employment: General freight trucking, (Ths. #, SA)",2031,31.28520422733297,0.9758470654443747,-2.4152934555625283
4841,"Employment: General freight trucking, (Ths. #, SA)",2032,30.4138842504143,0.972149135719644,-2.785086428035599
4841,"Employment: General freight trucking, (Ths. #, SA)",2033,29.50031168374078,0.9699619897560084,-3.0038010243991553
4841,"Employment: General freight trucking, (Ths. #, SA)",2034,28.61169582406731,0.9698777467438342,-3.01222532561658
4842,"Employment: Specialized freight trucking, (Ths. #, SA)",2024,11.65307059289482,1.0068914934739797,0.689149347397966
4842,"Employment: Specialized freight trucking, (Ths. #, SA)",2025,11.44409821481957,0.9820671833737395,-1.793281662626045
4842,"Employment: Specialized freight trucking, (Ths. #, SA)",2026,11.06699757630089,0.9670484618848908,-3.2951538115109202
4842,"Employment: Specialized freight trucking, (Ths. #, SA)",2027,10.74731930844206,0.9711142732566062,-2.8885726743393847
4842,"Employment: Specialized freight trucking, (Ths. #, SA)",2028,10.45121372189083,0.972448423829872,-2.7551576170128045
4842,"Employment: Specialized freight trucking, (Ths. #, SA)",2029,10.16827525568673,0.9729276930189011,-2.707230698109886
4842,"Employment: Specialized freight trucking, (Ths. #, SA)",2030,9.90406679932649,0.9740163941556874,-2.5983605844312585
4842,"Employment: Specialized freight trucking, (Ths. #, SA)",2031,9.629635948656055,0.9722910945341063,-2.7708905465893663
4842,"Employment: Specialized freight trucking, (Ths. #, SA)",2032,9.328675065134084,0.9687463902969276,-3.125360970307245
4842,"Employment: Specialized freight trucking, (Ths. #, SA)",2033,9.018100912926217,0.9667075817263013,-3.3292418273698665
4842,"Employment: Specialized freight trucking, (Ths. #, SA)",2034,8.718394190967638,0.9667660935653326,-3.3233906434667393
5413,"Employment: Architectural; engineering; and related services, (Ths. #, SA)",2024,85.22514095498168,0.9585738832983716,-4.142611670162843
5413,"Employment: Architectural; engineering; and related services, (Ths. #, SA)",2025,84.16635183586877,0.9875765635908752,-1.24234364091248
5413,"Employment: Architectural; engineering; and related services, (Ths. #, SA)",2026,84.54281659024349,1.004472865297867,0.4472865297866946
5413,"Employment: Architectural; engineering; and related services, (Ths. #, SA)",2027,85.29102272755189,1.0088500261463342,0.8850026146334233
5413,"Employment: Architectural; engineering; and related services, (Ths. #, SA)",2028,86.10945416004752,1.00959575118603,0.9595751186030066
5413,"Employment: Architectural; engineering; and related services, (Ths. #, SA)",2029,86.82983953235872,1.0083659265911993,0.836592659119928
5413,"Employment: Architectural; engineering; and related services, (Ths. #, SA)",2030,87.54973054561619,1.0082908251026905,0.8290825102690524
5413,"Employment: Architectural; engineering; and related services, (Ths. #, SA)",2031,88.16381987397328,1.0070141772513752,0.7014177251375209
5413,"Employment: Architectural; engineering; and related services, (Ths. #, SA)",2032,88.4999498561859,1.0038125614644773,0.3812561464477282
5413,"Employment: Architectural; engineering; and related services, (Ths. #, SA)",2033,88.63363883060481,1.0015106107363467,0.15106107363467292
5413,"Employment: Architectural; engineering; and related services, (Ths. #, SA)",2034,88.75161226025693,1.001331023200769,0.13310232007690548
5414,"Employment: Specialized design services, (Ths. #, SA)",2024,10.38962302546045,1.1262001282802812,12.620012828028116
5414,"Employment: Specialized design services, (Ths. #, SA)",2025,10.26945831632533,0.988434160812125,-1.1565839187875016
5414,"Employment: Specialized design services, (Ths. #, SA)",2026,10.12073458821827,0.9855178604824136,-1.4482139517586368
5414,"Employment: Specialized design services, (Ths. #, SA)",2027,10.13241218894954,1.0011538293618396,0.1153829361839609
5414,"Employment: Specialized design services, (Ths. #, SA)",2028,10.1543334934905,1.0021634832981692,0.21634832981691776
5414,"Employment: Specialized design services, (Ths. #, SA)",2029,10.1665974037772,1.0012077513797002,0.12077513797001949
5414,"Employment: Specialized design services, (Ths. #, SA)",2030,10.18082561478933,1.0013995056996006,0.13995056996005673
5414,"Employment: Specialized design services, (Ths. #, SA)",2031,10.1848777247976,1.0003980138901882,0.03980138901882313
5414,"Employment: Specialized design services, (Ths. #, SA)",2032,10.15920977251146,0.9974797976981457,-0.2520202301854346
5414,"Employment: Specialized design services, (Ths. #, SA)",2033,10.11303780686662,0.9954551617026581,-0.4544838297341869
5414,"Employment: Specialized design services, (Ths. #, SA)",2034,10.06795348718317,0.9955419607298571,-0.4458039270142877
5417,"Employment: Scientific research and development services, (Ths. #, SA)",2024,23.241098429384447,1.0088977892792088,0.8897789279208812
5417,"Employment: Scientific research and development services, (Ths. #, SA)",2025,22.97978011234582,0.9887561976542282,-1.1243802345771825
5417,"Employment: Scientific research and development services, (Ths. #, SA)",2026,23.40011157607198,1.0182913614347568,1.8291361434756848
5417,"Employment: Scientific research and development services, (Ths. #, SA)",2027,23.90404085921531,1.0215353367656004,2.1535336765600377
5417,"Employment: Scientific research and development services, (Ths. #, SA)",2028,24.426171887820033,1.0218427935126053,2.184279351260532
5417,"Employment: Scientific research and development services, (Ths. #, SA)",2029,24.918560391903434,1.0201582346322933,2.015823463229327
5417,"Employment: Scientific research and development services, (Ths. #, SA)",2030,25.40797423377302,1.019640534371665,1.964053437166502
5417,"Employment: Scientific research and development services, (Ths. #, SA)",2031,25.86297664241172,1.0179078585507182,1.7907858550718192
5417,"Employment: Scientific research and development services, (Ths. #, SA)",2032,26.23118547132992,1.0142369083810092,1.4236908381009217
5417,"Employment: Scientific research and development services, (Ths. #, SA)",2033,26.532211197591632,1.0114758719765344,1.1475871976534435
5417,"Employment: Scientific research and development services, (Ths. #, SA)",2034,26.82022884376294,1.0108553955049722,1.0855395504972165
8111,"Employment: Automotive repair and maintenance, (Ths. #, SA)",2024,30.889639598671486,1.0069121439515694,0.6912143951569361
8111,"Employment: Automotive repair and maintenance, (Ths. #, SA)",2025,31.586889608326366,1.0225722934522314,2.257229345223144
8111,"Employment: Automotive repair and maintenance, (Ths. #, SA)",2026,31.78502900077302,1.0062728364490319,0.6272836449031871
8111,"Employment: Automotive repair and maintenance, (Ths. #, SA)",2027,31.83601946192304,1.001604228869786,0.16042288697859508
8111,"Employment: Automotive repair and maintenance, (Ths. #, SA)",2028,32.01626660314231,1.00566173611732,0.5661736117319904
8111,"Employment: Automotive repair and maintenance, (Ths. #, SA)",2029,32.33684874104042,1.01001310183576,1.0013101835760096
8111,"Employment: Automotive repair and maintenance, (Ths. #, SA)",2030,32.80874189613894,1.0145930470491273,1.459304704912734
8111,"Employment: Automotive repair and maintenance, (Ths. #, SA)",2031,33.24715092504386,1.0133625675221796,1.336256752217957
8111,"Employment: Automotive repair and maintenance, (Ths. #, SA)",2032,33.47809433909261,1.0069462617885487,0.6946261788548735
8111,"Employment: Automotive repair and maintenance, (Ths. #, SA)",2033,33.53001706904946,1.001550946401875,0.15509464018750307
8111,"Employment: Automotive repair and maintenance, (Ths. #, SA)",2034,33.49343716246901,0.998909040025088,-0.10909599749120424
