segment_id,segment_name,year,employment,wages,gdp
1,1. Materials & Processing - Coatings & Surface Treatments,1970,202.6524410822653,NDND,NDND
1,1. Materials & Processing - Coatings & Surface Treatments,1971,193.89837816486607,NDND,NDND
1,1. Materials & Processing - Coatings & Surface Treatments,1972,197.3563903587413,NDND,NDND
1,1. Materials & Processing - Coatings & Surface Treatments,1973,208.57016793211994,NDND,NDND
1,1. Materials & Processing - Coatings & Surface Treatments,1974,209.21590337949254,NDND,NDND
1,1. Materials & Processing - Coatings & Surface Treatments,1975,189.5115542961068,2035.3895331204458,NDND
1,1. Materials & Processing - Coatings & Surface Treatments,1976,197.35484028548362,2301.783123224748,NDND
1,1. Materials & Processing - Coatings & Surface Treatments,1977,205.47614594024992,2579.149362635768,5.736680367130836
1,1. Materials & Processing - Coatings & Surface Treatments,1978,218.42562123995367,2952.164144270419,6.439879011025559
1,1. Materials & Processing - Coatings & Surface Treatments,1979,226.58169216111327,3315.8732108306167,7.262132615311628
1,1. Materials & Processing - Coatings & Surface Treatments,1980,213.43566462260026,3447.285389646371,7.39791911550099
1,1. Materials & Processing - Coatings & Surface Treatments,1981,214.34649391798922,3781.676816973735,8.464141158040349
1,1. Materials & Processing - Coatings & Surface Treatments,1982,199.14537403612798,3796.6232530441366,8.184050460549912
1,1. Materials & Processing - Coatings & Surface Treatments,1983,198.16889213794673,3955.6010423576336,9.011417411247134
1,1. Materials & Processing - Coatings & Surface Treatments,1984,215.31474266097888,4532.537513035584,10.178630027674284
1,1. Materials & Processing - Coatings & Surface Treatments,1985,221.23695584401867,4917.88014446818,10.87493386420443
1,1. Materials & Processing - Coatings & Surface Treatments,1986,216.01488901002776,4989.244845325062,11.184795590126031
1,1. Materials & Processing - Coatings & Surface Treatments,1987,220.7523627090539,5270.683568019055,12.57201003076613
1,1. Materials & Processing - Coatings & Surface Treatments,1988,230.60384239462476,5808.412548077575,13.787238496882456
1,1. Materials & Processing - Coatings & Surface Treatments,1989,230.57585677091078,5941.814521494185,14.56891524441015
1,1. Materials & Processing - Coatings & Surface Treatments,1990,226.97081935556355,6147.407267695167,15.089569740868177
1,1. Materials & Processing - Coatings & Surface Treatments,1991,218.9246189964889,6019.951919282213,14.63641203957334
1,1. Materials & Processing - Coatings & Surface Treatments,1992,217.51288875278448,6366.322125129504,15.4236657156255
1,1. Materials & Processing - Coatings & Surface Treatments,1993,220.51060393027586,6597.112035947857,16.210233411150668
1,1. Materials & Processing - Coatings & Surface Treatments,1994,227.78988352577215,7133.713400237224,18.590491379350397
1,1. Materials & Processing - Coatings & Surface Treatments,1995,233.98442326265544,7574.511584262498,19.64054302289403
1,1. Materials & Processing - Coatings & Surface Treatments,1996,234.72245362315914,7969.163037783701,20.398935843514803
1,1. Materials & Processing - Coatings & Surface Treatments,1997,243.57639783370598,8560.02584288502,21.37625564638917
1,1. Materials & Processing - Coatings & Surface Treatments,1998,250.26158570676623,8957.72874136161,21.7666567527626
1,1. Materials & Processing - Coatings & Surface Treatments,1999,249.98746496851305,9162.404134132508,22.414592963491103
1,1. Materials & Processing - Coatings & Surface Treatments,2000,253.77163886882408,9632.600003026244,22.79911476394503
1,1. Materials & Processing - Coatings & Surface Treatments,2001,238.45707593824105,9265.28900783625,21.475579161466516
1,1. Materials & Processing - Coatings & Surface Treatments,2002,221.03268854848142,8802.543653810962,21.409780030162274
1,1. Materials & Processing - Coatings & Surface Treatments,2003,211.33901343810453,8685.900070565944,21.361615461331013
1,1. Materials & Processing - Coatings & Surface Treatments,2004,211.22176999836944,9076.75660989228,23.072311250678773
1,1. Materials & Processing - Coatings & Surface Treatments,2005,212.293617463259,9224.645472139384,23.345995633061847
1,1. Materials & Processing - Coatings & Surface Treatments,2006,215.20601255512932,9691.36006023569,25.92584300061226
1,1. Materials & Processing - Coatings & Surface Treatments,2007,212.82748504042848,9803.880545507971,27.08787218602151
1,1. Materials & Processing - Coatings & Surface Treatments,2008,206.3168686006643,9863.81240382561,26.179967994835778
1,1. Materials & Processing - Coatings & Surface Treatments,2009,178.2838590366424,8476.69888641865,24.599216611989647
1,1. Materials & Processing - Coatings & Surface Treatments,2010,178.76195629614085,8899.120455707762,26.10727854379866
1,1. Materials & Processing - Coatings & Surface Treatments,2011,187.80934213705538,9578.507117840789,27.16444193524888
1,1. Materials & Processing - Coatings & Surface Treatments,2012,192.5246871086128,10212.49917559931,28.487703460157043
1,1. Materials & Processing - Coatings & Surface Treatments,2013,195.73388211765484,10338.411780387854,29.74216103902404
1,1. Materials & Processing - Coatings & Surface Treatments,2014,198.54486884110918,10831.119581840256,30.48324812936549
1,1. Materials & Processing - Coatings & Surface Treatments,2015,201.81956206015812,11167.108997287807,31.08344672379491
1,1. Materials & Processing - Coatings & Surface Treatments,2016,197.96285791878321,11119.95978127173,31.408217896747853
1,1. Materials & Processing - Coatings & Surface Treatments,2017,197.9940032112299,11510.991538945596,31.737768713607856
1,1. Materials & Processing - Coatings & Surface Treatments,2018,204.48019835145146,12048.47518205161,34.50752414780832
1,1. Materials & Processing - Coatings & Surface Treatments,2019,208.0207516867067,12513.631571081303,34.61254715452958
1,1. Materials & Processing - Coatings & Surface Treatments,2020,192.85787871695163,11911.321997362893,33.265880110740994
1,1. Materials & Processing - Coatings & Surface Treatments,2021,187.32510030744376,12397.74651085412,35.33166535766891
1,1. Materials & Processing - Coatings & Surface Treatments,2022,197.165665098665,13547.441691051481,41.130136451774135
1,1. Materials & Processing - Coatings & Surface Treatments,2023,196.36990983566807,14015.555870869695,41.487812892059885
1,1. Materials & Processing - Coatings & Surface Treatments,2024,194.74888869794853,14342.15633390781,43.76279379912815
1,1. Materials & Processing - Coatings & Surface Treatments,2025,195.49899843333503,14817.940026028507,45.22690505035625
1,1. Materials & Processing - Coatings & Surface Treatments,2026,195.6499216117363,15153.121584224598,47.30188482727435
1,1. Materials & Processing - Coatings & Surface Treatments,2027,195.43696567429072,15463.907268780215,49.709822177410175
1,1. Materials & Processing - Coatings & Surface Treatments,2028,195.28435395276858,15715.422471328333,52.53458600445421
1,1. Materials & Processing - Coatings & Surface Treatments,2029,194.7158646069664,16037.945108917444,55.53253025086673
1,1. Materials & Processing - Coatings & Surface Treatments,2030,194.10605988496582,16413.098482978625,58.75548912271417
1,1. Materials & Processing - Coatings & Surface Treatments,2031,193.20974953129746,16775.27553857569,61.912405793236886
1,1. Materials & Processing - Coatings & Surface Treatments,2032,191.73994098399993,17064.14725919781,64.82165930470202
1,1. Materials & Processing - Coatings & Surface Treatments,2033,189.84331661737485,17278.650423571544,67.57172555833708
1,1. Materials & Processing - Coatings & Surface Treatments,2034,187.86789161736164,17466.028370193253,70.23420590494788
1,1. Materials & Processing - Coatings & Surface Treatments,2035,186.03307307631187,17677.33315427048,72.96756623519616
1,1. Materials & Processing - Coatings & Surface Treatments,2036,184.44585830382988,17932.467959413283,75.9602736060037
1,1. Materials & Processing - Coatings & Surface Treatments,2037,182.98131091345752,18218.40968938586,79.09652381229729
1,1. Materials & Processing - Coatings & Surface Treatments,2038,181.586911876216,18519.377326759448,82.23527306368821
1,1. Materials & Processing - Coatings & Surface Treatments,2039,180.2743861505092,18832.872099000677,85.37089055351645
1,1. Materials & Processing - Coatings & Surface Treatments,2040,178.93019529270407,19153.182265142754,88.39192100245768
1,1. Materials & Processing - Coatings & Surface Treatments,2041,177.59144190014888,19468.45503552077,91.29891308944886
1,1. Materials & Processing - Coatings & Surface Treatments,2042,176.2651685642874,19790.94763180899,94.21586551242228
1,1. Materials & Processing - Coatings & Surface Treatments,2043,174.9483147323775,20140.162960384856,97.16661965164644
1,1. Materials & Processing - Coatings & Surface Treatments,2044,173.69893963045502,20528.45473582561,100.19994038720158
1,1. Materials & Processing - Coatings & Surface Treatments,2045,172.53447282957427,20946.38051006449,103.32624591479627
1,1. Materials & Processing - Coatings & Surface Treatments,2046,171.46106885384768,21392.650418287754,106.56064814463082
1,1. Materials & Processing - Coatings & Surface Treatments,2047,170.4210011100708,21863.39370650745,109.9247123854338
1,1. Materials & Processing - Coatings & Surface Treatments,2048,169.36190250755055,22353.45069691861,113.40984816478709
1,1. Materials & Processing - Coatings & Surface Treatments,2049,168.36154854451397,22857.156605805183,117.01283230962996
1,1. Materials & Processing - Coatings & Surface Treatments,2050,167.4721872517933,23375.9679478643,120.79432760948201
1,1. Materials & Processing - Coatings & Surface Treatments,2051,166.66715748118867,23913.583739462178,124.69817152727913
1,1. Materials & Processing - Coatings & Surface Treatments,2052,165.896483839884,24474.25744009437,128.72077467810325
1,1. Materials & Processing - Coatings & Surface Treatments,2053,165.1178508202505,25055.16126652094,132.85816526168134
1,1. Materials & Processing - Coatings & Surface Treatments,2054,164.2932080968841,25653.970810180122,137.12539748095168
1,1. Materials & Processing - Coatings & Surface Treatments,2055,163.4290414250857,26269.32993889395,141.54739293613085
1,1. Materials & Processing - Metals,1970,626.3769330461242,NDNDNDND,NDNDNDND
1,1. Materials & Processing - Metals,1971,582.1185461802053,NDNDNDND,NDNDNDND
1,1. Materials & Processing - Metals,1972,585.5504534560224,NDNDNDND,NDNDNDND
1,1. Materials & Processing - Metals,1973,627.5121463622066,NDNDNDND,NDNDNDND
1,1. Materials & Processing - Metals,1974,632.7916117697264,NDNDNDND,NDNDNDND
1,1. Materials & Processing - Metals,1975,553.1111043378057,10812.025619051494,NDNDNDND
1,1. Materials & Processing - Metals,1976,572.9643058296879,12175.433360258097,NDNDNDND
1,1. Materials & Processing - Metals,1977,583.1608282432584,13612.281894541382,24.513888236260918
1,1. Materials & Processing - Metals,1978,595.2958331899191,15307.961917258435,29.540320257502486
1,1. Materials & Processing - Metals,1979,612.2651502159873,17259.70511296753,33.14676718361747
1,1. Materials & Processing - Metals,1980,589.4650874807157,17216.595721844307,32.318752547168444
1,1. Materials & Processing - Metals,1981,588.7617601604804,18583.648739162654,36.29878348454194
1,1. Materials & Processing - Metals,1982,546.4424460592784,15726.043099096114,26.45883258021308
1,1. Materials & Processing - Metals,1983,525.2747877502653,14588.120885532988,23.319269209757437
1,1. Materials & Processing - Metals,1984,532.9463403820753,15486.833147012287,27.468617799722196
1,1. Materials & Processing - Metals,1985,495.36503982152783,14868.408211087219,23.754556697122712
1,1. Materials & Processing - Metals,1986,458.88719947054835,14156.61529826659,24.67759219586178
1,1. Materials & Processing - Metals,1987,454.84575541080903,14312.803048196056,24.680021821383253
1,1. Materials & Processing - Metals,1988,472.543716402325,15480.258156357017,30.67703052797655
1,1. Materials & Processing - Metals,1989,474.7043208317833,16166.543195476683,33.311088520543215
1,1. Materials & Processing - Metals,1990,474.6416664123536,16532.737170427165,30.986661190817784
1,1. Materials & Processing - Metals,1991,453.25000762939453,16003.957852076262,28.5902590379056
1,1. Materials & Processing - Metals,1992,434.36667124430346,16282.379302554735,29.263738491231504
1,1. Materials & Processing - Metals,1993,423.01666895548504,16317.69265697703,29.66308824610634
1,1. Materials & Processing - Metals,1994,423.9666697184245,16874.89102106221,31.905390453205943
1,1. Materials & Processing - Metals,1995,425.45000203450525,17696.176741261163,34.86563501956785
1,1. Materials & Processing - Metals,1996,423.45833587646484,18456.27762515729,33.82809013572297
1,1. Materials & Processing - Metals,1997,419.57499949137366,18931.678323657256,34.95232871265702
1,1. Materials & Processing - Metals,1998,418.4333267211914,19193.764914241205,35.383040237984616
1,1. Materials & Processing - Metals,1999,406.7583325703939,19084.754706115258,32.94484247127204
1,1. Materials & Processing - Metals,2000,404.9749946594238,19506.19618661755,33.62244360237396
1,1. Materials & Processing - Metals,2001,371.0083440144858,17975.494609605586,28.668106554557134
1,1. Materials & Processing - Metals,2002,330.84167098999023,16190.645037115773,29.51652363217127
1,1. Materials & Processing - Metals,2003,311.23333613077796,15979.622050410157,27.999945245777234
1,1. Materials & Processing - Metals,2004,301.7166646321615,16762.36967026516,40.17998825619697
1,1. Materials & Processing - Metals,2005,301.97499974568683,16991.231329313716,40.84044834325519
1,1. Materials & Processing - Metals,2006,302.41666920979816,18229.87744609604,46.0476464945312
1,1. Materials & Processing - Metals,2007,300.60833613077807,18757.817466632252,47.965483832854744
1,1. Materials & Processing - Metals,2008,293.53334045410156,19180.342423240338,53.466056267545014
1,1. Materials & Processing - Metals,2009,249.00000127156574,14985.906691553035,28.297501110709288
1,1. Materials & Processing - Metals,2010,250.43333117167157,15965.723239799476,36.91007526173814
1,1. Materials & Processing - Metals,2011,266.2750002543131,17763.019000930828,46.68343256189683
1,1. Materials & Processing - Metals,2012,274.2500025431315,18608.310356188387,48.8729666784584
1,1. Materials & Processing - Metals,2013,269.96666717529297,18540.023075272962,46.96110870251721
1,1. Materials & Processing - Metals,2014,272.20000139872235,19219.37701671807,48.26431391469488
1,1. Materials & Processing - Metals,2015,268.93333307902014,18849.762049709374,44.168138477340406
1,1. Materials & Processing - Metals,2016,256.84999910990405,18018.272622726257,42.11215242560816
1,1. Materials & Processing - Metals,2017,254.72500101725262,18801.619778848974,45.19103984063227
1,1. Materials & Processing - Metals,2018,260.59166717529297,20104.56257521034,51.77928692619625
1,1. Materials & Processing - Metals,2019,268.0500005086263,20626.00807606178,50.22930709345436
1,1. Materials & Processing - Metals,2020,250.26666196187335,19250.767274062055,42.30875821212206
1,1. Materials & Processing - Metals,2021,246.95000521341967,21089.33955922847,58.84692101122539
1,1. Materials & Processing - Metals,2022,257.2166684468587,23673.388329697722,68.61582822509328
1,1. Materials & Processing - Metals,2023,267.17500559488934,24838.89475813789,67.35462274933802
1,1. Materials & Processing - Metals,2024,267.18333435058594,25646.649049872452,63.000844140170194
1,1. Materials & Processing - Metals,2025,268.832017816308,26748.866221379994,65.10309445220211
1,1. Materials & Processing - Metals,2026,263.2559960067317,27452.424422306012,66.70483504675295
1,1. Materials & Processing - Metals,2027,256.00304554798004,28114.286883042005,68.35889171256731
1,1. Materials & Processing - Metals,2028,249.365718917127,28670.112209754352,70.95984172955755
1,1. Materials & Processing - Metals,2029,242.7444106144982,29356.81776393076,73.65846879496013
1,1. Materials & Processing - Metals,2030,236.75715062703793,30141.627140644305,76.59784007019
1,1. Materials & Processing - Metals,2031,231.1313979893295,30904.390232661906,79.31430664123404
1,1. Materials & Processing - Metals,2032,225.47559591925082,31533.17952297381,81.50892673197617
1,1. Materials & Processing - Metals,2033,219.7923437910332,32024.507742881717,83.66440248054761
1,1. Materials & Processing - Metals,2034,214.21507364579912,32464.642856861785,85.72375876367447
1,1. Materials & Processing - Metals,2035,208.9300097147302,32947.98110397302,87.78615517254687
1,1. Materials & Processing - Metals,2036,203.86288818925595,33511.792199325464,90.2196943811175
1,1. Materials & Processing - Metals,2037,198.87400632864953,34132.04743685739,92.86963366927633
1,1. Materials & Processing - Metals,2038,193.84869196719356,34779.265632821895,95.44075663974169
1,1. Materials & Processing - Metals,2039,189.02698371598015,35448.644243191215,97.89074360553678
1,1. Materials & Processing - Metals,2040,184.3057779300068,36129.24650108026,100.08287132052152
1,1. Materials & Processing - Metals,2041,179.67008523625972,36798.43764991223,102.1487774992539
1,1. Materials & Processing - Metals,2042,174.92288030274895,37479.049503632574,104.18967138887089
1,1. Materials & Processing - Metals,2043,169.89325617963368,38207.80661847054,106.16691604598962
1,1. Materials & Processing - Metals,2044,164.7971965565309,39008.09648756106,108.38281176138888
1,1. Materials & Processing - Metals,2045,159.82664553056298,39861.94581207734,110.71634928221671
1,1. Materials & Processing - Metals,2046,154.92188640046226,40766.76351956743,113.06685866186515
1,1. Materials & Processing - Metals,2047,149.99729879471641,41714.97397396625,115.54242459974326
1,1. Materials & Processing - Metals,2048,145.06908498480612,42696.466665969245,118.09349752529984
1,1. Materials & Processing - Metals,2049,140.21031657267585,43700.09252465751,120.62402720985224
1,1. Materials & Processing - Metals,2050,135.49755680610622,44728.26133834367,123.28083905610777
1,1. Materials & Processing - Metals,2051,130.92703324643716,45787.66504383249,125.97612915166069
1,1. Materials & Processing - Metals,2052,126.45987130234795,46886.05235326938,128.62760631988192
1,1. Materials & Processing - Metals,2053,122.03902892261571,48017.59025770166,131.25355827176259
1,1. Materials & Processing - Metals,2054,117.636761662091,49177.375056094534,133.88515478706842
1,1. Materials & Processing - Metals,2055,113.2763645931596,50362.32887393475,136.57348803075038
1,1. Materials & Processing - Non-Metals,1970,908.5186814280183,NDNDNDND,NDNDNDND
1,1. Materials & Processing - Non-Metals,1971,896.2816774840816,NDNDNDND,NDNDNDND
1,1. Materials & Processing - Non-Metals,1972,947.7821224679597,NDNDNDND,NDNDNDND
1,1. Materials & Processing - Non-Metals,1973,1006.8296687222885,NDNDNDND,NDNDNDND
1,1. Materials & Processing - Non-Metals,1974,996.8541702502527,NDNDNDND,NDNDNDND
1,1. Materials & Processing - Non-Metals,1975,918.6877946406493,9786.601720739187,NDNDNDND
1,1. Materials & Processing - Non-Metals,1976,983.9014840396557,11151.270887935529,NDNDNDND
1,1. Materials & Processing - Non-Metals,1977,1030.0227479204743,12730.969922901593,26.272265924890764
1,1. Materials & Processing - Non-Metals,1978,1066.331127115268,14203.66444601188,28.54937596677835
1,1. Materials & Processing - Non-Metals,1979,1091.9074870077488,15811.664535318767,31.25684451456192
1,1. Materials & Processing - Non-Metals,1980,1034.4567127980067,16451.248733969805,31.23058108277208
1,1. Materials & Processing - Non-Metals,1981,1039.3474081357203,18017.740740804133,35.174417326344305
1,1. Materials & Processing - Non-Metals,1982,968.5719527994282,18097.693340317914,34.58725957678628
1,1. Materials & Processing - Non-Metals,1983,971.1752370012996,19246.79861876947,39.29858369033088
1,1. Materials & Processing - Non-Metals,1984,1036.051287884987,21491.400782928493,42.812537638610145
1,1. Materials & Processing - Non-Metals,1985,1031.9220014577002,22216.64146298325,44.868164147380654
1,1. Materials & Processing - Non-Metals,1986,1029.0780337236858,23010.697958920933,47.13635138017324
1,1. Materials & Processing - Non-Metals,1987,1061.8202658216385,24488.604936538148,49.33558193353783
1,1. Materials & Processing - Non-Metals,1988,1102.5879390114887,26540.129158509226,52.67741926902947
1,1. Materials & Processing - Non-Metals,1989,1137.20935400445,28022.55351271432,58.511047241026915
1,1. Materials & Processing - Non-Metals,1990,1135.2576304747897,29236.389544918577,58.50130717493715
1,1. Materials & Processing - Non-Metals,1991,1103.3986212931327,29549.509620491222,60.773643564329625
1,1. Materials & Processing - Non-Metals,1992,1114.15868550473,31966.301748835132,64.7659530851883
1,1. Materials & Processing - Non-Metals,1993,1138.6488492055562,33209.680294549384,68.69262204692784
1,1. Materials & Processing - Non-Metals,1994,1175.349322617946,35296.36633587561,74.8156315550638
1,1. Materials & Processing - Non-Metals,1995,1197.6285997587242,37160.35488317283,77.17017224052918
1,1. Materials & Processing - Non-Metals,1996,1201.2606567250427,38810.517235777384,80.78306718037952
1,1. Materials & Processing - Non-Metals,1997,1216.9262356642869,40964.85406445777,85.42271076119997
1,1. Materials & Processing - Non-Metals,1998,1223.4392332115096,42899.90327700308,89.484954048046
1,1. Materials & Processing - Non-Metals,1999,1223.6195595412655,44343.41645571301,93.87700666076941
1,1. Materials & Processing - Non-Metals,2000,1227.4025314093979,46006.86994415954,92.86625091127873
1,1. Materials & Processing - Non-Metals,2001,1159.106694005065,43932.31023503293,90.00048067628717
1,1. Materials & Processing - Non-Metals,2002,1085.8824385381806,42927.69303221976,89.21303915450426
1,1. Materials & Processing - Non-Metals,2003,1041.1009420280286,42775.0474194889,89.0021236096153
1,1. Materials & Processing - Non-Metals,2004,1026.970030363084,43381.699102388695,91.4962502015395
1,1. Materials & Processing - Non-Metals,2005,1017.6861443844075,43870.921225294514,90.65128807717383
1,1. Materials & Processing - Non-Metals,2006,993.220851051389,44560.62952725298,92.58694159494684
1,1. Materials & Processing - Non-Metals,2007,962.6541875828805,45029.92781581223,92.53863980484687
1,1. Materials & Processing - Non-Metals,2008,929.4142418005482,44362.24504230323,81.2930845632652
1,1. Materials & Processing - Non-Metals,2009,800.4421824834538,38840.99787291986,87.96782105111943
1,1. Materials & Processing - Non-Metals,2010,794.3757996939734,40335.60581940634,92.67581113219552
1,1. Materials & Processing - Non-Metals,2011,806.1884071481057,41767.81372769925,91.83216981725846
1,1. Materials & Processing - Non-Metals,2012,817.0594744470752,43311.96681156424,99.92963813514324
1,1. Materials & Processing - Non-Metals,2013,833.3689399582233,44402.663918054204,103.19063648015155
1,1. Materials & Processing - Non-Metals,2014,850.3548988776254,46663.685114273416,102.43125742970766
1,1. Materials & Processing - Non-Metals,2015,866.1370049399303,48584.14262126051,111.93526168484621
1,1. Materials & Processing - Non-Metals,2016,880.0692981840913,50259.317031892766,117.15591382336109
1,1. Materials & Processing - Non-Metals,2017,895.4660363550466,52357.677136639206,116.94821711885635
1,1. Materials & Processing - Non-Metals,2018,912.3241958103927,54607.90290698976,126.63729861721572
1,1. Materials & Processing - Non-Metals,2019,913.7217695345398,55755.927814834344,124.87237513470457
1,1. Materials & Processing - Non-Metals,2020,875.4824389043855,55087.05807959599,119.53682914847116
1,1. Materials & Processing - Non-Metals,2021,896.2947710828764,59873.183421278096,131.33936791547174
1,1. Materials & Processing - Non-Metals,2022,932.5966984683557,64916.78760149528,148.50178092218923
1,1. Materials & Processing - Non-Metals,2023,916.9521594822972,66023.53561205867,151.69580076773127
1,1. Materials & Processing - Non-Metals,2024,897.8019388477637,66739.91624598924,154.9638353639825
1,1. Materials & Processing - Non-Metals,2025,890.5478986982229,68460.2893059378,155.4772905061589
1,1. Materials & Processing - Non-Metals,2026,888.4741116996513,70489.87680686278,164.84949607448593
1,1. Materials & Processing - Non-Metals,2027,883.4954892789675,72421.0601145945,172.02599389989084
1,1. Materials & Processing - Non-Metals,2028,877.0552257111417,74085.94253908235,179.56127014415782
1,1. Materials & Processing - Non-Metals,2029,869.3166069951118,76094.96815263304,188.12679582664825
1,1. Materials & Processing - Non-Metals,2030,862.2688813650926,78365.2115306682,196.9721410981149
1,1. Materials & Processing - Non-Metals,2031,854.7566388858256,80585.07832017845,205.7974204104255
1,1. Materials & Processing - Non-Metals,2032,845.099892308934,82460.7787812527,213.80989527073166
1,1. Materials & Processing - Non-Metals,2033,833.8073443684887,83979.41319319437,221.7504481615322
1,1. Materials & Processing - Non-Metals,2034,822.5569794707737,85363.91547269649,230.48317851089269
1,1. Materials & Processing - Non-Metals,2035,812.0693724024188,86861.12334435883,239.77700840516306
1,1. Materials & Processing - Non-Metals,2036,802.469715584197,88569.56543575281,249.89925562090176
1,1. Materials & Processing - Non-Metals,2037,793.2152735685883,90426.35160203428,260.5172011575289
1,1. Materials & Processing - Non-Metals,2038,784.2396404548357,92353.43221619578,271.22326307260687
1,1. Materials & Processing - Non-Metals,2039,775.7243591183404,94337.61374146435,281.944870627494
1,1. Materials & Processing - Non-Metals,2040,767.128800732578,96349.14847855477,292.3779552070222
1,1. Materials & Processing - Non-Metals,2041,758.6130067321667,98326.78943200207,302.6390935082864
1,1. Materials & Processing - Non-Metals,2042,750.07891519776,100330.49566824679,313.0089757716169
1,1. Materials & Processing - Non-Metals,2043,741.5304574020781,102457.85307893575,323.5023215723564
1,1. Materials & Processing - Non-Metals,2044,733.0895857319665,104771.2699133883,334.22566567005043
1,1. Materials & Processing - Non-Metals,2045,724.7109976542423,107222.21490489409,345.20551386925337
1,1. Materials & Processing - Non-Metals,2046,716.5531539801208,109803.18811645448,356.4792779186535
1,1. Materials & Processing - Non-Metals,2047,708.3149028591191,112493.09243760764,367.9853436163098
1,1. Materials & Processing - Non-Metals,2048,699.8224140767134,115263.79854796242,379.6838043773903
1,1. Materials & Processing - Non-Metals,2049,691.4986255230693,118084.18237600083,391.6500292728181
1,1. Materials & Processing - Non-Metals,2050,683.4715132876267,120959.61499941356,404.09109035425627
1,1. Materials & Processing - Non-Metals,2051,675.7110842776364,123907.03405350505,416.75688767310356
1,1. Materials & Processing - Non-Metals,2052,668.0289713651584,126946.23669477327,429.58585537971635
1,1. Materials & Processing - Non-Metals,2053,660.2479439472696,130060.21985134558,442.585258679274
1,1. Materials & Processing - Non-Metals,2054,652.2543361063913,133234.42137437937,455.80706568879333
1,1. Materials & Processing - Non-Metals,2055,644.0704468900201,136459.16641296694,469.2874765341573
2,2. Equipment Manufacturing,1970,555.1524934914746,NDND,NDND
2,2. Equipment Manufacturing,1971,504.8464858055055,NDND,NDND
2,2. Equipment Manufacturing,1972,536.5981202607512,NDND,NDND
2,2. Equipment Manufacturing,1973,592.937467310303,NDND,NDND
2,2. Equipment Manufacturing,1974,623.913701008096,NDND,NDND
2,2. Equipment Manufacturing,1975,549.3467781051532,6991.163566050025,NDND
2,2. Equipment Manufacturing,1976,552.1076452567504,7566.84793406356,NDND
2,2. Equipment Manufacturing,1977,584.8421219582702,8661.001349672491,19.784385068735688
2,2. Equipment Manufacturing,1978,629.7237561715979,10064.416974702923,22.789769446459232
2,2. Equipment Manufacturing,1979,677.6214877945594,11775.797714923454,25.39233805381227
2,2. Equipment Manufacturing,1980,673.1140446007164,13025.919698063912,27.4381969617845
2,2. Equipment Manufacturing,1981,672.6497295406388,14333.222884163548,30.532049742418018
2,2. Equipment Manufacturing,1982,604.7826427173768,13753.106136785598,27.47039977884243
2,2. Equipment Manufacturing,1983,555.5053390677849,13054.941969841464,25.31681904672428
2,2. Equipment Manufacturing,1984,612.8379979861269,15311.906429250492,28.67100396482339
2,2. Equipment Manufacturing,1985,623.0021762211875,16411.883380799416,29.43123368904887
2,2. Equipment Manufacturing,1986,587.962568072223,16202.25507261082,27.550618828156757
2,2. Equipment Manufacturing,1987,577.5270504337725,16487.820920216935,29.346357569343162
2,2. Equipment Manufacturing,1988,595.0746530525639,17684.974091804685,33.5903301457181
2,2. Equipment Manufacturing,1989,605.1371859373673,18469.75070495858,37.03927053920471
2,2. Equipment Manufacturing,1990,602.7978418797816,19158.205559960752,37.67306745968082
2,2. Equipment Manufacturing,1991,575.6212304332009,18632.28209490144,34.50397263220078
2,2. Equipment Manufacturing,1992,559.324078632806,19001.588175626814,35.101114472139834
2,2. Equipment Manufacturing,1993,569.1155661925001,19726.763225532155,35.67080438562665
2,2. Equipment Manufacturing,1994,591.5274792733844,21097.28502523379,37.235790019628226
2,2. Equipment Manufacturing,1995,621.3567634039873,23041.34786683806,39.691919676173555
2,2. Equipment Manufacturing,1996,633.172692662585,24107.44573082654,40.38954715822767
2,2. Equipment Manufacturing,1997,644.9788255361027,25674.831181102658,42.230646195405654
2,2. Equipment Manufacturing,1998,653.388484597494,26389.262490940004,46.26307868561625
2,2. Equipment Manufacturing,1999,631.0143873051666,26308.063816501068,45.071390431525245
2,2. Equipment Manufacturing,2000,617.4327018492629,26915.42770098615,44.633276698584396
2,2. Equipment Manufacturing,2001,570.9597477811405,25060.80727908392,41.14928438750237
2,2. Equipment Manufacturing,2002,502.44574447103685,22518.963040728155,37.67066372874405
2,2. Equipment Manufacturing,2003,470.74602647005327,21883.418872240898,36.75593972659945
2,2. Equipment Manufacturing,2004,467.1865520589899,22861.406885820244,39.16154934087682
2,2. Equipment Manufacturing,2005,471.0113964647063,23530.42828955654,42.27802026760847
2,2. Equipment Manufacturing,2006,473.0108139325588,24663.39709478789,44.85950020723735
2,2. Equipment Manufacturing,2007,469.2205002647321,25398.13694754299,47.670528948871535
2,2. Equipment Manufacturing,2008,464.66774719264845,25645.079840257175,48.06905358031937
2,2. Equipment Manufacturing,2009,394.07885879411646,21404.566183146646,42.189034464942246
2,2. Equipment Manufacturing,2010,380.7290181446625,21932.55966863512,44.24696521066449
2,2. Equipment Manufacturing,2011,406.413868857496,24271.472615398256,50.26110115397134
2,2. Equipment Manufacturing,2012,428.51054700558564,26158.58563919846,54.72470731535056
2,2. Equipment Manufacturing,2013,434.0838420997295,26881.315095164493,57.824725887844245
2,2. Equipment Manufacturing,2014,446.72743359596666,28310.1916028283,56.55441712218172
2,2. Equipment Manufacturing,2015,449.9300789955895,29031.80902986874,55.923721786146835
2,2. Equipment Manufacturing,2016,439.769759986504,28167.69738403275,53.538009107851224
2,2. Equipment Manufacturing,2017,440.9216199659795,29367.13989124872,55.757181850142544
2,2. Equipment Manufacturing,2018,453.7150372232798,30940.38692146916,58.01730504637632
2,2. Equipment Manufacturing,2019,454.90709235902295,31631.3195547265,60.18522480451553
2,2. Equipment Manufacturing,2020,425.5249470983531,30016.72660017591,55.39529219220092
2,2. Equipment Manufacturing,2021,427.08365859536536,31519.965928125,57.06134697329138
2,2. Equipment Manufacturing,2022,442.0103912439631,34055.33892721191,63.024452492135225
2,2. Equipment Manufacturing,2023,448.87345231222787,35743.159433582594,71.9790755312244
2,2. Equipment Manufacturing,2024,442.4782014385324,36611.018001391574,76.15337213953529
2,2. Equipment Manufacturing,2025,432.71082473404897,37213.311653785255,76.36813833956094
2,2. Equipment Manufacturing,2026,429.8524285832988,37893.82158767238,77.36551180050486
2,2. Equipment Manufacturing,2027,429.75574472262815,38509.443556427075,79.60563524544467
2,2. Equipment Manufacturing,2028,429.9713127526736,38974.86226615154,82.42062306380966
2,2. Equipment Manufacturing,2029,429.0217568764047,39614.39851058932,84.90615606811305
2,2. Equipment Manufacturing,2030,428.0968279822034,40381.25262556462,87.4896125716619
2,2. Equipment Manufacturing,2031,426.32814634454803,41113.46479761133,89.79877267614407
2,2. Equipment Manufacturing,2032,423.0233108212925,41664.45195730091,91.5097362853889
2,2. Equipment Manufacturing,2033,418.8159070366633,42034.08454528253,93.11719312489859
2,2. Equipment Manufacturing,2034,414.18891575551385,42339.38146822404,94.5248627671161
2,2. Equipment Manufacturing,2035,409.8301719097268,42704.88955564729,95.76078672108594
2,2. Equipment Manufacturing,2036,406.363592529379,43178.397764014255,97.40402143703432
2,2. Equipment Manufacturing,2037,403.3803890954539,43728.03676126783,99.31956966273466
2,2. Equipment Manufacturing,2038,400.4295813627979,44315.78001541775,101.19339816554003
2,2. Equipment Manufacturing,2039,397.50346754911766,44935.81345249769,102.99882450224233
2,2. Equipment Manufacturing,2040,394.3268882107675,45574.79626492916,104.72212180061123
2,2. Equipment Manufacturing,2041,391.044930999202,46204.958577156576,106.3567351681818
2,2. Equipment Manufacturing,2042,387.83921642415737,46855.92058279508,108.04963180434706
2,2. Equipment Manufacturing,2043,384.7167393916157,47574.18101548123,109.85463977342164
2,2. Equipment Manufacturing,2044,381.8622852756239,48388.988187763825,111.84513545538789
2,2. Equipment Manufacturing,2045,379.14494913420543,49278.12335290263,114.01432709538969
2,2. Equipment Manufacturing,2046,376.52934767984675,50238.76102595247,116.31890594240117
2,2. Equipment Manufacturing,2047,374.05958860819123,51262.12176103034,118.80345604832117
2,2. Equipment Manufacturing,2048,371.55605180313546,52336.52596511073,121.45443999452993
2,2. Equipment Manufacturing,2049,369.0501392143752,53449.23035859865,124.2461724852085
2,2. Equipment Manufacturing,2050,366.7776577140485,54604.23483067249,127.14017023061965
2,2. Equipment Manufacturing,2051,364.6724631742446,55810.7921486198,130.14366182076722
2,2. Equipment Manufacturing,2052,362.60158047292776,57079.45751949682,133.27558668110458
2,2. Equipment Manufacturing,2053,360.446284722207,58404.29755681954,136.5509632250438
2,2. Equipment Manufacturing,2054,358.12073588759023,59780.60996535934,139.94824747520946
2,2. Equipment Manufacturing,2055,355.6685772720389,61205.99847242457,143.49381114485857
3,3. Forging & Foundries,1970,391.2530684803952,NDND,NDND
3,3. Forging & Foundries,1971,367.5329760763828,NDND,NDND
3,3. Forging & Foundries,1972,373.2917261776752,NDND,NDND
3,3. Forging & Foundries,1973,401.0194900273421,NDND,NDND
3,3. Forging & Foundries,1974,402.8352602999123,NDND,NDND
3,3. Forging & Foundries,1975,358.40224059420893,4947.337453928556,NDND
3,3. Forging & Foundries,1976,366.7187577524696,5475.7607247678025,NDND
3,3. Forging & Foundries,1977,384.32820596035754,6286.282836771967,10.299371454909174
3,3. Forging & Foundries,1978,401.29363591856725,7181.930020568081,12.399532217548373
3,3. Forging & Foundries,1979,409.90865683283357,8033.831159922676,13.887245420807208
3,3. Forging & Foundries,1980,392.48402337489756,8065.568655946987,13.765262387465654
3,3. Forging & Foundries,1981,398.953518026384,8872.759959464773,15.651165974853061
3,3. Forging & Foundries,1982,355.1707817486236,7521.887110295665,11.894959066346633
3,3. Forging & Foundries,1983,346.23495781273505,7217.019111978472,11.237731378861472
3,3. Forging & Foundries,1984,380.6559704756272,8327.863882595626,13.907704235837313
3,3. Forging & Foundries,1985,371.1397895598189,8431.33054079987,13.265299972130572
3,3. Forging & Foundries,1986,352.942873604412,8256.175304607003,13.789950848781265
3,3. Forging & Foundries,1987,345.7596191780546,8267.506964212673,13.845876439872736
3,3. Forging & Foundries,1988,355.23157661076254,8906.797807569292,16.169963001025515
3,3. Forging & Foundries,1989,356.48044004713586,9232.524203786234,17.29789781822863
3,3. Forging & Foundries,1990,341.9000002543132,9148.779214326756,16.1145887049095
3,3. Forging & Foundries,1991,326.0083325703939,8859.334590206425,15.06955693084694
3,3. Forging & Foundries,1992,318.5416666666667,9235.467480840967,15.841519319865126
3,3. Forging & Foundries,1993,319.7833353678386,9539.002840421548,16.599558517409534
3,3. Forging & Foundries,1994,338.0749994913737,10662.857971072164,19.273538911369773
3,3. Forging & Foundries,1995,354.983336130778,11325.969502177186,20.868575228848982
3,3. Forging & Foundries,1996,354.9833348592123,11685.710708746155,20.718946588252052
3,3. Forging & Foundries,1997,363.1833330790202,12648.107181089166,22.283941034183922
3,3. Forging & Foundries,1998,369.1333312988281,13112.542318822732,22.8734237984674
3,3. Forging & Foundries,1999,359.3666661580404,13444.223313970855,22.85950423513833
3,3. Forging & Foundries,2000,355.2500012715657,13688.44510686227,23.236499540394476
3,3. Forging & Foundries,2001,324.97499910990393,12711.689759275545,20.172521710345634
3,3. Forging & Foundries,2002,291.45833142598474,11906.51873113186,20.232268225461763
3,3. Forging & Foundries,2003,274.69166564941406,11583.194995911694,19.62579826650154
3,3. Forging & Foundries,2004,274.4166660308839,12174.61089994455,23.725463529055585
3,3. Forging & Foundries,2005,274.9500001271566,12479.68465089181,24.731695878391292
3,3. Forging & Foundries,2006,274.3916670481364,12694.103245924594,26.103727286344537
3,3. Forging & Foundries,2007,264.95833269755053,12627.375491322087,26.568762295362244
3,3. Forging & Foundries,2008,255.5916646321615,12434.353607442545,25.101367661316647
3,3. Forging & Foundries,2009,201.9666652679443,9564.196714095411,20.914942919559138
3,3. Forging & Foundries,2010,200.67499987284342,10227.63409014246,22.739076234879203
3,3. Forging & Foundries,2011,217.2750015258789,11466.522725712568,25.464972463787255
3,3. Forging & Foundries,2012,226.1250012715658,12315.023129590947,27.27155966670241
3,3. Forging & Foundries,2013,223.55833371480315,11905.13417343531,25.67109641457226
3,3. Forging & Foundries,2014,225.8583329518636,12529.472948452076,26.402837197639478
3,3. Forging & Foundries,2015,225.33333269755047,12491.92111922306,26.51895027426802
3,3. Forging & Foundries,2016,216.0666675567627,12078.248410564753,25.155797858237218
3,3. Forging & Foundries,2017,215.04166793823242,12443.26678023468,24.71710604086698
3,3. Forging & Foundries,2018,219.5666656494141,13242.508036674266,26.617427203733918
3,3. Forging & Foundries,2019,219.3083337148031,13361.481857434974,28.12874227717383
3,3. Forging & Foundries,2020,193.37499999999997,11818.114622864556,23.52502115081671
3,3. Forging & Foundries,2021,193.85833168029788,12433.277936810682,23.801258308851363
3,3. Forging & Foundries,2022,199.49166679382324,13653.57649600073,27.46074764494279
3,3. Forging & Foundries,2023,198.14166641235357,14190.966163594334,28.28445324547033
3,3. Forging & Foundries,2024,196.77499898274743,14391.647502994456,26.97804942948789
3,3. Forging & Foundries,2025,196.54125153877163,14645.440621579497,27.490970195048092
3,3. Forging & Foundries,2026,192.49685825457675,14778.553967828651,29.144010878021447
3,3. Forging & Foundries,2027,187.89152160401596,14888.423161351344,31.03221841462148
3,3. Forging & Foundries,2028,183.73089125891937,14943.048859101022,33.23787039456862
3,3. Forging & Foundries,2029,179.5142153617292,15067.458125031519,35.49924055697994
3,3. Forging & Foundries,2030,175.6356464144141,15242.507320450719,37.8560911714613
3,3. Forging & Foundries,2031,171.8316964747895,15406.413105927046,40.04572268914181
3,3. Forging & Foundries,2032,167.82194268743552,15504.904537359522,41.91822672702297
3,3. Forging & Foundries,2033,163.69085084169546,15539.362333771785,43.66398180108927
3,3. Forging & Foundries,2034,159.61868923766997,15554.144993042519,45.250708196383314
3,3. Forging & Foundries,2035,155.79504865782175,15595.209414804503,46.75870751398543
3,3. Forging & Foundries,2036,152.27289905601572,15679.517754767852,48.39350246941401
3,3. Forging & Foundries,2037,148.9301832056587,15794.899331143115,50.08343992394822
3,3. Forging & Foundries,2038,145.69161810356906,15927.270730070857,51.682278792912086
3,3. Forging & Foundries,2039,142.6255248602448,16074.39943179804,53.17410693791158
3,3. Forging & Foundries,2040,139.64307575704632,16231.451322672401,54.476016764294144
3,3. Forging & Foundries,2041,136.75433864848267,16388.564505291113,55.6476376448639
3,3. Forging & Foundries,2042,133.90239170279634,16556.33266213371,56.76643102741156
3,3. Forging & Foundries,2043,131.03223628212945,16751.165399423764,57.8241194043007
3,3. Forging & Foundries,2044,128.24679657757915,16983.209737606507,58.96517753027064
3,3. Forging & Foundries,2045,125.59838136933732,17244.513694003548,60.143288404148215
3,3. Forging & Foundries,2046,123.06459917277115,17534.037645595316,61.324311296707435
3,3. Forging & Foundries,2047,120.59055457941952,17848.730380850495,62.562887129938495
3,3. Forging & Foundries,2048,118.14094287333478,18184.603547305793,63.83328156711406
3,3. Forging & Foundries,2049,115.77148399323258,18537.36938412372,65.09035598921103
3,3. Forging & Foundries,2050,113.54266572287099,18908.602602630483,66.40255187313932
3,3. Forging & Foundries,2051,111.4318764549081,19301.71459852984,67.72390556718479
3,3. Forging & Foundries,2052,109.40030734921297,19720.583260378844,69.02099193022738
3,3. Forging & Foundries,2053,107.41170490049865,20163.416400148642,70.30591816374489
3,3. Forging & Foundries,2054,105.43818844528067,20628.89068473858,71.59602873034487
3,3. Forging & Foundries,2055,103.48961796427126,21116.52019533533,72.91650202191562
4,4. Parts & Machining,1970,1175.5066861235046,NDNDNDND,NDNDNDND
4,4. Parts & Machining,1971,1098.4024534229393,NDNDNDND,NDNDNDND
4,4. Parts & Machining,1972,1140.8156828431784,NDNDNDND,NDNDNDND
4,4. Parts & Machining,1973,1246.6250124121002,NDNDNDND,NDNDNDND
4,4. Parts & Machining,1974,1259.252243860118,NDNDNDND,NDNDNDND
4,4. Parts & Machining,1975,1098.5073905184793,12370.564409687391,NDNDNDND
4,4. Parts & Machining,1976,1153.58915612022,13940.410006052463,NDNDNDND
4,4. Parts & Machining,1977,1225.9152728594772,15929.93890188482,24.92121426682727
4,4. Parts & Machining,1978,1318.0985991661196,18369.25492961156,28.70769830983601
4,4. Parts & Machining,1979,1411.9709733492991,21328.105922037215,33.63590794547241
4,4. Parts & Machining,1980,1390.6887417356909,23223.27221890592,37.675719295624035
4,4. Parts & Machining,1981,1369.194548291298,25022.468166330218,41.55682765080975
4,4. Parts & Machining,1982,1260.839596334717,24806.73518177652,40.864137248865845
4,4. Parts & Machining,1983,1228.7961233293795,25481.643437885403,44.31944442299517
4,4. Parts & Machining,1984,1365.7342477353218,29938.194573559093,53.504188345979244
4,4. Parts & Machining,1985,1372.932973001837,31798.545845789078,56.65706440321793
4,4. Parts & Machining,1986,1309.2060580037173,31626.857256182768,55.99250548714373
4,4. Parts & Machining,1987,1293.3464276699328,32173.038786886482,60.073072421166586
4,4. Parts & Machining,1988,1338.088040361276,35412.61007270712,66.08550734499049
4,4. Parts & Machining,1989,1341.3734184013933,36417.07214887241,68.88281116636878
4,4. Parts & Machining,1990,1311.2705089142687,37183.4668428444,70.29404035376115
4,4. Parts & Machining,1991,1252.392856521694,36894.77066475134,69.97331413877302
4,4. Parts & Machining,1992,1203.3157122885439,37761.92356995506,72.80750142347733
4,4. Parts & Machining,1993,1207.0505476677417,39102.605436989485,77.12699824835406
4,4. Parts & Machining,1994,1245.1386789724054,42121.39360555877,88.39724837363349
4,4. Parts & Machining,1995,1306.522240812472,46510.396758559844,99.36332816616263
4,4. Parts & Machining,1996,1352.1048579671801,50185.718003738424,107.1472783528688
4,4. Parts & Machining,1997,1405.7161704832033,56140.1513038773,120.00680720642262
4,4. Parts & Machining,1998,1435.3856027708648,59335.859731412114,115.96038339469168
4,4. Parts & Machining,1999,1399.0110627016543,62480.68281323417,115.06322890382833
4,4. Parts & Machining,2000,1452.9381210834763,72667.54514991533,133.9824919302162
4,4. Parts & Machining,2001,1391.2285010763753,67413.73642490178,107.33706903334337
4,4. Parts & Machining,2002,1210.2065333159644,58628.91427260269,103.35004326237274
4,4. Parts & Machining,2003,1118.334492360293,56554.663298296786,112.63879449068048
4,4. Parts & Machining,2004,1120.7284913779445,58951.33495772961,118.53625048001804
4,4. Parts & Machining,2005,1138.0812397456089,61828.14968414114,126.64774441016046
4,4. Parts & Machining,2006,1155.3856233961203,66575.44797895166,131.89207186498462
4,4. Parts & Machining,2007,1154.2132307795932,67979.60847350626,137.150875656712
4,4. Parts & Machining,2008,1126.135429102274,67538.16215067438,137.78020493676914
4,4. Parts & Machining,2009,979.970823570304,58245.12598076779,121.7871631021639
4,4. Parts & Machining,2010,970.2792513610495,62097.94175524511,140.63454473313402
4,4. Parts & Machining,2011,1023.4481758967014,68124.68403538363,152.05923945653132
4,4. Parts & Machining,2012,1058.849150349575,70558.17550252486,132.3831330174287
4,4. Parts & Machining,2013,1062.096198718501,71703.56003528199,131.63360122570492
4,4. Parts & Machining,2014,1061.4136602255112,75127.43181151155,137.24574688959638
4,4. Parts & Machining,2015,1057.1660630811034,75962.01956040683,144.66869407973334
4,4. Parts & Machining,2016,1028.928127308306,77067.48429264687,141.5934875646265
4,4. Parts & Machining,2017,1027.817859460604,80496.8919596372,152.35628220271198
4,4. Parts & Machining,2018,1051.8819442289641,84428.3414300488,159.24592438312138
4,4. Parts & Machining,2019,1063.469595277967,85926.99617472792,163.05607813133693
4,4. Parts & Machining,2020,1006.537651512423,85635.33623483467,161.67700564359646
4,4. Parts & Machining,2021,1003.8850802511063,93142.66510264983,169.5177832271737
4,4. Parts & Machining,2022,1046.8793016281625,98724.90118553801,185.36293573025193
4,4. Parts & Machining,2023,1057.3349451570916,105391.30647749087,195.2642661741396
4,4. Parts & Machining,2024,1041.4700192800042,123296.27014601024,214.95406394817041
4,4. Parts & Machining,2025,1017.0063581808377,132953.86056377093,226.49619296875602
4,4. Parts & Machining,2026,1014.8712381247959,138939.49376721884,234.91088677823814
4,4. Parts & Machining,2027,1013.8223874581467,144762.15321588365,248.93475814619714
4,4. Parts & Machining,2028,1012.1751845059694,150067.5364506374,263.72909356881325
4,4. Parts & Machining,2029,1008.2135624516161,156077.79362436646,278.35657893148937
4,4. Parts & Machining,2030,1004.2166226435863,162640.5523207172,293.4876383099354
4,4. Parts & Machining,2031,998.9552240208077,169116.39622168685,308.0481755939537
4,4. Parts & Machining,2032,990.9115190291953,174874.7702003281,321.24295443936546
4,4. Parts & Machining,2033,980.7794392840988,179860.91733453918,333.59306581313615
4,4. Parts & Machining,2034,970.060175832075,184529.72038107988,343.5575826899829
4,4. Parts & Machining,2035,960.0448563348612,189407.13859930346,351.4543235360918
4,4. Parts & Machining,2036,951.4518841999513,194712.524980881,359.9126848661518
4,4. Parts & Machining,2037,943.5740776524779,200314.40536816948,368.6566022488778
4,4. Parts & Machining,2038,936.0518136996561,206042.56466488738,376.3190829870936
4,4. Parts & Machining,2039,928.9152832588761,211866.77435736702,382.7612102188127
4,4. Parts & Machining,2040,921.5153028432721,217718.08215825312,387.74405541058036
4,4. Parts & Machining,2041,914.0979303888512,223454.36824912604,391.51466993653327
4,4. Parts & Machining,2042,906.770404140399,229207.14393964963,394.69473434372355
4,4. Parts & Machining,2043,899.5022053786327,235196.7220608325,397.6504428377092
4,4. Parts & Machining,2044,892.5877635766306,241566.37404487125,400.6898635189734
4,4. Parts & Machining,2045,885.9073761925786,248204.44457902352,403.92934760016885
4,4. Parts & Machining,2046,879.4764932353572,255092.00829831502,407.52302474086366
4,4. Parts & Machining,2047,873.1144066746639,262177.4070974925,411.75808600659377
4,4. Parts & Machining,2048,866.4644903158922,269391.30787822086,416.6981650641441
4,4. Parts & Machining,2049,859.8598837817688,276656.13088023406,422.0645693166689
4,4. Parts & Machining,2050,853.6707431716538,283978.8419797517,427.81686240711997
4,4. Parts & Machining,2051,847.7498175029675,291393.37089246954,433.9893376040402
4,4. Parts & Machining,2052,841.8448768457623,298940.23973634426,440.61933170671716
4,4. Parts & Machining,2053,835.7020712202216,306572.99524309905,447.8758677798322
4,4. Parts & Machining,2054,829.1623475785498,314250.3052502541,455.84568300649426
4,4. Parts & Machining,2055,822.2672288157074,321941.80789927545,464.44463828041154
5,5. Component Systems,1970,903.9032935587297,NDNDND,NDNDND
5,5. Component Systems,1971,837.890603660894,NDNDND,NDNDND
5,5. Component Systems,1972,871.1636743640183,NDNDND,NDNDND
5,5. Component Systems,1973,953.4626715932116,NDNDND,NDNDND
5,5. Component Systems,1974,975.9197996328827,NDNDND,NDNDND
5,5. Component Systems,1975,894.63346617786,11431.969349946296,NDNDND
5,5. Component Systems,1976,928.5313601918206,12691.35582001784,NDNDND
5,5. Component Systems,1977,980.576858590466,14408.032776814893,21.54862270896884
5,5. Component Systems,1978,1047.3834746758112,16526.59140135392,24.824518951137623
5,5. Component Systems,1979,1091.7855839745037,18664.700834957956,27.690112550345862
5,5. Component Systems,1980,1060.7140910041435,20330.870974715144,30.988618467873717
5,5. Component Systems,1981,1057.7039739224517,22378.569408330834,34.988877186986336
5,5. Component Systems,1982,984.8970547872497,22677.429102279442,34.62405543941418
5,5. Component Systems,1983,944.9798936234406,23295.58395606725,37.70635165935944
5,5. Component Systems,1984,996.3669650253114,25972.62797970467,43.22783418755953
5,5. Component Systems,1985,999.7765482851012,27676.354015194953,45.275654740784596
5,5. Component Systems,1986,977.3880367303884,28527.55058104543,45.59499571166776
5,5. Component Systems,1987,958.3776668356554,28913.600045024883,49.677409043923596
5,5. Component Systems,1988,971.3539813080316,31236.72206982015,54.23791904901207
5,5. Component Systems,1989,972.2383966587004,32281.530909680398,57.57271103367288
5,5. Component Systems,1990,943.9211101893831,32901.79662066387,58.885778152738624
5,5. Component Systems,1991,896.7039342626754,33157.470161143596,59.68684542393306
5,5. Component Systems,1992,847.0581530322764,33702.470058672596,61.62244888718825
5,5. Component Systems,1993,813.7938071289669,33129.13037334175,61.79506605436221
5,5. Component Systems,1994,795.4061134728206,33585.73580214188,66.33539967684473
5,5. Component Systems,1995,786.4602209993049,34706.14891504607,69.51550410324501
5,5. Component Systems,1996,791.6871497286306,36565.837724199,71.80153095865704
5,5. Component Systems,1997,797.192559055188,38768.26301327,76.99003548974461
5,5. Component Systems,1998,806.581409640504,40724.68056488668,74.95502521635645
5,5. Component Systems,1999,794.8273267104676,41773.15063637785,74.09453532612343
5,5. Component Systems,2000,790.0451240626453,44232.79343794895,80.5181853543076
5,5. Component Systems,2001,769.994189479632,43574.77788537035,72.31863551543287
5,5. Component Systems,2002,709.0703507250937,41380.84746235706,76.45880731254061
5,5. Component Systems,2003,668.6258815403954,41535.44529402226,83.4667906592337
5,5. Component Systems,2004,667.6737509082358,43781.539957746194,86.99897836119082
5,5. Component Systems,2005,674.3379433560099,45687.67565196498,90.4008749616645
5,5. Component Systems,2006,683.8750050939827,48285.191891063085,97.05660939876722
5,5. Component Systems,2007,683.0702138461163,50108.75520521051,102.18902889819336
5,5. Component Systems,2008,682.3945605243097,50872.134389001156,109.18558702198995
5,5. Component Systems,2009,637.0264869172012,47825.84814099893,110.91910966936922
5,5. Component Systems,2010,616.5472373820106,49037.62324548657,115.11747530779385
5,5. Component Systems,2011,627.8477867269652,51318.2226593146,117.17102769840508
5,5. Component Systems,2012,628.7614176741056,52040.165836655906,137.6506831232051
5,5. Component Systems,2013,617.7158142476543,51638.87082948696,138.77665325363594
5,5. Component Systems,2014,619.338967935465,52868.0052161061,135.24423756987906
5,5. Component Systems,2015,630.5439981989042,55233.32606619944,142.38960650331495
5,5. Component Systems,2016,627.9328067766178,55570.33122972376,142.3341502804611
5,5. Component Systems,2017,634.2391504644881,58203.98139002257,144.51779651645788
5,5. Component Systems,2018,655.1512617747811,62037.773841186325,154.00636656558976
5,5. Component Systems,2019,671.0420124848558,64404.998160645104,162.08587709914275
5,5. Component Systems,2020,651.7108919162818,65355.45125672858,164.52845013157784
5,5. Component Systems,2021,647.4183236057088,67882.32623613786,170.7726670971628
5,5. Component Systems,2022,666.6150503415622,71462.70355460528,176.95490866390546
5,5. Component Systems,2023,685.6558293166837,75332.45290688286,186.86373577451872
5,5. Component Systems,2024,671.5358078550552,81223.2415469609,189.01460585671248
5,5. Component Systems,2025,665.3372614570147,85383.47279955042,195.26363605109594
5,5. Component Systems,2026,666.6871271496416,87967.10708694861,200.01214405662995
5,5. Component Systems,2027,667.3099342227229,90363.43857851267,207.06265162975654
5,5. Component Systems,2028,666.8334672095033,92367.8696133174,214.43835647583805
5,5. Component Systems,2029,664.6675226334821,94746.86707544298,220.97841235771597
5,5. Component Systems,2030,662.5440342834817,97400.70784680403,227.1307913833807
5,5. Component Systems,2031,659.9110397600928,99945.59471462434,233.0220330056524
5,5. Component Systems,2032,655.5970995302056,102022.70094591184,238.2234829546873
5,5. Component Systems,2033,650.0831978125503,103623.87274479034,243.31692610705824
5,5. Component Systems,2034,644.1553680147139,105031.95792929323,247.90424033432868
5,5. Component Systems,2035,638.665383022782,106556.16375575785,251.6599066252988
5,5. Component Systems,2036,633.9754371268184,108320.3408968792,255.61981424228964
5,5. Component Systems,2037,629.6687654574743,110249.60750052404,259.6978963294519
5,5. Component Systems,2038,625.522795601961,112251.29834460528,263.3027971038927
5,5. Component Systems,2039,621.7481969150372,114312.38165584437,266.4064426165872
5,5. Component Systems,2040,617.8638659472324,116399.94187765963,269.03922719866415
5,5. Component Systems,2041,614.028757707336,118443.3667410344,271.3881153126463
5,5. Component Systems,2042,610.2507718910505,120518.40693922092,273.65801362225545
5,5. Component Systems,2043,606.5045692112515,122745.08488245026,275.99892271060395
5,5. Component Systems,2044,602.8702120602316,125200.04668229747,278.59868491284595
5,5. Component Systems,2045,599.0931807052341,127826.93359583002,281.6035999750992
5,5. Component Systems,2046,595.19257515256,130618.82764025764,285.0125821752709
5,5. Component Systems,2047,591.1597081791497,133552.85894158168,288.8864077060082
5,5. Component Systems,2048,586.8180738755151,136598.09971508887,293.30367912083824
5,5. Component Systems,2049,582.3370951322503,139720.36825311865,298.1886023115087
5,5. Component Systems,2050,577.8953792247074,142928.87495664187,303.52029334407575
5,5. Component Systems,2051,573.4509436692185,146246.4557562696,309.2988219906197
5,5. Component Systems,2052,568.8722569298133,149699.25322178466,315.50693084926604
5,5. Component Systems,2053,563.9362398663089,153269.99831353826,322.2318950554386
5,5. Component Systems,2054,558.574523839688,156944.37969715474,329.4665249301474
5,5. Component Systems,2055,552.8159149927288,160713.8863684714,337.114785643381
6,6. Engineering & Design,1970,902.0896676379484,NDNDND,NDNDND
6,6. Engineering & Design,1971,911.1154322171096,NDNDND,NDNDND
6,6. Engineering & Design,1972,978.02366675694,NDNDND,NDNDND
6,6. Engineering & Design,1973,1035.6448366699397,NDNDND,NDNDND
6,6. Engineering & Design,1974,1075.6625125254695,NDNDND,NDNDND
6,6. Engineering & Design,1975,1071.5627428653572,11999.332670937296,NDNDND
6,6. Engineering & Design,1976,1097.6821349316506,13217.356661543732,NDNDND
6,6. Engineering & Design,1977,1155.781425706682,15042.054708901851,21.848465426846968
6,6. Engineering & Design,1978,1247.352809576702,17897.955795336835,25.751968434490706
6,6. Engineering & Design,1979,1322.6360858226808,21122.496198728215,30.611363972431263
6,6. Engineering & Design,1980,1354.3966584690734,24147.54017774426,35.8404763171914
6,6. Engineering & Design,1981,1402.680246469659,27634.831191119756,41.27653001060236
6,6. Engineering & Design,1982,1380.8019983277618,29591.242017597924,43.972867855202864
6,6. Engineering & Design,1983,1389.3272249780412,31976.87659457776,48.987141584478096
6,6. Engineering & Design,1984,1465.0642840300059,36631.92483139048,55.89899914922128
6,6. Engineering & Design,1985,1527.8927906594292,40788.79547568632,63.47943033195227
6,6. Engineering & Design,1986,1481.470715141293,42845.945714166985,68.68933293571112
6,6. Engineering & Design,1987,1406.4526159389004,45745.75556421299,74.02603155500154
6,6. Engineering & Design,1988,1413.4343770651762,48294.06990320579,84.04321938198638
6,6. Engineering & Design,1989,1480.4539334417295,52718.66566525496,94.50807377403339
6,6. Engineering & Design,1990,1518.77498838188,57316.80790177897,103.95843055304442
6,6. Engineering & Design,1991,1480.1665763535264,59011.23150137343,103.86983311883847
6,6. Engineering & Design,1992,1474.9526173861332,60851.29637012044,109.89293694976118
6,6. Engineering & Design,1993,1498.0750208812592,63119.886475118954,114.98269010327151
6,6. Engineering & Design,1994,1518.9004955155779,65856.07643307686,119.57452188628983
6,6. Engineering & Design,1995,1570.4871205574339,100498.69714642262,157.15679802336845
6,6. Engineering & Design,1996,1605.9532517490698,74053.94906234283,136.15006541175762
6,6. Engineering & Design,1997,1658.2044377019606,80914.82802445383,148.94129078679435
6,6. Engineering & Design,1998,1722.7678827289737,89950.93838603342,156.15393370994934
6,6. Engineering & Design,1999,1787.7296673059498,93108.24685735235,166.27066311949346
6,6. Engineering & Design,2000,1886.743965774856,110387.13650129219,183.55952990252888
6,6. Engineering & Design,2001,1939.2833070362844,114356.11914987846,189.86085948247012
6,6. Engineering & Design,2002,1909.5392566358073,115944.80867558417,197.15804835219768
6,6. Engineering & Design,2003,1889.094083647426,119600.71013361138,197.53910084749646
6,6. Engineering & Design,2004,1933.041618025866,127980.22219254474,206.57316862160945
6,6. Engineering & Design,2005,2021.5250098169302,140457.26150611625,218.96402418761153
6,6. Engineering & Design,2006,2118.3618778641694,154854.22489618775,232.35330967450466
6,6. Engineering & Design,2007,2180.8797587664876,168706.78843766716,241.11819184280682
6,6. Engineering & Design,2008,2203.2189875540744,177089.26670623367,264.0752580648824
6,6. Engineering & Design,2009,2068.0977333340497,168354.58174998124,252.57060923404484
6,6. Engineering & Design,2010,2012.129508927752,169628.17375007112,257.26994663769625
6,6. Engineering & Design,2011,2039.2039659351517,177221.83991278242,270.5008090974768
6,6. Engineering & Design,2012,2079.9000026176304,186837.4512627849,283.3705251296449
6,6. Engineering & Design,2013,2103.818639813926,193169.69706826302,295.5807111335799
6,6. Engineering & Design,2014,2140.823030125848,204405.00598850616,313.4260266848107
6,6. Engineering & Design,2015,2196.3375643093273,219854.4899878097,338.2054800589975
6,6. Engineering & Design,2016,2214.5729264719475,219084.00868511823,337.3145417584391
6,6. Engineering & Design,2017,2240.9355399627566,226604.51801543546,355.2118520181915
6,6. Engineering & Design,2018,2308.6062027641697,243923.113783243,379.3162203017424
6,6. Engineering & Design,2019,2390.11038779302,259982.19653913868,405.76205694241605
6,6. Engineering & Design,2020,2400.128869419653,279346.34787590336,413.0755219246225
6,6. Engineering & Design,2021,2504.9208498426283,303129.5436469981,450.86597350650084
6,6. Engineering & Design,2022,2646.187543509298,329281.75354035036,497.8130593553634
6,6. Engineering & Design,2023,2741.818522907485,354105.5119701828,553.5426623752538
6,6. Engineering & Design,2024,2790.8832929442456,380254.81292522186,601.4198371715822
6,6. Engineering & Design,2025,2834.701910874954,399635.98231241805,638.2154930588257
6,6. Engineering & Design,2026,2871.7126305664096,417776.7088715588,671.0364310858431
6,6. Engineering & Design,2027,2911.566588179704,435288.1614013632,709.0636974659575
6,6. Engineering & Design,2028,2954.4034741658147,450713.601885426,748.1853611251818
6,6. Engineering & Design,2029,2993.782927756497,465834.44622653536,787.559241059216
6,6. Engineering & Design,2030,3033.6708353417735,484606.9865245051,828.4737485634221
6,6. Engineering & Design,2031,3070.363366816353,504921.877574345,870.2787714011112
6,6. Engineering & Design,2032,3099.6150918233006,524710.2743519989,912.2895473457129
6,6. Engineering & Design,2033,3126.1417379145037,543699.4970817039,954.1505134496097
6,6. Engineering & Design,2034,3152.9638488786395,562903.0692757178,995.1471759960701
6,6. Engineering & Design,2035,3181.7300200496547,583700.8015460819,1036.5253980916036
6,6. Engineering & Design,2036,3213.5085140396113,607165.9829287905,1081.3038919490189
6,6. Engineering & Design,2037,3244.6883635343283,632893.6752790244,1128.8000652507483
6,6. Engineering & Design,2038,3274.769226681985,660735.1389355245,1178.1572108030543
6,6. Engineering & Design,2039,3305.1678129950787,691034.4193319201,1230.5318404087966
6,6. Engineering & Design,2040,3335.29464524761,724057.7270699636,1285.805126175118
6,6. Engineering & Design,2041,3365.9766877127668,759624.974469262,1343.4733084730005
6,6. Engineering & Design,2042,3396.35724664591,797340.2692317249,1404.0969558381705
6,6. Engineering & Design,2043,3426.0009690622664,837874.7448107728,1468.1658328442059
6,6. Engineering & Design,2044,3455.43569975007,881315.2278323083,1536.7884766239465
6,6. Engineering & Design,2045,3484.4224160245567,927125.1038276642,1609.7228669441379
6,6. Engineering & Design,2046,3512.217755158388,974701.7605425185,1686.43913475622
6,6. Engineering & Design,2047,3537.8709076863743,1024176.2917945776,1768.0266231232488
6,6. Engineering & Design,2048,3562.6193252391486,1076097.2264608701,1855.5383272415042
6,6. Engineering & Design,2049,3587.1699825362493,1130335.1894550417,1948.9302846567962
6,6. Engineering & Design,2050,3611.6135780759696,1186822.1193267226,2048.5185328666853
6,6. Engineering & Design,2051,3635.483904886781,1245668.3516581864,2154.649049001283
6,6. Engineering & Design,2052,3658.109245107608,1306985.764963842,2268.1418484261476
6,6. Engineering & Design,2053,3678.281275512154,1370442.0215905649,2389.0908927791247
6,6. Engineering & Design,2054,3695.516959635546,1436055.8395353416,2517.9205789052317
6,6. Engineering & Design,2055,3710.67702715044,1504494.7897783872,2655.6054507320914
7,7. Core Automotive,1970,1092.744188288362,NDNDND,NDNDND
7,7. Core Automotive,1971,1088.8887121647783,NDNDND,NDNDND
7,7. Core Automotive,1972,1123.96198165739,NDNDND,NDNDND
7,7. Core Automotive,1973,1200.016034782766,NDNDND,NDNDND
7,7. Core Automotive,1974,1172.1509935100908,NDNDND,NDNDND
7,7. Core Automotive,1975,1095.4323278346528,14224.672109662595,NDNDND
7,7. Core Automotive,1976,1206.8586687121897,17307.963693667094,NDNDND
7,7. Core Automotive,1977,1295.4073841902698,20330.582943579328,42.82299999999999
7,7. Core Automotive,1978,1374.318491560885,22987.2401517505,46.43500000000001
7,7. Core Automotive,1979,1362.9439906513107,24589.837095396753,44.874
7,7. Core Automotive,1980,1125.0484625006177,22617.989498939016,33.932
7,7. Core Automotive,1981,1109.8226308117087,24553.008995399527,42.980000000000004
7,7. Core Automotive,1982,991.3293730748687,23638.34459717828,40.724000000000004
7,7. Core Automotive,1983,1029.493479938315,26300.58969181678,52.553
7,7. Core Automotive,1984,1154.6039962419181,31509.921068987125,67.355
7,7. Core Automotive,1985,1178.986091075626,34219.35173940585,70.51399999999998
7,7. Core Automotive,1986,1158.3029689276116,34630.885235840055,72.49100000000001
7,7. Core Automotive,1987,1141.2303613284196,34612.78273167163,71.344
7,7. Core Automotive,1988,1140.1378676853071,37597.38213405103,76.361
7,7. Core Automotive,1989,1140.114652912469,38618.192505654035,75.458
7,7. Core Automotive,1990,1059.4554583231609,38100.53943937179,64.316
7,7. Core Automotive,1991,1017.8833351135254,37470.49857532402,64.255
7,7. Core Automotive,1992,1047.5916716257732,40056.97191944598,76.52800000000002
7,7. Core Automotive,1993,1078.141675313314,42279.07723247769,89.49000000000001
7,7. Core Automotive,1994,1168.766665140788,49097.1592837326,103.82400000000001
7,7. Core Automotive,1995,1241.5333404541018,51181.20150824173,104.158
7,7. Core Automotive,1996,1240.333334604899,51663.21379640946,107.94300000000001
7,7. Core Automotive,1997,1253.975001017253,54538.81620031369,112.015
7,7. Core Automotive,1998,1271.508347829183,57364.6780337113,123.851
7,7. Core Automotive,1999,1312.3666763305664,61860.11143271085,134.774
7,7. Core Automotive,2000,1313.4416694641118,63816.61784699216,137.498
7,7. Core Automotive,2001,1212.924999237061,58783.274595583156,124.936
7,7. Core Automotive,2002,1151.2833315531416,58992.95658384891,135.222
7,7. Core Automotive,2003,1125.3833351135254,60027.164088203586,143.13600000000002
7,7. Core Automotive,2004,1112.6666717529301,60600.62666290628,139.11700000000002
7,7. Core Automotive,2005,1096.6166712443032,59302.08144620175,135.928
7,7. Core Automotive,2006,1069.8999977111816,59931.514938548986,134.04000000000002
7,7. Core Automotive,2007,994.1583340962729,57550.243254286805,124.99599999999998
7,7. Core Automotive,2008,875.4833304087322,50335.59767653918,90.344
7,7. Core Automotive,2009,664.1750011444092,38401.517448804734,47.77300000000001
7,7. Core Automotive,2010,678.6583340962729,39579.01341722904,88.804
7,7. Core Automotive,2011,717.808329264323,43204.58390780834,104.51599999999999
7,7. Core Automotive,2012,777.3083356221517,46469.062578788944,115.766
7,7. Core Automotive,2013,824.8416633605957,48895.70430638599,123.34
7,7. Core Automotive,2014,871.9916712443032,53274.94405310768,133.003
7,7. Core Automotive,2015,913.6000022888185,56800.60067559389,146.694
7,7. Core Automotive,2016,944.3166656494141,58995.493882134404,155.868
7,7. Core Automotive,2017,963.6916643778482,61160.62684084695,159.124
7,7. Core Automotive,2018,998.5166676839196,64753.70129867678,161.10900000000004
7,7. Core Automotive,2019,993.4333318074546,65635.4048236165,161.75400000000002
7,7. Core Automotive,2020,887.3666712443037,59831.6623030616,142.624
7,7. Core Automotive,2021,959.9083302815757,65296.54791188957,143.12599999999998
7,7. Core Automotive,2022,1005.5916684468588,73092.1620201724,160.24599999999998
7,7. Core Automotive,2023,1024.7916704813638,77198.36604872983,176.408
7,7. Core Automotive,2024,1018.6166610717776,79527.86485460657,190.497
7,7. Core Automotive,2025,1000.1475529382922,80926.29880423422,194.12885747273796
7,7. Core Automotive,2026,1007.4187119531327,83576.87462666418,188.35115729176835
7,7. Core Automotive,2027,1027.3093766167376,86125.60314955396,201.60140852972606
7,7. Core Automotive,2028,1049.1807313232255,88370.37170217565,218.80245579345228
7,7. Core Automotive,2029,1069.2243278072647,91037.23384341726,237.32983522881673
7,7. Core Automotive,2030,1091.4219310924457,94029.21063846511,258.57870839246647
7,7. Core Automotive,2031,1105.828798378621,96973.24001118145,275.2440949802445
7,7. Core Automotive,2032,1108.0994492509446,99513.38573438993,283.7475442084974
7,7. Core Automotive,2033,1103.405932160312,101629.39219208562,289.17463099052384
7,7. Core Automotive,2034,1096.0221298102365,103586.84321183729,292.1387145792793
7,7. Core Automotive,2035,1091.5609467249044,105683.33249623462,296.43278503198434
7,7. Core Automotive,2036,1092.3483962291075,108038.80799153642,305.3574863068395
7,7. Core Automotive,2037,1094.8758844575768,110577.0613660879,316.0183330810738
7,7. Core Automotive,2038,1096.7382271188383,113202.46856261433,325.8449428833984
7,7. Core Automotive,2039,1097.235352219453,115898.05371516997,334.67126274414136
7,7. Core Automotive,2040,1095.8418658429819,118626.20618773562,341.6320520908995
7,7. Core Automotive,2041,1093.2241588428155,121310.13653359466,346.46428221942864
7,7. Core Automotive,2042,1091.5526816202437,124022.22019111822,352.2188700414981
7,7. Core Automotive,2043,1090.2628513103868,126881.90164653306,358.7448360739528
7,7. Core Automotive,2044,1089.2975800727327,129965.82576838127,366.9889745016378
7,7. Core Automotive,2045,1088.5164348624673,133213.2243674716,376.29855285978806
7,7. Core Automotive,2046,1087.8711020845346,136613.86365525832,385.74226685341796
7,7. Core Automotive,2047,1086.7553230772762,140140.3737715587,396.08386407501666
7,7. Core Automotive,2048,1084.8815580810333,143756.3719276714,407.259371456685
7,7. Core Automotive,2049,1083.174705425051,147421.49504292454,418.81294496866315
7,7. Core Automotive,2050,1081.7470775437546,151140.76184449316,430.8676990088192
7,7. Core Automotive,2051,1080.1758437088881,154933.6373267742,443.0577486017226
7,7. Core Automotive,2052,1078.2199673323348,158823.17706003448,455.572767376869
7,7. Core Automotive,2053,1075.6004694905664,162786.3782743523,468.31395932460157
7,7. Core Automotive,2054,1071.8447681671396,166803.2137107729,481.01698984869086
7,7. Core Automotive,2055,1067.0212687754558,170859.72125226218,493.9132964490509
8,"8. Motor Vehicle Parts, Materials, & Products Sales",1970,1909.4633852046152,NDNDNDNDNDNDND,NDNDNDNDNDNDND
8,"8. Motor Vehicle Parts, Materials, & Products Sales",1971,1928.093967073298,NDNDNDNDNDNDND,NDNDNDNDNDNDND
8,"8. Motor Vehicle Parts, Materials, & Products Sales",1972,1963.7625283512814,NDNDNDNDNDNDND,NDNDNDNDNDNDND
8,"8. Motor Vehicle Parts, Materials, & Products Sales",1973,2027.5519999700145,NDNDNDNDNDNDND,NDNDNDNDNDNDND
8,"8. Motor Vehicle Parts, Materials, & Products Sales",1974,2057.478196902853,NDNDNDNDNDNDND,NDNDNDNDNDNDND
8,"8. Motor Vehicle Parts, Materials, & Products Sales",1975,2097.0351499484177,19107.715714957543,NDNDNDNDNDNDND
8,"8. Motor Vehicle Parts, Materials, & Products Sales",1976,2162.9717013004097,20984.038194716602,NDNDNDNDNDNDND
8,"8. Motor Vehicle Parts, Materials, & Products Sales",1977,2243.138388260305,23252.092323954756,79.57208808958298
8,"8. Motor Vehicle Parts, Materials, & Products Sales",1978,2356.1836941417273,26181.353922372113,89.09382787711044
8,"8. Motor Vehicle Parts, Materials, & Products Sales",1979,2430.7274518886093,29293.014876655263,99.70627375116463
8,"8. Motor Vehicle Parts, Materials, & Products Sales",1980,2466.6440265435995,32133.528820124928,105.88635599701563
8,"8. Motor Vehicle Parts, Materials, & Products Sales",1981,2499.0938477918385,35237.32665065069,116.89057904977308
8,"8. Motor Vehicle Parts, Materials, & Products Sales",1982,2476.2635313221253,36624.13901622376,117.5329515009739
8,"8. Motor Vehicle Parts, Materials, & Products Sales",1983,2471.5887623415238,37878.568105360835,125.72690975005285
8,"8. Motor Vehicle Parts, Materials, & Products Sales",1984,2593.1841002686515,42585.12968651999,140.10553625356246
8,"8. Motor Vehicle Parts, Materials, & Products Sales",1985,2668.5736708460827,45438.72963940604,149.75131500142825
8,"8. Motor Vehicle Parts, Materials, & Products Sales",1986,2683.703657391056,47531.14240262541,154.40791141413527
8,"8. Motor Vehicle Parts, Materials, & Products Sales",1987,2709.548212691576,50198.202872876864,156.21765176082698
8,"8. Motor Vehicle Parts, Materials, & Products Sales",1988,2797.9221542121722,54292.21138697547,169.24008390403128
8,"8. Motor Vehicle Parts, Materials, & Products Sales",1989,2858.2357410245004,57538.383004651005,178.94086738617997
8,"8. Motor Vehicle Parts, Materials, & Products Sales",1990,2885.977701608219,59767.889174716795,184.07341027925446
8,"8. Motor Vehicle Parts, Materials, & Products Sales",1991,2819.805728936626,59081.094807606714,187.87468352502938
8,"8. Motor Vehicle Parts, Materials, & Products Sales",1992,2764.789842773451,60995.71720465741,194.60043985379446
8,"8. Motor Vehicle Parts, Materials, & Products Sales",1993,2762.0745420183475,63156.74461977982,205.44132225373252
8,"8. Motor Vehicle Parts, Materials, & Products Sales",1994,2859.8722262930332,67377.51109347833,225.84319938480803
8,"8. Motor Vehicle Parts, Materials, & Products Sales",1995,2959.3411939929483,72234.4352759174,233.59373267075637
8,"8. Motor Vehicle Parts, Materials, & Products Sales",1996,3014.533068004589,76069.40612502002,244.84425521330053
8,"8. Motor Vehicle Parts, Materials, & Products Sales",1997,3069.2849725178885,81080.83062081765,256.9264352340398
8,"8. Motor Vehicle Parts, Materials, & Products Sales",1998,3097.166118292289,86202.7222785391,269.44067304510696
8,"8. Motor Vehicle Parts, Materials, & Products Sales",1999,3098.130464491382,89581.75566637622,273.58144368541366
8,"8. Motor Vehicle Parts, Materials, & Products Sales",2000,3095.4300211945297,94311.77560893203,284.6343913457072
8,"8. Motor Vehicle Parts, Materials, & Products Sales",2001,3016.6331407626576,95139.23775566979,282.03161579889047
8,"8. Motor Vehicle Parts, Materials, & Products Sales",2002,2931.4243873835144,94224.95766294678,280.1977849392545
8,"8. Motor Vehicle Parts, Materials, & Products Sales",2003,2870.811153136676,94255.35596914591,295.1393040047237
8,"8. Motor Vehicle Parts, Materials, & Products Sales",2004,2882.6795893101275,99294.6197932921,323.1906578196699
8,"8. Motor Vehicle Parts, Materials, & Products Sales",2005,2908.5414397861255,104752.44952222414,354.15610833659275
8,"8. Motor Vehicle Parts, Materials, & Products Sales",2006,2944.216215097524,110973.32202721202,380.6624645869164
8,"8. Motor Vehicle Parts, Materials, & Products Sales",2007,2976.616895522446,116251.93937741496,395.7074417389734
8,"8. Motor Vehicle Parts, Materials, & Products Sales",2008,2933.4231954717075,117812.50543838272,401.67349073331684
8,"8. Motor Vehicle Parts, Materials, & Products Sales",2009,2789.3668255049233,107780.55201869273,359.5075118230905
8,"8. Motor Vehicle Parts, Materials, & Products Sales",2010,2749.6400527231763,109095.2868366623,381.40544636933095
8,"8. Motor Vehicle Parts, Materials, & Products Sales",2011,2817.8246659574525,115693.30883563266,409.5173261156372
8,"8. Motor Vehicle Parts, Materials, & Products Sales",2012,2893.003962032909,122410.32570955779,435.438482279483
8,"8. Motor Vehicle Parts, Materials, & Products Sales",2013,2944.067904257514,124547.60180067114,451.0270849094818
8,"8. Motor Vehicle Parts, Materials, & Products Sales",2014,2998.1996294517357,131081.21229988374,465.15027305369284
8,"8. Motor Vehicle Parts, Materials, & Products Sales",2015,3034.4916703410217,135443.20543654513,466.32938398214696
8,"8. Motor Vehicle Parts, Materials, & Products Sales",2016,3031.5441024102192,135409.4007233088,459.6821709739894
8,"8. Motor Vehicle Parts, Materials, & Products Sales",2017,3050.5219762248453,140787.88451684066,475.49493795094105
8,"8. Motor Vehicle Parts, Materials, & Products Sales",2018,3078.287115300946,154670.58008580422,511.21152835689236
8,"8. Motor Vehicle Parts, Materials, & Products Sales",2019,3124.5900473229476,161222.3033310829,540.584545135566
8,"8. Motor Vehicle Parts, Materials, & Products Sales",2020,3002.605029237601,159712.4171500721,510.15459962924444
8,"8. Motor Vehicle Parts, Materials, & Products Sales",2021,3035.148029530583,174317.63389180615,579.1205733612653
8,"8. Motor Vehicle Parts, Materials, & Products Sales",2022,3150.0629707748453,194819.39482400875,659.9847986353084
8,"8. Motor Vehicle Parts, Materials, & Products Sales",2023,3230.2769359576105,208120.65841815565,688.2024786597965
8,"8. Motor Vehicle Parts, Materials, & Products Sales",2024,3266.853016290316,218178.5413833295,712.7014456078343
8,"8. Motor Vehicle Parts, Materials, & Products Sales",2025,3288.2951865942023,226008.60006280732,750.0116702082325
8,"8. Motor Vehicle Parts, Materials, & Products Sales",2026,3304.765755505693,236588.38185162636,781.8264404964564
8,"8. Motor Vehicle Parts, Materials, & Products Sales",2027,3323.438222434964,246282.07896277003,800.6432126819319
8,"8. Motor Vehicle Parts, Materials, & Products Sales",2028,3345.351915648892,254591.868491448,821.2482633296004
8,"8. Motor Vehicle Parts, Materials, & Products Sales",2029,3365.8742494646604,263616.3689357158,842.5958757132521
8,"8. Motor Vehicle Parts, Materials, & Products Sales",2030,3388.186626273063,274133.411425771,862.8341409255339
8,"8. Motor Vehicle Parts, Materials, & Products Sales",2031,3407.307019342704,285233.89108333725,884.0304911471878
8,"8. Motor Vehicle Parts, Materials, & Products Sales",2032,3416.694315381717,295767.5998732828,904.3398565691863
8,"8. Motor Vehicle Parts, Materials, & Products Sales",2033,3418.700461878199,305213.79898057773,926.3558226545109
8,"8. Motor Vehicle Parts, Materials, & Products Sales",2034,3418.756084882383,314464.7439906018,950.4025505544856
8,"8. Motor Vehicle Parts, Materials, & Products Sales",2035,3419.811181296287,324380.3109672429,974.875328642078
8,"8. Motor Vehicle Parts, Materials, & Products Sales",2036,3422.7208585550993,335396.3168278157,1001.6267954489242
8,"8. Motor Vehicle Parts, Materials, & Products Sales",2037,3425.674098852567,347626.0126735559,1030.22742113
8,"8. Motor Vehicle Parts, Materials, & Products Sales",2038,3428.242117417706,361021.2000377372,1059.5840911947514
8,"8. Motor Vehicle Parts, Materials, & Products Sales",2039,3431.515955881567,375710.34951799945,1090.1472401316892
8,"8. Motor Vehicle Parts, Materials, & Products Sales",2040,3432.798326131563,391475.8710457563,1121.7679029090011
8,"8. Motor Vehicle Parts, Materials, & Products Sales",2041,3431.9615119849805,408041.13793224934,1154.054529275387
8,"8. Motor Vehicle Parts, Materials, & Products Sales",2042,3429.158443046559,425370.5493235785,1187.314742069644
8,"8. Motor Vehicle Parts, Materials, & Products Sales",2043,3424.829367595379,443676.4591959119,1222.2848842165706
8,"8. Motor Vehicle Parts, Materials, & Products Sales",2044,3420.0225015989254,462997.3242681193,1259.7338368423686
8,"8. Motor Vehicle Parts, Materials, & Products Sales",2045,3414.1356099974228,483059.3168967008,1299.3242660898813
8,"8. Motor Vehicle Parts, Materials, & Products Sales",2046,3407.003455578169,503689.1848886636,1339.7410166684283
8,"8. Motor Vehicle Parts, Materials, & Products Sales",2047,3398.628528622258,525094.2765964305,1381.6451598936267
8,"8. Motor Vehicle Parts, Materials, & Products Sales",2048,3389.419043241233,547284.0458212304,1426.417830113583
8,"8. Motor Vehicle Parts, Materials, & Products Sales",2049,3380.208999849346,570211.4480796608,1473.6315410650413
8,"8. Motor Vehicle Parts, Materials, & Products Sales",2050,3371.2512297869566,593878.0665031027,1523.176826708954
8,"8. Motor Vehicle Parts, Materials, & Products Sales",2051,3362.369061167728,618441.7520679407,1575.157807685246
8,"8. Motor Vehicle Parts, Materials, & Products Sales",2052,3352.9130110199976,643944.2933573142,1630.0269486171508
8,"8. Motor Vehicle Parts, Materials, & Products Sales",2053,3341.3918924011577,670136.1272509012,1687.267120292101
8,"8. Motor Vehicle Parts, Materials, & Products Sales",2054,3327.422659204692,696953.6748324373,1746.9529534297537
8,"8. Motor Vehicle Parts, Materials, & Products Sales",2055,3311.4641242293633,724443.9137204099,1809.7054306838677
9,"9. Dealers, Maintenance, & Repair",1970,866.8146616075255,NDND,NDND
9,"9. Dealers, Maintenance, & Repair",1971,895.483360624441,NDND,NDND
9,"9. Dealers, Maintenance, & Repair",1972,1006.330890288236,NDND,NDND
9,"9. Dealers, Maintenance, & Repair",1973,1055.52473860444,NDND,NDND
9,"9. Dealers, Maintenance, & Repair",1974,1015.8901261081246,NDND,NDND
9,"9. Dealers, Maintenance, & Repair",1975,1017.5896261078858,12380.741898408158,NDND
9,"9. Dealers, Maintenance, & Repair",1976,1082.609449890795,14021.420728367153,NDND
9,"9. Dealers, Maintenance, & Repair",1977,1144.238867554311,15651.902108938246,30.262308309493342
9,"9. Dealers, Maintenance, & Repair",1978,1213.848058193924,17887.009793139863,34.90433289724989
9,"9. Dealers, Maintenance, & Repair",1979,1231.468915683789,19523.643565355203,37.96950382867021
9,"9. Dealers, Maintenance, & Repair",1980,1141.753352992044,19135.355426742157,37.30610729315609
9,"9. Dealers, Maintenance, & Repair",1981,1119.1080175621653,19873.39507690439,40.13681873801947
9,"9. Dealers, Maintenance, & Repair",1982,1122.2765039574613,20655.674925578718,41.638266929664454
9,"9. Dealers, Maintenance, & Repair",1983,1176.4350978547754,22648.828651267162,47.84886020507732
9,"9. Dealers, Maintenance, & Repair",1984,1297.6853499658587,26988.345791830638,57.165334372467484
9,"9. Dealers, Maintenance, & Repair",1985,1402.4193147672413,30069.36022824594,64.31640117688396
9,"9. Dealers, Maintenance, & Repair",1986,1473.3548969267135,32628.24887202048,70.39139848573345
9,"9. Dealers, Maintenance, & Repair",1987,1539.673377304332,35042.3720184559,74.11937528370146
9,"9. Dealers, Maintenance, & Repair",1988,1614.441497900012,37914.9851685846,79.42172316799538
9,"9. Dealers, Maintenance, & Repair",1989,1648.914022977061,39179.5501947162,83.27537274295167
9,"9. Dealers, Maintenance, & Repair",1990,1636.112453800697,40164.05061554055,84.51799433350352
9,"9. Dealers, Maintenance, & Repair",1991,1568.6199623100283,39583.136704904,83.88181914250005
9,"9. Dealers, Maintenance, & Repair",1992,1565.3495871813527,41603.9370367233,89.68035001291497
9,"9. Dealers, Maintenance, & Repair",1993,1634.8258219770896,45669.08807566897,101.82044432911789
9,"9. Dealers, Maintenance, & Repair",1994,1727.4723362040313,50792.86454226643,115.38604091769517
9,"9. Dealers, Maintenance, & Repair",1995,1803.3568507092905,53772.2616436157,122.06332122412478
9,"9. Dealers, Maintenance, & Repair",1996,1887.9641147631146,58002.882712299164,131.77347581609936
9,"9. Dealers, Maintenance, & Repair",1997,1938.3163163137147,60766.60489452555,138.22490679653959
9,"9. Dealers, Maintenance, & Repair",1998,1963.8723183365828,64709.38680182422,145.09292485575594
9,"9. Dealers, Maintenance, & Repair",1999,2037.6424083875,69983.77736456675,157.23984723752565
9,"9. Dealers, Maintenance, & Repair",2000,2098.0236737313267,74566.26180088554,162.9580322004501
9,"9. Dealers, Maintenance, & Repair",2001,2121.91536696401,77946.71660323115,154.39201624904354
9,"9. Dealers, Maintenance, & Repair",2002,2145.4484007849055,80017.10576418371,168.11935633995319
9,"9. Dealers, Maintenance, & Repair",2003,2141.593319926401,81224.13979484288,167.67260583686016
9,"9. Dealers, Maintenance, & Repair",2004,2141.5867937021044,82995.28544777723,170.6522887481983
9,"9. Dealers, Maintenance, & Repair",2005,2141.1567466237047,84624.9863925733,175.78696990291436
9,"9. Dealers, Maintenance, & Repair",2006,2126.995073375016,86905.76876668332,179.08407280223193
9,"9. Dealers, Maintenance, & Repair",2007,2120.5678223929535,88076.94267274365,178.78616519196717
9,"9. Dealers, Maintenance, & Repair",2008,2026.9269375014287,82780.22582486841,159.75387545402646
9,"9. Dealers, Maintenance, & Repair",2009,1818.801855727207,73657.3657406646,142.05785648945522
9,"9. Dealers, Maintenance, & Repair",2010,1807.4857483480816,75910.87711386479,155.7542695480371
9,"9. Dealers, Maintenance, & Repair",2011,1871.3326702187487,81112.84879223898,162.75234459575194
9,"9. Dealers, Maintenance, & Repair",2012,1922.1654436658232,85945.85084791598,175.35516696913362
9,"9. Dealers, Maintenance, & Repair",2013,1981.038423288182,90450.21602565522,192.9836011799132
9,"9. Dealers, Maintenance, & Repair",2014,2049.7040903002166,96588.00618812752,209.17227855163324
9,"9. Dealers, Maintenance, & Repair",2015,2128.5478157746525,104167.78604618064,225.54270459626895
9,"9. Dealers, Maintenance, & Repair",2016,2186.3861080564748,108610.52702446782,241.1619486987337
9,"9. Dealers, Maintenance, & Repair",2017,2213.120762109311,111932.55232978746,254.13518805995463
9,"9. Dealers, Maintenance, & Repair",2018,2224.226616362105,115122.21695130775,262.29795908240084
9,"9. Dealers, Maintenance, & Repair",2019,2240.8641777396538,120547.28642278677,277.32470913267014
9,"9. Dealers, Maintenance, & Repair",2020,2094.3832521091886,120127.96813582315,273.58709591013707
9,"9. Dealers, Maintenance, & Repair",2021,2155.1959849271216,145540.87350046868,332.9940977694589
9,"9. Dealers, Maintenance, & Repair",2022,2211.4809941112376,154530.25647012293,357.38723960855
9,"9. Dealers, Maintenance, & Repair",2023,2266.875620525946,156960.49191597354,379.27584733885243
9,"9. Dealers, Maintenance, & Repair",2024,2300.471690396428,163314.36463051842,385.8038871431638
9,"9. Dealers, Maintenance, & Repair",2025,2326.2359501128303,170027.79136232613,400.9009164945128
9,"9. Dealers, Maintenance, & Repair",2026,2333.9226950846223,178014.24452430627,421.23125539074016
9,"9. Dealers, Maintenance, & Repair",2027,2340.791709751001,185451.50118243182,438.4330769698484
9,"9. Dealers, Maintenance, & Repair",2028,2353.7355154913466,192445.42888693017,456.25634699608014
9,"9. Dealers, Maintenance, & Repair",2029,2372.117352911331,200770.5654476457,475.7638495608638
9,"9. Dealers, Maintenance, & Repair",2030,2397.907098225799,210574.66936663262,496.3820479172175
9,"9. Dealers, Maintenance, & Repair",2031,2421.792570597631,221074.0321603957,516.4068796362487
9,"9. Dealers, Maintenance, & Repair",2032,2435.203782465402,231207.57877633334,534.2680947441631
9,"9. Dealers, Maintenance, & Repair",2033,2440.718786387214,240656.304256947,551.2200476266466
9,"9. Dealers, Maintenance, & Repair",2034,2443.3137444818276,250036.8564524968,568.1147267547187
9,"9. Dealers, Maintenance, & Repair",2035,2447.3092662776626,259990.84396063897,585.6602311976802
9,"9. Dealers, Maintenance, & Repair",2036,2455.03226946866,270980.72174652247,605.4978871034759
9,"9. Dealers, Maintenance, & Repair",2037,2463.55422868117,283102.2402250008,626.6378241399476
9,"9. Dealers, Maintenance, & Repair",2038,2471.441403016411,296301.9888187172,648.179464290178
9,"9. Dealers, Maintenance, & Repair",2039,2479.355492756999,310683.7195369974,670.386704062265
9,"9. Dealers, Maintenance, & Repair",2040,2485.885545453016,326202.14374100976,692.9448756468009
9,"9. Dealers, Maintenance, & Repair",2041,2491.212099921867,342743.1127828578,715.5808068817863
9,"9. Dealers, Maintenance, & Repair",2042,2495.821537839838,360388.93017158,738.6546312166893
9,"9. Dealers, Maintenance, & Repair",2043,2500.5334532270163,379306.81291855767,762.4032889370217
9,"9. Dealers, Maintenance, & Repair",2044,2505.6332278125583,399648.5059675279,787.0510257445139
9,"9. Dealers, Maintenance, & Repair",2045,2509.935547698665,421147.2871637067,812.1715108728042
9,"9. Dealers, Maintenance, & Repair",2046,2513.3024135499754,443716.9579196335,837.3663054344121
9,"9. Dealers, Maintenance, & Repair",2047,2515.4075405129734,467507.9747912966,863.1400624997915
9,"9. Dealers, Maintenance, & Repair",2048,2516.845043130758,492566.7233771281,890.0174110707705
9,"9. Dealers, Maintenance, & Repair",2049,2518.8610516798735,518949.04140702623,917.7756140133207
9,"9. Dealers, Maintenance, & Repair",2050,2521.5832788015678,546698.0640897714,946.4744675588106
9,"9. Dealers, Maintenance, & Repair",2051,2524.423028915795,575917.9227626604,976.1646008750955
9,"9. Dealers, Maintenance, & Repair",2052,2526.8376729417932,606738.7549238671,1006.9500328220248
9,"9. Dealers, Maintenance, & Repair",2053,2527.515416645224,638981.1123415988,1038.340098832071
9,"9. Dealers, Maintenance, & Repair",2054,2526.235948706182,672645.8143402031,1070.332949073438
9,"9. Dealers, Maintenance, & Repair",2055,2523.4947933890517,707864.4669662807,1103.33009895022
10,10. Logistics,1970,749.2485199622802,NDND,NDND
10,10. Logistics,1971,758.8818700524611,NDND,NDND
10,10. Logistics,1972,764.2948470924058,NDND,NDND
10,10. Logistics,1973,799.9521256798964,NDND,NDND
10,10. Logistics,1974,809.2779741856327,NDND,NDND
10,10. Logistics,1975,770.669340669355,9871.736731624971,NDND
10,10. Logistics,1976,798.6089571560983,11166.88628528723,NDND
10,10. Logistics,1977,845.1053504315978,12775.477572931413,21.908
10,10. Logistics,1978,909.9957475110191,14740.477381104287,25.11
10,10. Logistics,1979,938.0195047656498,16354.287866185678,27.933999999999997
10,10. Logistics,1980,899.3580437491318,16921.191907965152,28.459
10,10. Logistics,1981,893.3092602757196,18086.6693598262,29.986000000000004
10,10. Logistics,1982,863.4927131066363,17715.29100640982,29.438000000000002
10,10. Logistics,1983,869.9381894820569,18194.554214605403,32.50699999999999
10,10. Logistics,1984,938.1687958823718,20202.680920646708,36.651
10,10. Logistics,1985,970.6525383926426,21153.146590939545,39.5
10,10. Logistics,1986,989.3808226175238,22050.39281606412,43.329
10,10. Logistics,1987,1031.6156322638099,23972.63958812247,44.72099999999999
10,10. Logistics,1988,1089.6587952616862,25982.858503804815,45.364
10,10. Logistics,1989,1110.498256976473,27151.101188539586,49.07899999999999
10,10. Logistics,1990,1122.6166633297933,28289.51606048949,50.647999999999996
10,10. Logistics,1991,1104.750002238184,28377.564988988917,52.201000000000015
10,10. Logistics,1992,1107.8249999569678,30044.10110633457,55.912000000000006
10,10. Logistics,1993,1155.1333361956101,31949.83982693794,59.596999999999994
10,10. Logistics,1994,1206.3416595116769,34661.295550082534,65.886
10,10. Logistics,1995,1249.1333238855623,36981.730996042184,67.389
10,10. Logistics,1996,1282.2416647123364,38454.57784415457,70.718
10,10. Logistics,1997,1308.375004619169,41109.87116407401,77.138
10,10. Logistics,1998,1354.6749764204155,44298.000002357934,85.59200000000001
10,10. Logistics,1999,1391.8250209648268,46865.00003474904,92.37199999999999
10,10. Logistics,2000,1406.05831178483,49317.000073392366,98.02200000000003
10,10. Logistics,2001,1386.9249919987953,49366.000140030555,97.21399999999998
10,10. Logistics,2002,1339.3916641941419,48803.00001998477,97.11100000000002
10,10. Logistics,2003,1326.0333143284345,49604.99987975776,101.39700000000002
10,10. Logistics,2004,1352.199994717363,53086.000223305244,109.10500000000002
10,10. Logistics,2005,1397.9583140022103,56464.99970717015,116.858
10,10. Logistics,2006,1436.1249746626604,59910.000085467465,125.48400000000001
10,10. Logistics,2007,1439.383324256793,61870.00027852689,123.709
10,10. Logistics,2008,1389.1833326364472,60816.99964093455,120.51499999999999
10,10. Logistics,2009,1268.6249820138105,53889.00005883086,109.46200000000002
10,10. Logistics,2010,1251.083313822301,54526.000000270105,113.524
10,10. Logistics,2011,1301.2416683066087,58463.99988704226,122.00200000000001
10,10. Logistics,2012,1349.9416706772902,62207.99999425476,128.39500000000004
10,10. Logistics,2013,1382.4749859174046,64479.99998657065,134.536
10,10. Logistics,2014,1417.3083470836887,69262.00001089468,148.62800000000004
10,10. Logistics,2015,1452.9416678238595,72998.00049927272,161.45
10,10. Logistics,2016,1448.6499659577594,73084.00009647223,164.89
10,10. Logistics,2017,1457.341641101979,76159.00005149734,177.96700000000007
10,10. Logistics,2018,1495.7999953252634,82105.00092608568,191.41199999999998
10,10. Logistics,2019,1528.1000070851635,85698.00051759895,197.41000000000008
10,10. Logistics,2020,1471.0250004460756,85588.00323192865,196.62399999999997
10,10. Logistics,2021,1515.1333324834588,94074.99983278965,230.37
10,10. Logistics,2022,1577.3666685392795,104371.00246247256,259.15100000000007
10,10. Logistics,2023,1558.866661175335,106122.00101354797,256.63500000000005
10,10. Logistics,2024,1521.6333369334716,107973.42772263443,257.541
10,10. Logistics,2025,1514.4585967171147,110984.16898439208,262.8773959924761
10,10. Logistics,2026,1476.3393833312853,111813.30879179717,269.4593086794366
10,10. Logistics,2027,1437.9202871862535,111963.4968974421,278.37841515585535
10,10. Logistics,2028,1402.6663578231266,111529.87687314952,287.28850361112654
10,10. Logistics,2029,1368.802486609624,111996.29461373136,295.6728264339001
10,10. Logistics,2030,1337.4228129723292,112950.58677709971,303.7006027098892
10,10. Logistics,2031,1304.4257078720668,113678.79447273724,311.32927451717114
10,10. Logistics,2032,1267.49130539595,113750.30059406794,317.9930293646491
10,10. Logistics,2033,1229.0895138112899,113225.82098115174,324.6002910290937
10,10. Logistics,2034,1192.0246248110484,112674.97306274055,331.085611237332
10,10. Logistics,2035,1158.1006248158367,112415.33309694302,336.8617451582029
10,10. Logistics,2036,1127.4616866439947,112468.49319931382,343.187821776036
10,10. Logistics,2037,1099.275521937853,112750.91389012267,349.96661418739376
10,10. Logistics,2038,1073.0862930989695,113182.43274324013,356.79124863756977
10,10. Logistics,2039,1048.713920094179,113730.16386537265,363.9373245208859
10,10. Logistics,2040,1025.4711317189694,114305.90676799027,371.2342325096445
10,10. Logistics,2041,1003.7648743305901,114865.55111829143,378.6560306969735
10,10. Logistics,2042,983.6285559076923,115439.28699371591,386.18978114203276
10,10. Logistics,2043,965.211940535053,116150.40918340377,393.90126347940094
10,10. Logistics,2044,948.7328987487815,117101.15318377754,401.8039336562647
10,10. Logistics,2045,934.0918368384182,118235.092232393,409.9553818078291
10,10. Logistics,2046,921.1615474386949,119540.41892424929,418.42716014700096
10,10. Logistics,2047,909.4276229931991,120982.9151598922,427.40423258370595
10,10. Logistics,2048,899.1514996314826,122604.48651834398,437.12061030670395
10,10. Logistics,2049,890.6253649372086,124390.87996009144,447.7201046247143
10,10. Logistics,2050,883.792367861297,126318.88891145164,459.23141574296403
10,10. Logistics,2051,878.361847248658,128383.745105863,471.6701430543251
10,10. Logistics,2052,874.23969840361,130619.2573921956,485.2038370960805
10,10. Logistics,2053,871.1902250556707,133010.491520571,499.7621564876595
10,10. Logistics,2054,869.2109380891986,135591.6036847718,515.2574975916615
10,10. Logistics,2055,868.5401871801214,138390.3242850544,531.7616164999786
