segment_id,segment_name,year,employment_yoy_pct,wages_yoy_pct,gdp_yoy_pct
1,1. Materials & Processing - Coatings & Surface Treatments,1970,,,
1,1. Materials & Processing - Coatings & Surface Treatments,1971,-2.335079185210931,,
1,1. Materials & Processing - Coatings & Surface Treatments,1972,3.5064597260433072,,
1,1. Materials & Processing - Coatings & Surface Treatments,1973,7.6750738433083345,,
1,1. Materials & Processing - Coatings & Surface Treatments,1974,-8.976182704734919,,
1,1. Materials & Processing - Coatings & Surface Treatments,1975,-9.216252726475119,,
1,1. Materials & Processing - Coatings & Surface Treatments,1976,3.4071949740466243,19.593791960989602,
1,1. Materials & Processing - Coatings & Surface Treatments,1977,7.004613394802014,17.64700446544917,
1,1. Materials & Processing - Coatings & Surface Treatments,1978,3.2964606449532794,11.323929325040275,14.344794179517734
1,1. Materials & Processing - Coatings & Surface Treatments,1979,-4.821505582609202,5.075184766363145,9.027256879397116
1,1. Materials & Processing - Coatings & Surface Treatments,1980,-15.160858462405958,-8.119125201101287,-9.741995273957794
1,1. Materials & Processing - Coatings & Surface Treatments,1981,0.07567362188540507,7.106738858101299,11.005481320380495
1,1. Materials & Processing - Coatings & Surface Treatments,1982,-11.521335514916426,-9.225715896500942,-13.868867074924971
1,1. Materials & Processing - Coatings & Surface Treatments,1983,0.47997684779681127,7.64969009555629,18.955469260721493
1,1. Materials & Processing - Coatings & Surface Treatments,1984,7.856188639513586,18.05971599219213,27.150185674193384
1,1. Materials & Processing - Coatings & Surface Treatments,1985,9.312448549595786,16.083663892153307,14.351827097476392
1,1. Materials & Processing - Coatings & Surface Treatments,1986,-1.0672636222169805,0.7096372967836978,-1.6649412793543934
1,1. Materials & Processing - Coatings & Surface Treatments,1987,-5.270729822470862,-2.5619878583198323,8.528350837343236
1,1. Materials & Processing - Coatings & Surface Treatments,1988,-0.5217375036941033,7.04451970186412,4.035228482819779
1,1. Materials & Processing - Coatings & Surface Treatments,1989,4.472273666561447,4.656395014354483,13.348284641709904
1,1. Materials & Processing - Coatings & Surface Treatments,1990,-6.158661567925362,-0.316804395554979,-0.29615153457327204
1,1. Materials & Processing - Coatings & Surface Treatments,1991,-7.407496342736393,-4.580353546675239,-0.18067935975442026
1,1. Materials & Processing - Coatings & Surface Treatments,1992,-1.0767946542695797,4.8558896226283546,12.744782555865362
1,1. Materials & Processing - Coatings & Surface Treatments,1993,6.5045286141330925,11.082688306117376,10.915981216362496
1,1. Materials & Processing - Coatings & Surface Treatments,1994,5.989360129147574,11.927191970199068,15.192193262971228
1,1. Materials & Processing - Coatings & Surface Treatments,1995,1.8278832155582823,2.8466810807582026,0.5130989704970452
1,1. Materials & Processing - Coatings & Surface Treatments,1996,1.4343422490006954,6.25689838315994,8.64812565850074
1,1. Materials & Processing - Coatings & Surface Treatments,1997,1.526104333061395,3.7318464478985383,4.290443015801521
1,1. Materials & Processing - Coatings & Surface Treatments,1998,3.2135540110198537,5.277691212965388,4.359627838503718
1,1. Materials & Processing - Coatings & Surface Treatments,1999,2.6932068657862134,4.946190298119134,18.383870891861225
1,1. Materials & Processing - Coatings & Surface Treatments,2000,0.7102626664095082,3.199695491459959,-4.8262944489458555
1,1. Materials & Processing - Coatings & Surface Treatments,2001,-9.694543275107199,-5.396927965456282,-11.06486158684808
1,1. Materials & Processing - Coatings & Surface Treatments,2002,-5.784463336762102,-2.468921448765204,6.244920089827035
1,1. Materials & Processing - Coatings & Surface Treatments,2003,-3.4047011555590165,0.16870746471406298,-1.7979068518265504
1,1. Materials & Processing - Coatings & Surface Treatments,2004,-0.5204057041554789,3.6255894751158833,7.154469042004904
1,1. Materials & Processing - Coatings & Surface Treatments,2005,-2.3155441226615916,-4.7756593292097325,-7.199977195688232
1,1. Materials & Processing - Coatings & Surface Treatments,2006,-3.7568780646388493,-2.1382795156765315,-2.43042723014515
1,1. Materials & Processing - Coatings & Surface Treatments,2007,-1.2395408410432787,1.2444972156211782,10.560809730360395
1,1. Materials & Processing - Coatings & Surface Treatments,2008,-7.073744572521141,-5.002728946590534,-14.953976305545291
1,1. Materials & Processing - Coatings & Surface Treatments,2009,-26.071407297053597,-26.991752173154993,-19.483997835832557
1,1. Materials & Processing - Coatings & Surface Treatments,2010,7.1889053345473934,11.44645456060895,10.29769963638687
1,1. Materials & Processing - Coatings & Surface Treatments,2011,13.778592465100866,16.473262355270062,14.031395370003564
1,1. Materials & Processing - Coatings & Surface Treatments,2012,8.545061153575519,13.491312331082353,10.102963526360435
1,1. Materials & Processing - Coatings & Surface Treatments,2013,2.522820037946707,0.8782399736675093,6.6045465462086765
1,1. Materials & Processing - Coatings & Surface Treatments,2014,6.289356747863495,9.341503718066166,4.092666388365905
1,1. Materials & Processing - Coatings & Surface Treatments,2015,-0.6608488893178636,0.6774079052567388,7.818861310017248
1,1. Materials & Processing - Coatings & Surface Treatments,2016,0.07653081865053275,2.780919582473772,2.5918371659655706
1,1. Materials & Processing - Coatings & Surface Treatments,2017,0.9090308261035669,5.485012545592457,9.3413692892592
1,1. Materials & Processing - Coatings & Surface Treatments,2018,1.4192485668112063,4.322023426941583,8.15378563823335
1,1. Materials & Processing - Coatings & Surface Treatments,2019,0.8934547111461749,0.7517633343152125,5.564267704068249
1,1. Materials & Processing - Coatings & Surface Treatments,2020,-15.707315017501116,-14.49316770353758,-7.1387796111444715
1,1. Materials & Processing - Coatings & Surface Treatments,2021,0.8579954439320329,7.3387658686286885,2.922680562526326
1,1. Materials & Processing - Coatings & Surface Treatments,2022,-0.7138920387926722,3.229131320680318,7.7611419812264675
1,1. Materials & Processing - Coatings & Surface Treatments,2023,2.423259093208788,6.55047978918012,2.5168654027762383
1,1. Materials & Processing - Coatings & Surface Treatments,2024,-2.400929979520823,0.8040480458754993,2.6420158449265982
1,1. Materials & Processing - Coatings & Surface Treatments,2025,-1.091299895011983,0.325716196029042,0.09569800395331862
1,1. Materials & Processing - Coatings & Surface Treatments,2026,0.26417085695164527,1.6965855706586166,3.7117053412327676
1,1. Materials & Processing - Coatings & Surface Treatments,2027,-0.26981040077380875,1.6846280617209188,4.772532162902814
1,1. Materials & Processing - Coatings & Surface Treatments,2028,-0.21982970328607931,1.213147870929608,5.589582932567316
1,1. Materials & Processing - Coatings & Surface Treatments,2029,-0.4866697608677741,1.5851571830808482,5.578178377803018
1,1. Materials & Processing - Coatings & Surface Treatments,2030,-0.5074499732873294,1.862123507891136,5.562557639193049
1,1. Materials & Processing - Coatings & Surface Treatments,2031,-0.7513671649282917,1.7065622531033806,4.930344013560087
1,1. Materials & Processing - Coatings & Surface Treatments,2032,-1.238536373293585,1.2027688050471605,4.077279642805673
1,1. Materials & Processing - Coatings & Surface Treatments,2033,-1.66582943545904,0.7442964592903288,3.5223225030750287
1,1. Materials & Processing - Coatings & Surface Treatments,2034,-1.8032564790570311,0.5641474805755854,3.1229403120313424
1,1. Materials & Processing - Coatings & Surface Treatments,2035,-1.728005684713881,0.7026764499144017,2.9921451963869035
1,1. Materials & Processing - Coatings & Surface Treatments,2036,-1.5449110750473267,0.9555849196164496,3.2253334121758717
1,1. Materials & Processing - Coatings & Surface Treatments,2037,-1.4865297476533401,1.1136201534554107,3.311230442718853
1,1. Materials & Processing - Coatings & Surface Treatments,2038,-1.4798033303577536,1.1938724548092807,3.1653151648784545
1,1. Materials & Processing - Coatings & Surface Treatments,2039,-1.4365837907623078,1.2633621223566986,3.023623180299989
1,1. Materials & Processing - Coatings & Surface Treatments,2040,-1.5035084106865289,1.2928356700151562,2.72671250175936
1,1. Materials & Processing - Coatings & Surface Treatments,2041,-1.525099173660916,1.2625503517410737,2.4587549864126093
1,1. Materials & Processing - Coatings & Surface Treatments,2042,-1.5581677610709892,1.2989963706853753,2.3764985331012527
1,1. Materials & Processing - Coatings & Surface Treatments,2043,-1.5960282651189206,1.4269309058062092,2.338301837352509
1,1. Materials & Processing - Coatings & Surface Treatments,2044,-1.5848992953967207,1.60537140839154,2.3580281460585555
1,1. Materials & Processing - Coatings & Surface Treatments,2045,-1.5547044925849474,1.7236892155362085,2.35680003844661
1,1. Materials & Processing - Coatings & Surface Treatments,2046,-1.5180975295541377,1.8212931836713644,2.3381586759033404
1,1. Materials & Processing - Coatings & Surface Treatments,2047,-1.5334213517465758,1.9021174499104287,2.381755686476958
1,1. Materials & Processing - Coatings & Surface Treatments,2048,-1.5789165892792463,1.96163255827146,2.437820926955553
1,1. Materials & Processing - Coatings & Surface Treatments,2049,-1.5496361075055063,1.9940046424549218,2.4703613363026187
1,1. Materials & Processing - Coatings & Surface Treatments,2050,-1.477575961015581,2.034055878219876,2.53064273829945
1,1. Materials & Processing - Coatings & Surface Treatments,2051,-1.428530327770438,2.0850390133093617,2.5461171718894313
1,1. Materials & Processing - Coatings & Surface Treatments,2052,-1.4269723657650297,2.147954566307668,2.5537788031059208
1,1. Materials & Processing - Coatings & Surface Treatments,2053,-1.4824756769430092,2.194181896186648,2.549649147000944
1,1. Materials & Processing - Coatings & Surface Treatments,2054,-1.5684073224171953,2.251544635859127,2.548402200477263
1,1. Materials & Processing - Coatings & Surface Treatments,2055,-1.6244693314391327,2.345760864277813,2.568900973318005
1,1. Materials & Processing - Metals,1970,,,
1,1. Materials & Processing - Metals,1971,-0.5036657575461098,,
1,1. Materials & Processing - Metals,1972,0.7973387226624336,,
1,1. Materials & Processing - Metals,1973,10.255268920874986,,
1,1. Materials & Processing - Metals,1974,-1.886877770398047,,
1,1. Materials & Processing - Metals,1975,-16.83091500956183,,
1,1. Materials & Processing - Metals,1976,8.892375960857049,25.041308433943065,
1,1. Materials & Processing - Metals,1977,4.303150259612936,15.710910399464776,
1,1. Materials & Processing - Metals,1978,1.668017191777246,11.663366256122059,11.821992406045084
1,1. Materials & Processing - Metals,1979,-2.988281658183363,2.5943273055879104,7.9986686065314405
1,1. Materials & Processing - Metals,1980,-9.182810037581044,-13.748479547817464,-11.840352053723443
1,1. Materials & Processing - Metals,1981,1.9127094028073,5.542431212704674,10.852724049548671
1,1. Materials & Processing - Metals,1982,-12.735473783350379,-20.421455280355786,-31.482409873505034
1,1. Materials & Processing - Metals,1983,-3.0048550391425186,0.8142817610608168,-14.061511628529702
1,1. Materials & Processing - Metals,1984,3.332795709921853,8.808646914682667,22.71367971515364
1,1. Materials & Processing - Metals,1985,-7.444275888576914,-3.0848545278574284,-9.748569248377608
1,1. Materials & Processing - Metals,1986,-2.9044976567872673,2.2551676104185026,-3.112451278020822
1,1. Materials & Processing - Metals,1987,-1.7039719592138867,-0.29144451374687275,-6.957991747481527
1,1. Materials & Processing - Metals,1988,-4.125806445845552,8.15704061452638,14.51267576741545
1,1. Materials & Processing - Metals,1989,-5.028201525490669,-2.125973358478543,7.7444263735246075
1,1. Materials & Processing - Metals,1990,-2.2255498601000054,-9.10564618444366,-19.974106500002133
1,1. Materials & Processing - Metals,1991,-7.8226597359281405,-6.153856585858616,10.419102010425492
1,1. Materials & Processing - Metals,1992,-7.430468177973651,1.274748422638784,4.172279963065503
1,1. Materials & Processing - Metals,1993,-2.185931683913418,1.817020606127539,0.5121065377262377
1,1. Materials & Processing - Metals,1994,1.7359449832843301,5.413667068683046,8.996208346595601
1,1. Materials & Processing - Metals,1995,1.0715162461248908,6.229495120926088,12.247920347633986
1,1. Materials & Processing - Metals,1996,-6.4279950569803805,-2.5410222192898475,10.278719736509348
1,1. Materials & Processing - Metals,1997,0.7930332810360168,2.0936714070829305,-3.9217653626831175
1,1. Materials & Processing - Metals,1998,2.4979067606307357,5.1025904718145965,5.122205444465458
1,1. Materials & Processing - Metals,1999,0.9075975549895633,0.6146895029405252,-5.0462620860811045
1,1. Materials & Processing - Metals,2000,0.649316161715531,3.886742967048319,-2.1318885885436747
1,1. Materials & Processing - Metals,2001,-9.880270781714195,-9.67419498716687,-21.791678333027743
1,1. Materials & Processing - Metals,2002,-10.056153140348028,-5.948342233666693,2.471665996275698
1,1. Materials & Processing - Metals,2003,-3.6966652793873336,-3.0903838701232016,-9.17016112821088
1,1. Materials & Processing - Metals,2004,-3.5238643933570306,3.4411919893998055,32.763652391514384
1,1. Materials & Processing - Metals,2005,-2.7350388958662113,-2.004395555337542,9.239620867846414
1,1. Materials & Processing - Metals,2006,-2.2002257153375853,2.931114190666592,18.796697131329108
1,1. Materials & Processing - Metals,2007,-0.07149517048961652,1.528575656148621,6.907707554557392
1,1. Materials & Processing - Metals,2008,-3.693490534790727,0.07154081017154718,10.929468640928498
1,1. Materials & Processing - Metals,2009,-23.825160249720195,-29.821576853000053,-46.028769183357035
1,1. Materials & Processing - Metals,2010,6.485862331989301,16.556120993417046,33.99874613271834
1,1. Materials & Processing - Metals,2011,7.831043960767614,11.998074002416894,32.874432743272436
1,1. Materials & Processing - Metals,2012,7.107305119108729,10.371339063900148,16.908060932923334
1,1. Materials & Processing - Metals,2013,3.183468590884347,2.6374263629310124,-4.6805509352326835
1,1. Materials & Processing - Metals,2014,3.9025329909508994,4.056244323187679,5.338489374334193
1,1. Materials & Processing - Metals,2015,0.7140974972238393,-0.6132555522710398,-17.71468592185966
1,1. Materials & Processing - Metals,2016,-0.7731790984985102,-3.0021388669014337,-14.166621944965241
1,1. Materials & Processing - Metals,2017,0.6388438628330824,10.080537134815359,-9.784909650918843
1,1. Materials & Processing - Metals,2018,0.774051350041505,0.8436210380247257,18.248171846222125
1,1. Materials & Processing - Metals,2019,-0.982923243305997,-3.1209615932618866,4.606000212454714
1,1. Materials & Processing - Metals,2020,-20.149741873430884,-19.035785490547507,-29.859726438091133
1,1. Materials & Processing - Metals,2021,-2.7694511352379982,3.8244811231375735,7.152334265954935
1,1. Materials & Processing - Metals,2022,0.7286803596972838,6.465801640821718,11.059016897267176
1,1. Materials & Processing - Metals,2023,1.0856525228368952,2.697627327796278,-4.582787210343293
1,1. Materials & Processing - Metals,2024,-0.6122280204202301,2.22683210381183,-7.6379788425574855
1,1. Materials & Processing - Metals,2025,-2.012400774304378,1.1922479169454552,2.5808552926340003
1,1. Materials & Processing - Metals,2026,-2.3575263694576734,2.0736323766718665,2.6281477222537513
1,1. Materials & Processing - Metals,2027,-3.0108486884491263,2.0534536426585484,2.5580661703141585
1,1. Materials & Processing - Metals,2028,-2.799919331317953,1.5718449561790655,4.009760655016178
1,1. Materials & Processing - Metals,2029,-2.8848254274102785,1.9356221348234142,3.959092804169193
1,1. Materials & Processing - Metals,2030,-2.7044266766758165,2.2035038667860305,4.117996821532247
1,1. Materials & Processing - Metals,2031,-2.709726881042817,2.0373884100850432,3.7008874854849445
1,1. Materials & Processing - Metals,2032,-2.9447927847239694,1.521971688884773,2.9310331051902274
1,1. Materials & Processing - Metals,2033,-3.196017115169356,1.0518349926961974,2.8941580145224166
1,1. Materials & Processing - Metals,2034,-3.3080579068428406,0.8603900064689144,2.7809282017282335
1,1. Materials & Processing - Metals,2035,-3.2460312429141367,0.9879753719341124,2.735061504140843
1,1. Materials & Processing - Metals,2036,-3.1568784328570234,1.229807131445698,3.09412433817375
1,1. Materials & Processing - Metals,2037,-3.1867763453161113,1.3761830466798266,3.249262608172802
1,1. Materials & Processing - Metals,2038,-3.300259345055076,1.4443262144686537,3.0576628551524663
1,1. Materials & Processing - Metals,2039,-3.270357413184148,1.5014251991388554,2.8433277931560736
1,1. Materials & Processing - Metals,2040,-3.329585737859022,1.5181320339011697,2.5106447823309472
1,1. Materials & Processing - Metals,2041,-3.3718144166334083,1.474733235728218,2.3424019112669563
1,1. Materials & Processing - Metals,2042,-3.5340270505611304,1.4979680801263096,2.2496602997930157
1,1. Materials & Processing - Metals,2043,-3.801751235662569,1.6125561114271274,2.1107817604579244
1,1. Materials & Processing - Metals,2044,-3.945159131361035,1.7774698408959746,2.294421613805359
1,1. Materials & Processing - Metals,2045,-3.9794981053586644,1.8819445896454245,2.333698405608832
1,1. Materials & Processing - Metals,2046,-4.04981295744235,1.9654883340489901,2.257588662996786
1,1. Materials & Processing - Metals,2047,-4.188021786532947,2.0320507629366067,2.2848694369385365
1,1. Materials & Processing - Metals,2048,-4.325687558013311,2.077123911842812,2.2677205853904723
1,1. Materials & Processing - Metals,2049,-4.401363523394323,2.0948940125537843,2.167205363432822
1,1. Materials & Processing - Metals,2050,-4.4100502126617975,2.120227695184998,2.2095251844136197
1,1. Materials & Processing - Metals,2051,-4.428808379626456,2.1563924679474398,2.175685453940921
1,1. Materials & Processing - Metals,2052,-4.489076868510797,2.2043987353358627,2.064640674334352
1,1. Materials & Processing - Metals,2053,-4.620485695549338,2.2356313110761374,1.9713882951902066
1,1. Materials & Processing - Metals,2054,-4.781738579865413,2.2779468592849623,1.9076103473938955
1,1. Materials & Processing - Metals,2055,-4.903465054538357,2.3570752022161976,1.8930405312181722
1,1. Materials & Processing - Non-Metals,1970,,,
1,1. Materials & Processing - Non-Metals,1971,-0.5878339687524814,,
1,1. Materials & Processing - Non-Metals,1972,7.817698662335894,,
1,1. Materials & Processing - Non-Metals,1973,8.509762595916483,,
1,1. Materials & Processing - Non-Metals,1974,-6.03034116884898,,
1,1. Materials & Processing - Non-Metals,1975,-10.075146175572566,,
1,1. Materials & Processing - Non-Metals,1976,10.239909798123923,21.04039405182052,
1,1. Materials & Processing - Non-Metals,1977,10.251234301251573,21.674634695439075,
1,1. Materials & Processing - Non-Metals,1978,7.793726644437584,17.052835644180433,10.533498392940412
1,1. Materials & Processing - Non-Metals,1979,-2.2938068270868692,10.068261785915066,9.06617297203552
1,1. Materials & Processing - Non-Metals,1980,-14.887287825487572,-5.824110021155815,-10.639942641380335
1,1. Materials & Processing - Non-Metals,1981,-1.5605759180337155,7.871399205457495,9.943128619440952
1,1. Materials & Processing - Non-Metals,1982,-7.6723416743914505,-2.3879424667572455,-6.68324751855873
1,1. Materials & Processing - Non-Metals,1983,6.5623567189026675,11.368363640920162,22.262205595870054
1,1. Materials & Processing - Non-Metals,1984,14.605038266128439,19.660124131473733,21.472332885931614
1,1. Materials & Processing - Non-Metals,1985,7.187250559379405,11.190897306039464,15.543065708518464
1,1. Materials & Processing - Non-Metals,1986,-1.48935628792582,1.8300083573672563,-0.5584382910299721
1,1. Materials & Processing - Non-Metals,1987,4.098797174604842,8.123117309151683,4.452724496367275
1,1. Materials & Processing - Non-Metals,1988,4.0893703013792315,7.572644394382532,4.3545578008449395
1,1. Materials & Processing - Non-Metals,1989,6.429381003293471,5.913915385426174,21.82093397790484
1,1. Materials & Processing - Non-Metals,1990,-2.7198118436268697,4.1769865312648085,0.2023658911292791
1,1. Materials & Processing - Non-Metals,1991,-3.9506012131797568,-1.0412699984162312,2.9461201815698788
1,1. Materials & Processing - Non-Metals,1992,4.140901864645342,9.60181792207023,14.080279099182505
1,1. Materials & Processing - Non-Metals,1993,5.49082169362871,8.226209880888874,13.393594280975446
1,1. Materials & Processing - Non-Metals,1994,8.847204223143917,12.976953641140804,12.195493011689905
1,1. Materials & Processing - Non-Metals,1995,5.751170997016054,10.158121302834019,1.5265065821731827
1,1. Materials & Processing - Non-Metals,1996,3.6709548089005484,7.9694623168385545,12.12422939787519
1,1. Materials & Processing - Non-Metals,1997,2.99661350836568,7.265954775605213,9.334705314582887
1,1. Materials & Processing - Non-Metals,1998,5.690737177592796,10.037769356080155,10.366613182376328
1,1. Materials & Processing - Non-Metals,1999,3.5369298091768266,7.702027912507245,7.85892327061183
1,1. Materials & Processing - Non-Metals,2000,0.2292121004733424,2.2298048118060314,3.388766154152871
1,1. Materials & Processing - Non-Metals,2001,-12.59027101978368,-6.593052892623688,-8.29870136079837
1,1. Materials & Processing - Non-Metals,2002,-5.160881370528438,-1.7482509666932373,3.442919413333787
1,1. Materials & Processing - Non-Metals,2003,-1.2973464899187568,4.519056281580921,2.4212471333636447
1,1. Materials & Processing - Non-Metals,2004,-1.9408159700438947,0.7424684134891926,-6.44405239448371
1,1. Materials & Processing - Non-Metals,2005,-0.4759541328157253,-0.668804010397234,-3.075826375890212
1,1. Materials & Processing - Non-Metals,2006,-3.5709088136980984,-1.682667607487986,-4.8045578963327795
1,1. Materials & Processing - Non-Metals,2007,-4.619430452920841,-2.3500789615169975,2.410657084088356
1,1. Materials & Processing - Non-Metals,2008,-6.051874052897946,-4.333537598939955,-16.468468132629415
1,1. Materials & Processing - Non-Metals,2009,-22.899735648051735,-19.06703766227609,-4.648956810056511
1,1. Materials & Processing - Non-Metals,2010,6.2937875312201355,10.670584729343316,21.718668552556316
1,1. Materials & Processing - Non-Metals,2011,5.9618448676879545,6.384054957255262,0.8231260127321723
1,1. Materials & Processing - Non-Metals,2012,3.412177035072137,3.6177870569443065,10.996395720745209
1,1. Materials & Processing - Non-Metals,2013,3.8798513649136397,2.788487207280257,0.590698249195215
1,1. Materials & Processing - Non-Metals,2014,5.516395852313622,8.877987347905503,5.867690705277197
1,1. Materials & Processing - Non-Metals,2015,3.1115107909801094,5.048920614234387,10.792754188297552
1,1. Materials & Processing - Non-Metals,2016,2.9004811538603197,7.0115584548124525,4.771392321093058
1,1. Materials & Processing - Non-Metals,2017,0.6543229615032334,3.0630710010508486,2.7799006156867274
1,1. Materials & Processing - Non-Metals,2018,2.875812167280644,6.201402173093833,6.837574772730726
1,1. Materials & Processing - Non-Metals,2019,0.25772286070506634,-0.12319271074863782,-0.034822888451013
1,1. Materials & Processing - Non-Metals,2020,-11.569090476138886,-6.14972487605745,-3.6375561847601947
1,1. Materials & Processing - Non-Metals,2021,3.8634610374501603,6.948587699141717,5.057516971891974
1,1. Materials & Processing - Non-Metals,2022,2.8838535443157767,5.872610060813672,7.5971953518814
1,1. Materials & Processing - Non-Metals,2023,1.0387758578593203,4.201706969772173,3.237232322944844
1,1. Materials & Processing - Non-Metals,2024,-1.257371018311283,2.0086619828018715,0.5687975401823641
1,1. Materials & Processing - Non-Metals,2025,-2.977081715362208,0.411657932557606,-2.5338269779572014
1,1. Materials & Processing - Non-Metals,2026,-0.08126985183882961,2.3983376060883552,4.015367819208128
1,1. Materials & Processing - Non-Metals,2027,-0.6308079073963352,2.3813271584115765,3.3928645418070045
1,1. Materials & Processing - Non-Metals,2028,-0.8658974249830637,1.8999150337182409,3.88101892652457
1,1. Materials & Processing - Non-Metals,2029,-1.1388929683198459,2.2649310720473923,4.28432033978101
1,1. Materials & Processing - Non-Metals,2030,-1.045159773542984,2.532189193382812,4.154034860815911
1,1. Materials & Processing - Non-Metals,2031,-1.1735355062872177,2.3631238458657804,3.826207253171126
1,1. Materials & Processing - Non-Metals,2032,-1.6398826599043403,1.8428473645530437,3.099036422441693
1,1. Materials & Processing - Non-Metals,2033,-2.0671594270949627,1.366913920909457,2.8567025893441578
1,1. Materials & Processing - Non-Metals,2034,-2.1181019292025987,1.1692713084050728,3.0907229478596054
1,1. Materials & Processing - Non-Metals,2035,-1.9804520119477167,1.290324146401361,3.1899502886374687
1,1. Materials & Processing - Non-Metals,2036,-1.8107667850273572,1.5247693422804318,3.4635285150858284
1,1. Materials & Processing - Non-Metals,2037,-1.7677643423724618,1.6625050104294228,3.604790671022351
1,1. Materials & Processing - Non-Metals,2038,-1.7490527635994826,1.7209377973756874,3.5321402761025564
1,1. Materials & Processing - Non-Metals,2039,-1.6632140374006126,1.7674196149639172,3.4233576989547534
1,1. Materials & Processing - Non-Metals,2040,-1.7098159125579888,1.7725656108184742,3.1853960482980046
1,1. Materials & Processing - Non-Metals,2041,-1.7118295269892594,1.7167158979060886,3.0070210180414767
1,1. Materials & Processing - Non-Metals,2042,-1.7534665415891164,1.7269243175529279,2.95345521393157
1,1. Materials & Processing - Non-Metals,2043,-1.805426286907473,1.8279084504560779,2.9230894704785144
1,1. Materials & Processing - Non-Metals,2044,-1.8307008544452659,1.9786112494384136,2.909813322780631
1,1. Materials & Processing - Non-Metals,2045,-1.8351067183407086,2.0681462966991115,2.8673384232213492
1,1. Materials & Processing - Non-Metals,2046,-1.8112328694703108,2.1361690279865533,2.7863921992900935
1,1. Materials & Processing - Non-Metals,2047,-1.8632812564244052,2.1866801670209544,2.7362919152640885
1,1. Materials & Processing - Non-Metals,2048,-1.928988374761776,2.215218988216682,2.7214319935701288
1,1. Materials & Processing - Non-Metals,2049,-1.8909765433344348,2.2160242937413153,2.7145543877171923
1,1. Materials & Processing - Non-Metals,2050,-1.8392510253200784,2.224053467543291,2.737808796401728
1,1. Materials & Processing - Non-Metals,2051,-1.7924914200084956,2.2426136199747915,2.7066816578467714
1,1. Materials & Processing - Non-Metals,2052,-1.7957333359222762,2.272766327524946,2.658783589363669
1,1. Materials & Processing - Non-Metals,2053,-1.8662081341168344,2.285927276718416,2.6011136099479764
1,1. Materials & Processing - Non-Metals,2054,-1.9703495079852449,2.3100292361748305,2.5456843862368563
1,1. Materials & Processing - Non-Metals,2055,-2.0503943248590137,2.3708329761669584,2.5037942402891695
2,2. Equipment Manufacturing,1970,,,
2,2. Equipment Manufacturing,1971,-15.018504036508384,,
2,2. Equipment Manufacturing,1972,1.8984804214315518,,
2,2. Equipment Manufacturing,1973,10.149661373898512,,
2,2. Equipment Manufacturing,1974,0.5953288762285706,,
2,2. Equipment Manufacturing,1975,-16.654312737168073,,
2,2. Equipment Manufacturing,1976,2.3911647781534726,13.447381950508811,
2,2. Equipment Manufacturing,1977,6.717417046240719,19.670847088345557,
2,2. Equipment Manufacturing,1978,7.4815743015660825,16.714831160222325,11.999346365300621
2,2. Equipment Manufacturing,1979,2.3905644211896067,14.080170065747295,12.832265692139199
2,2. Equipment Manufacturing,1980,-7.268234591688966,3.2842300707975003,3.1480995241497474
2,2. Equipment Manufacturing,1981,-4.494763813451037,4.0214912213054905,3.9377250123613052
2,2. Equipment Manufacturing,1982,-14.498907603141722,-11.351810483374964,-20.72282498530118
2,2. Equipment Manufacturing,1983,-10.165515729730739,-7.171798834222207,-10.939403870814306
2,2. Equipment Manufacturing,1984,8.760314340218569,17.14746063220337,27.106560828452096
2,2. Equipment Manufacturing,1985,5.056927598671003,10.076276796091197,8.28953918858028
2,2. Equipment Manufacturing,1986,-1.2085819556231339,2.7835556194794653,-9.821978892782495
2,2. Equipment Manufacturing,1987,-8.714312967399918,-6.795695038570967,-10.664703212081337
2,2. Equipment Manufacturing,1988,0.42100384507912264,7.794117274868249,16.22037455339582
2,2. Equipment Manufacturing,1989,2.9791481979112655,7.369130750053682,16.171020538495036
2,2. Equipment Manufacturing,1990,0.006351912624664925,2.761268071895267,1.2484793694165714
2,2. Equipment Manufacturing,1991,-8.298608214926544,-7.650065517594876,-1.2469765370788373
2,2. Equipment Manufacturing,1992,-2.315549410404974,2.6326933118697977,2.948872135363571
2,2. Equipment Manufacturing,1993,2.722093655205351,7.632008353602647,0.5159702650582491
2,2. Equipment Manufacturing,1994,7.779888381383585,11.84048054711423,16.595046662917856
2,2. Equipment Manufacturing,1995,9.088906237230848,12.152943935642693,5.407051184250309
2,2. Equipment Manufacturing,1996,0.42930371050811345,3.415457964589356,-7.52228215604029
2,2. Equipment Manufacturing,1997,0.21507729753456567,5.08262762228138,7.634227767564039
2,2. Equipment Manufacturing,1998,-0.26634302916012087,0.05213336497316138,3.816665782105946
2,2. Equipment Manufacturing,1999,-2.2955404688373706,0.3290786718466471,2.695405759523908
2,2. Equipment Manufacturing,2000,-2.749317973947838,-1.160815552714031,-6.608731067896997
2,2. Equipment Manufacturing,2001,-13.85295446193268,-14.92508549437689,-12.693310606825406
2,2. Equipment Manufacturing,2002,-11.31908051860742,-9.888340785336474,-5.85437453605873
2,2. Equipment Manufacturing,2003,-4.230203694192104,-1.4195216644064061,0.5334114385874043
2,2. Equipment Manufacturing,2004,-2.7148200246439984,0.5547807204789871,-6.287333896619559
2,2. Equipment Manufacturing,2005,-1.0326136412148443,2.4926716057868656,6.19557945212157
2,2. Equipment Manufacturing,2006,-2.619506728584668,-1.0983194992423693,-6.760740410975153
2,2. Equipment Manufacturing,2007,-5.574822476431118,-1.547575241192525,-0.1109333836004115
2,2. Equipment Manufacturing,2008,-3.7443678803871348,-2.01443021289664,-1.067628060825021
2,2. Equipment Manufacturing,2009,-19.81936315429373,-21.154313409988298,-12.743602220474164
2,2. Equipment Manufacturing,2010,2.1826555058864736,6.951268727912218,14.745988753354938
2,2. Equipment Manufacturing,2011,11.462031432759005,14.971530468442715,20.86516773697976
2,2. Equipment Manufacturing,2012,8.945026790610786,12.224528954786315,2.8130731591084297
2,2. Equipment Manufacturing,2013,3.4239723749883244,3.5418608765462825,21.44560678251655
2,2. Equipment Manufacturing,2014,2.4233141188379563,4.7064250277677955,0.13479467781090188
2,2. Equipment Manufacturing,2015,2.4844279021397733,3.93460945558965,6.116747102992515
2,2. Equipment Manufacturing,2016,0.19133487970861257,1.7091057883136183,-7.039065375980415
2,2. Equipment Manufacturing,2017,2.2996980514992966,5.161883993010011,2.234337168461448
2,2. Equipment Manufacturing,2018,1.7292130906231398,1.8332088916031528,2.431528997091367
2,2. Equipment Manufacturing,2019,-3.039862719131006,-1.664705888687068,-4.012791532271512
2,2. Equipment Manufacturing,2020,-10.29078274221438,-7.202272375456291,-4.696373506419482
2,2. Equipment Manufacturing,2021,0.2536225485555798,3.260115708493387,3.6247080142278807
2,2. Equipment Manufacturing,2022,0.6725697026608308,4.474234273103734,6.750618945416402
2,2. Equipment Manufacturing,2023,-0.10577428358808183,3.401808158576626,11.654001036371332
2,2. Equipment Manufacturing,2024,-2.9237181826943974,0.07543950574506583,3.940115739048285
2,2. Equipment Manufacturing,2025,-2.4265079749219898,-1.341439936916506,-1.4480562123393346
2,2. Equipment Manufacturing,2026,-0.7687840073271605,0.6291117576706955,0.7394835102401742
2,2. Equipment Manufacturing,2027,-0.20868501763949776,0.6500673159295889,2.152447721765975
2,2. Equipment Manufacturing,2028,-0.2119065085877901,0.2161539780488199,2.7656394471032084
2,2. Equipment Manufacturing,2029,-0.5041323946195976,0.6193304910884498,2.2521630835488065
2,2. Equipment Manufacturing,2030,-0.47410626313527887,0.9291401141109545,2.262161878096759
2,2. Equipment Manufacturing,2031,-0.6550040147273427,0.8096315541413761,1.8942588796931514
2,2. Equipment Manufacturing,2032,-1.0086476166321432,0.34394189238212364,1.2020854372958747
2,2. Equipment Manufacturing,2033,-1.2407886134109887,-0.07707803382167756,1.0919393160216695
2,2. Equipment Manufacturing,2034,-1.3613561754202943,-0.22152114613787963,0.8894697139454814
2,2. Equipment Manufacturing,2035,-1.2967296988806662,-0.04894475076223441,0.6842590427003218
2,2. Equipment Manufacturing,2036,-1.0616572952376688,0.23772810103016317,1.0785741845522165
2,2. Equipment Manufacturing,2037,-0.9593984968524476,0.4304072568045937,1.3319682956930228
2,2. Equipment Manufacturing,2038,-0.9702662766510187,0.5458405552750458,1.2612345182512161
2,2. Equipment Manufacturing,2039,-0.9649124667568543,0.6506753589855248,1.1885965451074454
2,2. Equipment Manufacturing,2040,-1.036000444262745,0.7158994752160132,1.0996723715172017
2,2. Equipment Manufacturing,2041,-1.0721907083155169,0.7217270647640579,1.0000044335773186
2,2. Equipment Manufacturing,2042,-1.0606045249918166,0.7940438114647669,1.0266079384054962
2,2. Equipment Manufacturing,2043,-1.043434093687069,0.9577321629501997,1.1026657539965568
2,2. Equipment Manufacturing,2044,-0.978799451799462,1.1719638359323972,1.2389996325511445
2,2. Equipment Manufacturing,2045,-0.945906912059696,1.326479335270169,1.365901637700198
2,2. Equipment Manufacturing,2046,-0.9225231859389696,1.4604674522986554,1.453198524208722
2,2. Equipment Manufacturing,2047,-0.8906706195445189,1.5778539523498911,1.5705888758508484
2,2. Equipment Manufacturing,2048,-0.9017310015586741,1.6740945579840152,1.6711760287583168
2,2. Equipment Manufacturing,2049,-0.8998932950777897,1.743339686600878,1.7472554120153008
2,2. Equipment Manufacturing,2050,-0.8385330940234579,1.820329528179419,1.78394543362651
2,2. Equipment Manufacturing,2051,-0.7936742476754309,1.9083205174385598,1.823376840181406
2,2. Equipment Manufacturing,2052,-0.7840514017791003,2.0083164401503586,1.8755722046371566
2,2. Equipment Manufacturing,2053,-0.811446352639483,2.091721663634427,1.9334603782251214
2,2. Equipment Manufacturing,2054,-0.8652570452071962,2.1863083260689296,1.9712161458468398
2,2. Equipment Manufacturing,2055,-0.9072715243095119,2.3178096351902275,2.022281329334899
3,3. Forging & Foundries,1970,,,
3,3. Forging & Foundries,1971,-0.8009162415798536,,
3,3. Forging & Foundries,1972,1.5700264680412086,,
3,3. Forging & Foundries,1973,9.93896091983874,,
3,3. Forging & Foundries,1974,-3.6625136907977254,,
3,3. Forging & Foundries,1975,-16.212563138908788,,
3,3. Forging & Foundries,1976,8.207826247291843,25.0196907617655,
3,3. Forging & Foundries,1977,6.37883595592922,17.651980761083184,
3,3. Forging & Foundries,1978,-0.44838381144680794,8.445503491800217,12.984292084625912
3,3. Forging & Foundries,1979,-6.170988584857427,-0.3771607457804537,4.491950767068054
3,3. Forging & Foundries,1980,-12.051000203083257,-14.41572779380581,-13.269775123438892
3,3. Forging & Foundries,1981,0.6532086606260799,4.629673331766396,11.2819293546327
3,3. Forging & Foundries,1982,-13.065115185415802,-19.275320122280206,-33.50245660048887
3,3. Forging & Foundries,1983,-2.4417770732957584,1.5877776132909815,-6.388251109865485
3,3. Forging & Foundries,1984,5.437620580098976,11.601520637896071,32.500035542452764
3,3. Forging & Foundries,1985,-0.07066087212363362,4.696081045616865,0.3507917772770437
3,3. Forging & Foundries,1986,-3.5432173067802704,0.612565058880415,-4.258098429506604
3,3. Forging & Foundries,1987,-5.70472828868417,-4.078166683443685,-7.566244587822858
3,3. Forging & Foundries,1988,-4.47455502051722,6.683548493054545,10.21586764929101
3,3. Forging & Foundries,1989,0.30885161907150505,2.3726052589836506,10.24956880499152
3,3. Forging & Foundries,1990,4.845679862376228,0.003075512590994915,-12.289384328318125
3,3. Forging & Foundries,1991,-6.8463308049833085,-5.6577362241705735,4.433857214162477
3,3. Forging & Foundries,1992,-0.5590102717194093,9.145106573276832,13.80722905245175
3,3. Forging & Foundries,1993,-1.8724884116174827,1.8260841373946088,2.008633344807156
3,3. Forging & Foundries,1994,4.991395936851809,12.24318003735883,17.795399369659314
3,3. Forging & Foundries,1995,4.958769362394364,5.707207602979509,8.193396201012288
3,3. Forging & Foundries,1996,-2.448092736453553,-1.5147238412916275,7.813380513706533
3,3. Forging & Foundries,1997,1.7642162130583932,6.055345154054019,3.4311274217276573
3,3. Forging & Foundries,1998,2.139362072451377,4.322348335932508,5.606995272901097
3,3. Forging & Foundries,1999,5.383566705327407,9.747301903196183,6.713951679856425
3,3. Forging & Foundries,2000,-4.039350665072087,-1.6339653981338482,-4.7937226184514365
3,3. Forging & Foundries,2001,-7.373795913875972,-6.596068375760184,-17.75648812431151
3,3. Forging & Foundries,2002,-7.701038533448195,-1.6647453088091746,4.007878040247154
3,3. Forging & Foundries,2003,-0.9227882274228413,-1.399225558328999,-2.6637721983697977
3,3. Forging & Foundries,2004,5.419099290513894,9.34701370566503,21.499986863823718
3,3. Forging & Foundries,2005,-1.9808687341434779,0.06630615833401565,7.4940455090174805
3,3. Forging & Foundries,2006,-2.5675628390487364,-2.3560498204854907,9.824520763829469
3,3. Forging & Foundries,2007,-5.432468215767124,-4.568636239890378,3.9876546176766565
3,3. Forging & Foundries,2008,-9.862128331134818,-10.722506168531078,-15.88594931274551
3,3. Forging & Foundries,2009,-26.35637013637875,-26.982410963512955,-5.784759504593696
3,3. Forging & Foundries,2010,9.682144151418944,20.540784334000286,18.68763724923635
3,3. Forging & Foundries,2011,16.91042029480923,19.44603741345751,14.436077521496015
3,3. Forging & Foundries,2012,4.984125518150264,9.34607383393247,13.196641443198768
3,3. Forging & Foundries,2013,-1.2122796118958483,-4.420670302239279,-9.483350694444209
3,3. Forging & Foundries,2014,1.889271580791363,4.432065075739017,4.283176803859241
3,3. Forging & Foundries,2015,1.7411093235545745,2.2005666420281207,-4.486896239601684
3,3. Forging & Foundries,2016,0.19067996082668845,-0.10045523186872198,-9.611276000676474
3,3. Forging & Foundries,2017,2.0039924426573292,7.195989969818066,-11.812528451997029
3,3. Forging & Foundries,2018,4.3286557128334335,5.601613650946442,10.886258734388461
3,3. Forging & Foundries,2019,-0.14638356589356422,-0.48393572020468756,14.550826531767624
3,3. Forging & Foundries,2020,-15.103969875388671,-12.962161629529808,-19.026799716644042
3,3. Forging & Foundries,2021,1.8094536166305575,4.636065043920992,-7.869123455957744
3,3. Forging & Foundries,2022,2.863176387693503,8.142033333535897,10.563014875030351
3,3. Forging & Foundries,2023,2.6090722560986364,8.272801667298356,3.8684615894410843
3,3. Forging & Foundries,2024,-4.263751515680287,-2.012224198776485,-7.1648422475566145
3,3. Forging & Foundries,2025,-3.495741934889806,-0.9078499235167733,0.03374663327819075
3,3. Forging & Foundries,2026,-1.9202351796892652,0.4776957084236426,6.814148901214513
3,3. Forging & Foundries,2027,-2.697346471129536,0.5056690993181525,6.820732408689271
3,3. Forging & Foundries,2028,-2.4654466937737243,0.07915751660536471,7.42337039072978
3,3. Forging & Foundries,2029,-2.562920527425371,0.48870599390959696,7.100790169533772
3,3. Forging & Foundries,2030,-2.431109909192716,0.8048789945468551,6.8979998327720145
3,3. Forging & Foundries,2031,-2.5261378423472105,0.6919514551134552,6.0330887033290255
3,3. Forging & Foundries,2032,-2.852655553459538,0.23290772660400075,4.916910912182168
3,3. Forging & Foundries,2033,-3.1541440554696267,-0.18176581772174633,4.4255551785524965
3,3. Forging & Foundries,2034,-3.2722350227704533,-0.32027768717511623,3.9017440358649966
3,3. Forging & Foundries,2035,-3.186134084053796,-0.14215587689482292,3.579579981315042
3,3. Forging & Foundries,2036,-3.003455053581861,0.1498478648519808,3.714329971010778
3,3. Forging & Foundries,2037,-2.94523442563924,0.3478028616766695,3.687875473806072
3,3. Forging & Foundries,2038,-2.95805562334669,0.4684234231198273,3.3628096653400092
3,3. Forging & Foundries,2039,-2.8962147663292703,0.5783092116916936,3.049136913833327
3,3. Forging & Foundries,2040,-2.9306271611566697,0.6484914489203074,2.6002247006782646
3,3. Forging & Foundries,2041,-2.932122817339202,0.6591848639248175,2.288247663192223
3,3. Forging & Foundries,2042,-2.9849313408882026,0.7362132183661158,2.119628824984738
3,3. Forging & Foundries,2043,-3.079494823703765,0.9044837999484707,1.9416663326992576
3,3. Forging & Foundries,2044,-3.082278309844592,1.1231926262831797,2.029432815872025
3,3. Forging & Foundries,2045,-3.039794308966663,1.2821311514313043,2.0284719150154484
3,3. Forging & Foundries,2046,-3.0107942240937593,1.420471739695116,1.9664651438923813
3,3. Forging & Foundries,2047,-3.0336207343465293,1.5421478694028325,1.9946880149369826
3,3. Forging & Foundries,2048,-3.0867702209907413,1.6426202926937947,1.98077142132605
3,3. Forging & Foundries,2049,-3.0742759875189587,1.7160456660211376,1.899127561917883
3,3. Forging & Foundries,2050,-2.991851668744956,1.7971648624112828,1.9311593450352376
3,3. Forging & Foundries,2051,-2.933922161247853,1.8892415125906719,1.8900495565091233
3,3. Forging & Foundries,2052,-2.921249027744324,1.9932897326414873,1.7964113575669638
3,3. Forging & Foundries,2053,-2.9660073367597835,2.0807238480744967,1.7232767632939132
3,3. Forging & Foundries,2054,-3.038332754774227,2.179319893524778,1.6790129854275329
3,3. Forging & Foundries,2055,-3.0739301951399587,2.314818652641479,1.6766427127460268
4,4. Parts & Machining,1970,,,
4,4. Parts & Machining,1971,-5.785630102986314,,
4,4. Parts & Machining,1972,3.8048768834854334,,
4,4. Parts & Machining,1973,9.202444719287044,,
4,4. Parts & Machining,1974,-7.174637516481636,,
4,4. Parts & Machining,1975,-13.413318940491855,,
4,4. Parts & Machining,1976,5.021527096330663,22.329758251013978,
4,4. Parts & Machining,1977,8.39958930927384,19.1045838273836,
4,4. Parts & Machining,1978,5.24892218806828,12.563912357621732,9.904438747611763
4,4. Parts & Machining,1979,-2.4627770217182174,6.537043007713919,13.160481757560133
4,4. Parts & Machining,1980,-13.994800574039465,-7.182664701170125,-6.081026747148878
4,4. Parts & Machining,1981,-0.48781715980610985,6.064415711935195,8.67998382395395
4,4. Parts & Machining,1982,-13.19543053868201,-11.334744786383677,-16.25604071670396
4,4. Parts & Machining,1983,-1.7370738284717153,4.797135885701268,12.174807661051581
4,4. Parts & Machining,1984,11.394256175447657,21.85748056048192,28.44015090561533
4,4. Parts & Machining,1985,7.7713412154248225,14.928529958065962,9.539854450998085
4,4. Parts & Machining,1986,0.15652094691710197,1.6481402733917356,-4.61133800609001
4,4. Parts & Machining,1987,-5.299098392720597,-3.1020537161143684,0.49031692599318544
4,4. Parts & Machining,1988,-0.24819652185654847,8.11583877342658,4.498796426266146
4,4. Parts & Machining,1989,5.010396991128669,5.010825862349364,11.975878515045281
4,4. Parts & Machining,1990,-3.4786039754409783,1.2832040496230783,-0.3645268909448407
4,4. Parts & Machining,1991,-6.895773620977627,-2.697318276787738,-2.813569243097525
4,4. Parts & Machining,1992,-1.050112474712903,4.298634542906187,12.52211419738513
4,4. Parts & Machining,1993,4.952720479975142,8.683088470022424,12.240568694934614
4,4. Parts & Machining,1994,8.422440501406408,13.634523241881727,18.98074581669901
4,4. Parts & Machining,1995,6.291548100527653,7.888866750235311,1.8000789366200727
4,4. Parts & Machining,1996,-0.8849460204321589,1.9005012263521404,4.416993996574893
4,4. Parts & Machining,1997,2.2575356328354492,7.129171967434619,10.82356366915378
4,4. Parts & Machining,1998,0.7743788319468983,2.7408792443133336,-3.720385029018789
4,4. Parts & Machining,1999,-0.3969300591866122,4.60362093358918,13.586606545771804
4,4. Parts & Machining,2000,0.8738117469356352,4.429148484451014,0.949924515086369
4,4. Parts & Machining,2001,-6.908001880637789,-8.349161973214132,-11.578538798110872
4,4. Parts & Machining,2002,-5.551693880556415,-2.1388920323276466,-3.129408649901736
4,4. Parts & Machining,2003,-4.1169064873784285,-2.648021925146511,2.4191422640634705
4,4. Parts & Machining,2004,0.22156368800895707,4.457767832845079,4.587233210608954
4,4. Parts & Machining,2005,2.057351645152939,4.3554796262185596,7.562782100491717
4,4. Parts & Machining,2006,-0.9211187207862194,2.194969071258684,-2.478587393482754
4,4. Parts & Machining,2007,-3.1060631868469057,-1.0183267523496455,4.531618139280231
4,4. Parts & Machining,2008,-2.243026148755971,0.007980379397549333,-4.633355303184461
4,4. Parts & Machining,2009,-21.320138573300877,-22.46845407597001,-16.95426592323361
4,4. Parts & Machining,2010,7.651246737815864,15.43174395341111,18.918082052317207
4,4. Parts & Machining,2011,12.275470759029561,13.00003634135737,14.483927761226814
4,4. Parts & Machining,2012,5.733626643883249,7.898693812499468,-6.082986378546216
4,4. Parts & Machining,2013,1.3275299734772954,1.3415251479683472,2.5485601483303313
4,4. Parts & Machining,2014,4.3742573647114265,9.186520358438546,5.3261333444031225
4,4. Parts & Machining,2015,4.005923891140757,5.006889972480067,5.07097150508448
4,4. Parts & Machining,2016,-0.26854105778518,0.9283739189824045,-1.1036757076501231
4,4. Parts & Machining,2017,0.24327665606406518,2.9607293248271676,7.2982388513094785
4,4. Parts & Machining,2018,2.0646349817818677,4.498188931116553,2.5280200570047118
4,4. Parts & Machining,2019,-1.5330977049115548,-1.2432351865035303,-0.13879621926325994
4,4. Parts & Machining,2020,-13.262021138050741,-9.257402663349493,-13.936761025902028
4,4. Parts & Machining,2021,4.0245891200954045,9.807690692614205,8.62668589150435
4,4. Parts & Machining,2022,3.095447346890132,5.869887830523034,8.711341212933789
4,4. Parts & Machining,2023,3.0533285448463685,8.865410384681992,7.828534694190295
4,4. Parts & Machining,2024,-1.3290527172561306,5.893378223365518,3.630511027788886
4,4. Parts & Machining,2025,-1.7479055437207316,1.0872675100490403,1.5903885185132063
4,4. Parts & Machining,2026,-0.2799398071672432,2.70286512713907,3.678496566652603
4,4. Parts & Machining,2027,-0.47874626900131473,2.695683934818526,5.522747514886717
4,4. Parts & Machining,2028,-0.44491309528309736,2.221059984969068,5.563224238274566
4,4. Parts & Machining,2029,-0.6685405778818436,2.593211365101604,5.377909477001438
4,4. Parts & Machining,2030,-0.6787792161463146,2.865485096440427,5.3200733417401525
4,4. Parts & Machining,2031,-0.9039795577474197,2.6986456950525817,4.623931816784835
4,4. Parts & Machining,2032,-1.3322221366478908,2.178132197463224,3.817348128457281
4,4. Parts & Machining,2033,-1.7048289288004634,1.7005519954313673,3.297557712047585
4,4. Parts & Machining,2034,-1.860679999846081,1.5003722160644108,2.4248436062798135
4,4. Parts & Machining,2035,-1.8058199269271733,1.618071149899673,1.8664465977564142
4,4. Parts & Machining,2036,-1.6173677736527676,1.8478480340125387,2.0011977067860003
4,4. Parts & Machining,2037,-1.54977778296897,1.9791179140988318,2.0179392058207015
4,4. Parts & Machining,2038,-1.5419597226497193,2.0294731012357654,1.6950168804950358
4,4. Parts & Machining,2039,-1.5140631869823298,2.0664964591748896,1.3921046935566588
4,4. Parts & Machining,2040,-1.5829273440497658,2.0607375033507522,0.9608086218150927
4,4. Parts & Machining,2041,-1.6050523580921148,1.9926141418549412,0.5728485463551197
4,4. Parts & Machining,2042,-1.6257991454433283,1.989554328139597,0.39330550052988034
4,4. Parts & Machining,2043,-1.6487745046956654,2.0762869841151588,0.28847429749276254
4,4. Parts & Machining,2044,-1.6225713330332538,2.211748812241263,0.2774251013846711
4,4. Parts & Machining,2045,-1.6024247323625493,2.2849253689454447,0.2688541714486979
4,4. Parts & Machining,2046,-1.5817699847620232,2.3356609269864914,0.3091604370481622
4,4. Parts & Machining,2047,-1.594309538664113,2.3680345473245117,0.42901946253308015
4,4. Parts & Machining,2048,-1.6478945973510535,2.377669422956153,0.535182117417571
4,4. Parts & Machining,2049,-1.6457201402654813,2.3588895081398378,0.5791204283502601
4,4. Parts & Machining,2050,-1.5871765546453223,2.346775760884855,0.6340161288068694
4,4. Parts & Machining,2051,-1.5556705710090268,2.34471227058741,0.6627673560705758
4,4. Parts & Machining,2052,-1.566264185231842,2.3538368253865136,0.6982929164871386
4,4. Parts & Machining,2053,-1.6280602283251078,2.3456298434581035,0.7682629091640105
4,4. Parts & Machining,2054,-1.7120472721156945,2.3481327919516404,0.8637605956270407
4,4. Parts & Machining,2055,-1.7651972426078553,2.3871777397703235,0.9527134030195346
5,5. Component Systems,1970,,,
5,5. Component Systems,1971,-10.681689756079805,,
5,5. Component Systems,1972,2.3636813013002955,,
5,5. Component Systems,1973,9.723834871123163,,
5,5. Component Systems,1974,-0.6961616132367785,,
5,5. Component Systems,1975,-13.691922908139231,,
5,5. Component Systems,1976,2.040188350173951,13.717355563997463,
5,5. Component Systems,1977,6.538236255814195,19.30626724341142,
5,5. Component Systems,1978,4.966145975241834,13.588800513992288,7.869980653383222
5,5. Component Systems,1979,1.0971914873590758,8.756628818774837,9.975495788107041
5,5. Component Systems,1980,-7.144829932317315,-1.0269786837902284,-1.36533830253762
5,5. Component Systems,1981,-1.4706409324275007,4.66670730317561,6.366177480013248
5,5. Component Systems,1982,-10.283486459548415,-7.421859923807658,-12.575783847421537
5,5. Component Systems,1983,-3.86499436014159,-1.0912858742247207,6.803008531628267
5,5. Component Systems,1984,6.878797737324695,17.777081107314185,23.082551139606093
5,5. Component Systems,1985,4.029627400731515,8.593468364140445,4.270067984614987
5,5. Component Systems,1986,0.42531360262981843,4.97167726986435,0.8422014049616391
5,5. Component Systems,1987,-3.5225229289667066,-3.1921341481759824,-4.541188128794889
5,5. Component Systems,1988,-0.14570533250475876,7.373075119130087,10.925606429997337
5,5. Component Systems,1989,2.0571579458409643,5.3117837280737525,14.892355620854794
5,5. Component Systems,1990,2.0836743368093384,0.923078156400219,-0.20425050645720783
5,5. Component Systems,1991,1.8633694039937876,7.153102529440061,8.27920008039356
5,5. Component Systems,1992,-4.756104767966242,2.2278079499103836,3.460569664161342
5,5. Component Systems,1993,-2.3201335322712433,2.988972514397881,3.8602828214766975
5,5. Component Systems,1994,1.665527141250002,5.2452885379989,14.548464060464731
5,5. Component Systems,1995,1.3846622151376304,2.886288494481776,-4.206340668011934
5,5. Component Systems,1996,-1.372426613454496,3.2407550324080927,-6.364154487063171
5,5. Component Systems,1997,1.2633581924840684,5.492251811175844,14.540365278073994
5,5. Component Systems,1998,0.17924020121504677,3.4561297813784706,-5.413329875937852
5,5. Component Systems,1999,-6.007273220942734,-2.4922009826464557,11.43082639532121
5,5. Component Systems,2000,-3.515470640484674,-2.491746366393026,-7.268869050023631
5,5. Component Systems,2001,-10.263594070279055,-9.015390470611722,-0.7536396403277767
5,5. Component Systems,2002,-5.67981691251391,-0.7931167916106139,-6.9099888250695924
5,5. Component Systems,2003,-3.5976989256210166,2.04734257340193,7.388266669269139
5,5. Component Systems,2004,2.4270620770132165,6.37464404345015,2.153046567801958
5,5. Component Systems,2005,4.704072073787117,10.121546585762815,9.116378998626217
5,5. Component Systems,2006,1.0213894926806406,2.790871756692719,7.722357710230657
5,5. Component Systems,2007,-0.17946582389164034,3.918976419015881,8.229098478056674
5,5. Component Systems,2008,0.021587278854152913,3.209719649213942,13.366510731970024
5,5. Component Systems,2009,-12.761334509474562,-12.654734923775985,1.3067157359125117
5,5. Component Systems,2010,-4.939221881119528,3.1282306130905635,5.516274112835239
5,5. Component Systems,2011,7.2368310396627,4.7493008272866115,9.364560448586838
5,5. Component Systems,2012,4.541445719031314,4.368870271778082,-7.724090456102803
5,5. Component Systems,2013,0.38665073000446515,3.884371431787674,13.65322153136679
5,5. Component Systems,2014,2.463139415462938,1.5763886240727818,-3.0943761942397936
5,5. Component Systems,2015,5.6355234583171505,9.999092850444551,6.477808773022123
5,5. Component Systems,2016,-0.030396634441112295,-0.987444941816026,-2.8741790948156947
5,5. Component Systems,2017,1.304919317868525,4.907032653643515,11.20209667255172
5,5. Component Systems,2018,3.536413968350452,5.3405252817510425,5.181538395662617
5,5. Component Systems,2019,4.938371106039797,5.608257274441614,1.1539449370902568
5,5. Component Systems,2020,-7.943933532513109,-3.243429231334073,-8.9787678807086
5,5. Component Systems,2021,2.2828881378311037,4.599074123287274,5.489076507832314
5,5. Component Systems,2022,6.221067264743462,9.785266830371718,9.28159089660919
5,5. Component Systems,2023,4.074716632243942,4.282474880104291,8.377217863150227
5,5. Component Systems,2024,-0.3102685720516096,1.8338001856293762,3.6296305603310453
5,5. Component Systems,2025,-1.036102453951134,1.1845776946441322,0.9827023981088401
5,5. Component Systems,2026,-0.43082733805345513,2.7644626619814727,1.9083098229778859
5,5. Component Systems,2027,0.08257183733348923,2.708349157518366,3.338959799533798
5,5. Component Systems,2028,-0.07683931981804497,2.1896971820804336,3.4038004060575604
5,5. Component Systems,2029,-0.30281180651449674,2.522404805568602,2.9005521097632747
5,5. Component Systems,2030,-0.2866463509938527,2.759675338048419,2.7056168955123763
5,5. Component Systems,2031,-0.39296595197507167,2.5625216166184748,2.516354475681433
5,5. Component Systems,2032,-0.6732054335108042,2.0162875647638403,2.150447916174442
5,5. Component Systems,2033,-0.905242984684629,1.516951515851386,2.091946708777696
5,5. Component Systems,2034,-1.0120737928654493,1.298447039324787,1.80286644391723
5,5. Component Systems,2035,-0.9582142076380158,1.4009388772355122,1.4171634275172726
5,5. Component Systems,2036,-0.8148897571811524,1.6187360095111833,1.5419403833340743
5,5. Component Systems,2037,-0.76462856178007,1.7414715491052057,1.6279547914783699
5,5. Component Systems,2038,-0.7685328127586442,1.786508861219946,1.438421396453921
5,5. Component Systems,2039,-0.7306869938908359,1.8211386656726052,1.2593352966401983
5,5. Component Systems,2040,-0.7713459076694967,1.8158583411597147,1.0866536595465972
5,5. Component Systems,2041,-0.7758159993245837,1.7509219281903305,0.9553881006255794
5,5. Component Systems,2042,-0.7813413261428953,1.7533263770362821,0.9058638542955759
5,5. Component Systems,2043,-0.7918690205049052,1.8476805334314905,0.9202210806134178
5,5. Component Systems,2044,-0.785618852800446,1.9928262040610871,0.9947701479253903
5,5. Component Systems,2045,-0.813349574612989,2.0777785176567813,1.10538298488884
5,5. Component Systems,2046,-0.8428374159553581,2.1421166797231477,1.2078646242156406
5,5. Component Systems,2047,-0.8763525769308651,2.189757345063658,1.3335391078591363
5,5. Component Systems,2048,-0.9284756526146961,2.2161559146621173,1.48107999012531
5,5. Component Systems,2049,-0.9511041767797912,2.2154681090250934,1.5934111931921033
5,5. Component Systems,2050,-0.9448563076875249,2.2225686672817964,1.6876362335960622
5,5. Component Systems,2051,-0.9486671463469065,2.240681324127034,1.7861965625632188
5,5. Component Systems,2052,-0.9789304635057647,2.270786027275893,1.8811806489596323
5,5. Component Systems,2053,-1.0590244669368853,2.2842167607354824,1.9987377762297291
5,5. Component Systems,2054,-1.1526591785353384,2.3088243940019626,2.109489497736931
5,5. Component Systems,2055,-1.2254586198385087,2.370287743166932,2.1878733142084004
6,6. Engineering & Design,1970,,,
6,6. Engineering & Design,1971,-0.7523609818285428,,
6,6. Engineering & Design,1972,7.36052096509593,,
6,6. Engineering & Design,1973,7.513230351216277,,
6,6. Engineering & Design,1974,2.6999455409424478,,
6,6. Engineering & Design,1975,-1.4722951510261841,,
6,6. Engineering & Design,1976,8.362743071414998,18.773213535448196,
6,6. Engineering & Design,1977,10.397261835503365,23.041058848244894,
6,6. Engineering & Design,1978,6.402494139318813,14.986748264102498,13.482591686028798
6,6. Engineering & Design,1979,0.7518964526872413,9.622126491339285,10.591855231434955
6,6. Engineering & Design,1980,-4.489044289320508,3.4510215312475756,8.04204983649801
6,6. Engineering & Design,1981,0.39551266228688875,7.607017085553751,8.138129329936099
6,6. Engineering & Design,1982,-6.644353442680649,-2.5450459721385004,-0.6945422700120846
6,6. Engineering & Design,1983,4.994961888223116,9.892264188679608,13.009326389245171
6,6. Engineering & Design,1984,10.17451654703863,16.787998947057844,16.574141950813832
6,6. Engineering & Design,1985,9.87834868983076,19.85539654337697,21.88532596540957
6,6. Engineering & Design,1986,0.9184349190333625,8.23032423130795,8.442639904116323
6,6. Engineering & Design,1987,2.860151582723306,7.838475857514323,5.45627903722272
6,6. Engineering & Design,1988,5.598629143890383,8.198154849274712,11.248217383665088
6,6. Engineering & Design,1989,8.970490114185619,10.328924603415183,12.651693245937834
6,6. Engineering & Design,1990,3.31391282944994,1.7936584183351274,4.3370365419202646
6,6. Engineering & Design,1991,5.3298089083286175,5.727037828548004,3.532074362419734
6,6. Engineering & Design,1992,2.141763368326678,8.498641562909107,9.623871671676751
6,6. Engineering & Design,1993,0.8321719147790974,1.4857848263059792,2.0869755638172625
6,6. Engineering & Design,1994,3.400564440830714,9.923859855163238,7.639277489255337
6,6. Engineering & Design,1995,5.447539859371529,49.94679991221588,27.64765403009103
6,6. Engineering & Design,1996,2.183738011957959,-21.36394170743451,-11.111329858317594
6,6. Engineering & Design,1997,0.5496779744808448,3.6254523371856724,2.4144633775614457
6,6. Engineering & Design,1998,2.239496220080562,15.768672719493807,9.367971616245205
6,6. Engineering & Design,1999,4.48402508564721,2.528578283197978,5.135580317100531
6,6. Engineering & Design,2000,3.250769463407346,12.993917246514819,9.248552256970076
6,6. Engineering & Design,2001,-3.723814046568441,-4.402370598573032,-9.098269464542955
6,6. Engineering & Design,2002,-4.437324052217121,2.8079581156396984,7.780415104040146
6,6. Engineering & Design,2003,-0.9693885699149646,4.370457535931333,4.484059466072084
6,6. Engineering & Design,2004,-0.17289939385315486,2.297216628044892,1.9007587483907022
6,6. Engineering & Design,2005,1.1904902675698474,4.913332612283233,3.0102597146566468
6,6. Engineering & Design,2006,-0.9101472636987884,1.8811993208355506,-0.9613573441036807
6,6. Engineering & Design,2007,-3.4886405524961943,1.9949110169028048,-2.5382882203481536
6,6. Engineering & Design,2008,-3.311188045659947,-1.2357799419345448,0.8039436087980137
6,6. Engineering & Design,2009,-13.8099656626493,-15.748277749773596,-13.046051355556578
6,6. Engineering & Design,2010,1.5181263419946105,2.198519814847673,6.045229367153245
6,6. Engineering & Design,2011,6.447315286689191,10.057686543872354,10.50725663912283
6,6. Engineering & Design,2012,4.61357107052509,6.022049313014588,9.32526627859633
6,6. Engineering & Design,2013,3.549262435049931,7.739258847536504,5.450121644664645
6,6. Engineering & Design,2014,3.814297448871363,6.56025237705674,4.932856514720379
6,6. Engineering & Design,2015,2.0080756781515916,8.11768190582418,7.660456348348954
6,6. Engineering & Design,2016,2.4810591822563315,2.5435101635619755,2.934840489661851
6,6. Engineering & Design,2017,2.668535164060331,3.8853250091024125,3.7851593559179726
6,6. Engineering & Design,2018,2.5605130503996385,4.761176840049633,4.221335145560706
6,6. Engineering & Design,2019,0.2351825392315017,1.850053391559434,1.1397463849681253
6,6. Engineering & Design,2020,-1.8409453279662238,1.4130866147387384,-3.209725012807521
6,6. Engineering & Design,2021,2.232918455351925,5.698660287598826,7.19652795472223
6,6. Engineering & Design,2022,2.141611218389136,7.1181785272830576,9.422605643917644
6,6. Engineering & Design,2023,1.214465012160169,6.121166414591876,8.767274031979328
6,6. Engineering & Design,2024,-1.9096425648710822,2.321008231717858,2.5922140459568626
6,6. Engineering & Design,2025,-1.2117804844328768,6.299004385015712,4.243961395799003
6,6. Engineering & Design,2026,0.5519475638062209,3.526302446508899,5.150256668354316
6,6. Engineering & Design,2027,1.0704504601137155,3.5946340373518133,5.53955315392922
6,6. Engineering & Design,2028,1.1418022184615484,3.0313265510516474,5.384959956754433
6,6. Engineering & Design,2029,1.0150287491491918,3.3084802368722284,5.114695725103607
6,6. Engineering & Design,2030,1.003595203998554,3.837277385057479,4.974998189580996
6,6. Engineering & Design,2031,0.8714931415608396,3.835538923540671,4.8060674580239375
6,6. Engineering & Design,2032,0.5463825063068575,3.369155654825214,4.586338251179743
6,6. Engineering & Design,2033,0.3111071033750272,2.8556990653852825,4.363501815195383
6,6. Engineering & Design,2034,0.28808266291055945,2.6310880207560254,4.070819143715712
6,6. Engineering & Design,2035,0.3605074802998893,2.730227662750867,3.9000072188632453
6,6. Engineering & Design,2036,0.48144115534425713,2.9990580388593298,4.03737268399478
6,6. Engineering & Design,2037,0.4738023171527117,3.186584326874467,4.107367056685391
6,6. Engineering & Design,2038,0.4311075906570097,3.315258245482032,4.073264255764359
6,6. Engineering & Design,2039,0.4396519778666683,3.4536388488137426,4.150517937383164
6,6. Engineering & Design,2040,0.4169436669632283,3.5368525031888516,4.1937641345141925
6,6. Engineering & Design,2041,0.42762178302908005,3.5584946849940997,4.17110941589822
6,6. Engineering & Design,2042,0.412255618253206,3.594593391893729,4.175472784507816
6,6. Engineering & Design,2043,0.3890964762985344,3.672519414327157,4.205341217663697
6,6. Engineering & Design,2044,0.37597127142603826,3.7581797351720465,4.296751891399524
6,6. Engineering & Design,2045,0.3549179783132446,3.7806198940142672,4.3492484532874975
6,6. Engineering & Design,2046,0.318631110348879,3.751831223827242,4.350685489274505
6,6. Engineering & Design,2047,0.2539508264695849,3.7322176288045488,4.403361494403455
6,6. Engineering & Design,2048,0.22556956751497798,3.7314057727721868,4.495480465025711
6,6. Engineering & Design,2049,0.2263126083174204,3.730618261297535,4.563630549051258
6,6. Engineering & Design,2050,0.2293163994486891,3.717626409812333,4.626276032349386
6,6. Engineering & Design,2051,0.2163132931642836,3.7108329608612185,4.680722483697427
6,6. Engineering & Design,2052,0.18089573016270305,3.704708850361577,4.747786423922028
6,6. Engineering & Design,2053,0.10402531537953641,3.663314707204795,4.793144658418471
6,6. Engineering & Design,2054,0.013484033261336594,3.675071990644922,4.8342801195051495
6,6. Engineering & Design,2055,-0.042643921974301974,3.8112297477850055,4.888891456973302
7,7. Core Automotive,1970,,,
7,7. Core Automotive,1971,0.8304927963858088,,
7,7. Core Automotive,1972,3.597014317627002,,
7,7. Core Automotive,1973,4.768670927538763,,
7,7. Core Automotive,1974,-1.3771611760595464,,
7,7. Core Automotive,1975,-1.8074717991606086,,
7,7. Core Automotive,1976,12.00225301461607,31.890427132511228,
7,7. Core Automotive,1977,5.76670507548022,17.945996964076315,
7,7. Core Automotive,1978,3.462023149155432,10.015929799494444,8.11094013298801
7,7. Core Automotive,1979,-0.5338585993728675,3.61531386306116,-7.481118517668682
7,7. Core Automotive,1980,-16.0976816554351,-11.72658835673393,-25.337433207759496
7,7. Core Automotive,1981,0.3800434358424573,11.04689221992089,29.68720774324078
7,7. Core Automotive,1982,-10.02978887084598,-6.711810240826931,0.8473825665627485
7,7. Core Automotive,1983,2.88001060028581,12.726876342334165,33.23078752415882
7,7. Core Automotive,1984,7.9184587827098225,20.15687366817642,13.599647914474874
7,7. Core Automotive,1985,4.889224435354443,13.244637623372327,1.3194783228501648
7,7. Core Automotive,1986,0.7753676142168795,2.4378369225052268,8.982166513474283
7,7. Core Automotive,1987,-0.9431633471757036,-5.728126252503999,-7.460774407402488
7,7. Core Automotive,1988,-2.117739643843259,7.595960411678959,0.5098294717721013
7,7. Core Automotive,1989,-2.43880214292766,0.9649147918236284,-4.003333517813564
7,7. Core Automotive,1990,-8.37449644602083,-2.9224252794695675,-12.584754212517371
7,7. Core Automotive,1991,-6.3359169159564885,-3.1256689944427025,-6.724775196213195
7,7. Core Automotive,1992,3.013947095945635,6.324029037378594,11.563429794436137
7,7. Core Automotive,1993,-0.7720753361830379,5.626548055789408,18.7187137099829
7,7. Core Automotive,1994,6.212805458234105,18.327324314771452,22.944927263773216
7,7. Core Automotive,1995,2.3875188135423073,1.856002565140362,-11.506467762058593
7,7. Core Automotive,1996,-1.412018009246951,-0.6206783122366685,1.7644925312810282
7,7. Core Automotive,1997,1.569452275436752,5.180973997296625,-0.5731554339078557
7,7. Core Automotive,1998,2.7704300302880784,6.665746236328069,5.8389450378001175
7,7. Core Automotive,1999,2.9606115184110045,7.328969005669232,17.672849458723412
7,7. Core Automotive,2000,1.326978471085836,3.955881584052845,3.387648703293495
7,7. Core Automotive,2001,-8.76366575854283,-8.631543480082765,-9.169979842526715
7,7. Core Automotive,2002,-6.026459550058369,-5.523415491461922,6.658737846221811
7,7. Core Automotive,2003,-8.069300131461505,1.6418931594580437,3.1727857748839168
7,7. Core Automotive,2004,-5.399378446215484,-5.895501756161392,-12.65495856258179
7,7. Core Automotive,2005,-7.58632776609129,-6.986810388948015,-0.42070619450964764
7,7. Core Automotive,2006,-8.766220391219088,-4.539339853646839,-12.25996705191495
7,7. Core Automotive,2007,-8.729427018261758,-2.8184252370665255,8.749952549064242
7,7. Core Automotive,2008,-16.43388739847577,-17.478048724858063,-31.389760058428067
7,7. Core Automotive,2009,-27.00525648948173,-29.137647383106785,-39.48207779399734
7,7. Core Automotive,2010,3.989770899884438,-0.5819203998646941,66.24783362218368
7,7. Core Automotive,2011,10.905386271107826,18.998924924915634,8.00415436500066
7,7. Core Automotive,2012,8.723420072538616,5.254075664679528,16.281657878814116
7,7. Core Automotive,2013,7.359026009809328,5.480826376013958,9.74438074353513
7,7. Core Automotive,2014,6.27078930366472,6.241341246884825,0.9550580824330521
7,7. Core Automotive,2015,4.94955379769054,6.593562315101312,5.835765484697015
7,7. Core Automotive,2016,3.945752558230277,2.185672741048354,7.102801763417759
7,7. Core Automotive,2017,1.772570270152412,1.818068567032596,-1.678533465853439
7,7. Core Automotive,2018,1.8321850288245825,4.565708720796435,-1.3918884683206643
7,7. Core Automotive,2019,-1.466258829920997,0.3995191799611512,-6.609211483574898
7,7. Core Automotive,2020,-13.903702819078074,-14.01791143028328,-10.24470495947005
7,7. Core Automotive,2021,9.935175729016702,9.219995643033718,2.1461259270947863
7,7. Core Automotive,2022,4.268661325323613,11.701671310450926,11.231565437497817
7,7. Core Automotive,2023,0.6004296498417863,3.98993692747738,10.177323244328905
7,7. Core Automotive,2024,-2.8882693113946543,0.5030299590255475,6.35258757424761
7,7. Core Automotive,2025,-3.039539314210919,-0.2953554419671155,3.4973765256780434
7,7. Core Automotive,2026,0.08577234407776078,2.376535649139093,-0.5366680389385349
7,7. Core Automotive,2027,0.9330862896495401,2.3531867926327013,5.192141753936113
7,7. Core Automotive,2028,1.11961406455868,1.8663297833519505,5.750855830655863
7,7. Core Automotive,2029,0.9868218220584696,2.22631349830757,5.662553447428445
7,7. Core Automotive,2030,1.0798030342883644,2.489262091405545,5.747668098240835
7,7. Core Automotive,2031,0.5426922547395546,2.316668582356943,4.231697963591826
7,7. Core Automotive,2032,-0.24863406882573613,1.7935932529670744,2.1735749941051337
7,7. Core Automotive,2033,-0.7560926778233188,1.3154380236393062,1.4652596278121617
7,7. Core Automotive,2034,-0.9971447507223794,1.1160294508468322,0.8771445331905823
7,7. Core Automotive,2035,-0.8358439632245019,1.235727072122388,1.0366568316845004
7,7. Core Automotive,2036,-0.4848333209435823,1.4692999764728976,2.0004029929974387
7,7. Core Automotive,2037,-0.34967787992626576,1.6067046102884432,2.3530587261259823
7,7. Core Automotive,2038,-0.39072500325808984,1.6653020548209,2.1313060407082225
7,7. Core Automotive,2039,-0.514439914924718,1.7124023746792043,1.905343256536262
7,7. Core Automotive,2040,-0.6653048126314257,1.71861361151402,1.53938303667916
7,7. Core Automotive,2041,-0.7413973418901973,1.6642533447071204,1.1498261053774086
7,7. Core Automotive,2042,-0.6818861029984473,1.676294104153094,1.3013041426108798
7,7. Core Automotive,2043,-0.6484819074135707,1.7794386742500647,1.4198309586918587
7,7. Core Automotive,2044,-0.6165553625701139,1.932623332933493,1.694457472311003
7,7. Core Automotive,2045,-0.5896631544004948,2.0249762916426097,1.8360186878488096
7,7. Core Automotive,2046,-0.5667255083296561,2.0961064200308024,1.799939248746495
7,7. Core Automotive,2047,-0.5837583800793518,2.149989196160987,1.9048002325862652
7,7. Core Automotive,2048,-0.6162565063347252,2.182139874652295,1.99178910100825
7,7. Core Automotive,2049,-0.586218261245095,2.1867713862571367,1.9818872757435853
7,7. Core Automotive,2050,-0.5522573478137078,2.198805337433896,1.9856502940199676
7,7. Core Automotive,2051,-0.5424161741378907,2.2215257870781606,1.936291929067154
7,7. Core Automotive,2052,-0.5448088366545588,2.255967615412682,1.9332735685188556
7,7. Core Automotive,2053,-0.5688189099805913,2.2735253044473334,1.9216694224001643
7,7. Core Automotive,2054,-0.6311506315104135,2.3020986760411684,1.8678363891399825
7,7. Core Automotive,2055,-0.6860216929219835,2.367427390777186,1.848939729718866
8,"8. Motor Vehicle Parts, Materials, & Products Sales",1970,,,
8,"8. Motor Vehicle Parts, Materials, & Products Sales",1971,1.8107312805236433,,
8,"8. Motor Vehicle Parts, Materials, & Products Sales",1972,3.14735215868774,,
8,"8. Motor Vehicle Parts, Materials, & Products Sales",1973,2.0162072823478985,,
8,"8. Motor Vehicle Parts, Materials, & Products Sales",1974,-2.044219512194996,,
8,"8. Motor Vehicle Parts, Materials, & Products Sales",1975,-5.321548913701668,,
8,"8. Motor Vehicle Parts, Materials, & Products Sales",1976,-0.35366133991305587,5.2300167932240775,
8,"8. Motor Vehicle Parts, Materials, & Products Sales",1977,0.16504886555110915,11.76019401597511,
8,"8. Motor Vehicle Parts, Materials, & Products Sales",1978,4.680845788779654,15.112096242913292,12.4427387133855
8,"8. Motor Vehicle Parts, Materials, & Products Sales",1979,1.3210308705237217,10.740019208396781,12.351926927769002
8,"8. Motor Vehicle Parts, Materials, & Products Sales",1980,-7.484633337040108,-4.424888302942796,-2.731246098280795
8,"8. Motor Vehicle Parts, Materials, & Products Sales",1981,-4.5814085512756675,3.6925079381214325,4.860508751943566
8,"8. Motor Vehicle Parts, Materials, & Products Sales",1982,-5.10871917683615,-1.333947778486661,-4.290763163402353
8,"8. Motor Vehicle Parts, Materials, & Products Sales",1983,0.7844913111327642,5.60999981726645,8.043203966394561
8,"8. Motor Vehicle Parts, Materials, & Products Sales",1984,8.36573281047631,20.43488586410578,16.681753529477504
8,"8. Motor Vehicle Parts, Materials, & Products Sales",1985,5.026659029191373,8.771081719889068,7.3263906763032765
8,"8. Motor Vehicle Parts, Materials, & Products Sales",1986,2.037792725894322,8.898485360054044,6.9836696135530465
8,"8. Motor Vehicle Parts, Materials, & Products Sales",1987,1.8853610272298693,7.348276794961042,3.1448842727450175
8,"8. Motor Vehicle Parts, Materials, & Products Sales",1988,3.2138113231730223,8.46914490003077,9.295669741169114
8,"8. Motor Vehicle Parts, Materials, & Products Sales",1989,1.5638045514090153,7.674931489265421,7.6278349596218655
8,"8. Motor Vehicle Parts, Materials, & Products Sales",1990,1.9511087066484012,8.065620882896706,3.119803636813235
8,"8. Motor Vehicle Parts, Materials, & Products Sales",1991,-2.134285573040886,-9.655827416607382,1.0047293811751608
8,"8. Motor Vehicle Parts, Materials, & Products Sales",1992,-0.8939247111313577,10.662035619294643,3.4175387265794797
8,"8. Motor Vehicle Parts, Materials, & Products Sales",1993,0.6856056291293947,6.421910624157976,7.9362856584034445
8,"8. Motor Vehicle Parts, Materials, & Products Sales",1994,4.375803606929868,11.101597514115587,15.43953002012192
8,"8. Motor Vehicle Parts, Materials, & Products Sales",1995,3.516465543450235,6.992720392327559,5.775751270329824
8,"8. Motor Vehicle Parts, Materials, & Products Sales",1996,2.9190641990273507,5.402501582296031,7.600215293857785
8,"8. Motor Vehicle Parts, Materials, & Products Sales",1997,3.1030129003783182,8.013210800216791,4.402156369908597
8,"8. Motor Vehicle Parts, Materials, & Products Sales",1998,-1.0094812411469436,3.019214948915335,3.1335253767661984
8,"8. Motor Vehicle Parts, Materials, & Products Sales",1999,0.64156118129598,2.1147657233769355,2.163333098889355
8,"8. Motor Vehicle Parts, Materials, & Products Sales",2000,1.1410964404577335,5.557863166746893,7.64721534070162
8,"8. Motor Vehicle Parts, Materials, & Products Sales",2001,-3.2659534211305195,-1.0649740914480517,-2.2775026863330865
8,"8. Motor Vehicle Parts, Materials, & Products Sales",2002,-3.1766608387388047,-0.3912710404460652,-1.2911060817210684
8,"8. Motor Vehicle Parts, Materials, & Products Sales",2003,-2.4675650431603224,1.0421441622263903,5.567897033419356
8,"8. Motor Vehicle Parts, Materials, & Products Sales",2004,-2.077746464900018,2.4033552311700883,4.6539421132405545
8,"8. Motor Vehicle Parts, Materials, & Products Sales",2005,-0.21219688705904857,3.217829913223317,7.796711585137162
8,"8. Motor Vehicle Parts, Materials, & Products Sales",2006,-0.5355207904251997,1.9473477159310175,3.722784135967473
8,"8. Motor Vehicle Parts, Materials, & Products Sales",2007,-1.2947008277474918,2.240850985441766,1.1739191443767842
8,"8. Motor Vehicle Parts, Materials, & Products Sales",2008,-1.2981052944547231,3.0154677456311294,1.963285676831398
8,"8. Motor Vehicle Parts, Materials, & Products Sales",2009,-8.894777738073799,-14.45202064926444,-12.647096615340567
8,"8. Motor Vehicle Parts, Materials, & Products Sales",2010,2.1803274202106233,5.532616768888272,9.971948022265959
8,"8. Motor Vehicle Parts, Materials, & Products Sales",2011,3.4698556338332907,9.283492629678564,8.154832175806002
8,"8. Motor Vehicle Parts, Materials, & Products Sales",2012,2.805603911962404,4.979147978446167,5.256305089096318
8,"8. Motor Vehicle Parts, Materials, & Products Sales",2013,2.9041613696188646,1.418167410784259,2.83943466598207
8,"8. Motor Vehicle Parts, Materials, & Products Sales",2014,3.4941035688671884,7.455495763682158,4.931541278465336
8,"8. Motor Vehicle Parts, Materials, & Products Sales",2015,2.0237533277947106,3.7510310119410786,1.773178654131136
8,"8. Motor Vehicle Parts, Materials, & Products Sales",2016,0.39144962652873755,2.902746622922164,1.8547399124067159
8,"8. Motor Vehicle Parts, Materials, & Products Sales",2017,2.3548785584711216,4.377822845347366,5.215185838545191
8,"8. Motor Vehicle Parts, Materials, & Products Sales",2018,1.9356252081042402,10.730721363244868,8.792297350555025
8,"8. Motor Vehicle Parts, Materials, & Products Sales",2019,1.0754018609166223,2.2054209279712103,4.681343379791964
8,"8. Motor Vehicle Parts, Materials, & Products Sales",2020,-7.32914723533222,-4.7894542566613785,-7.1120912384075545
8,"8. Motor Vehicle Parts, Materials, & Products Sales",2021,0.5798086262376101,8.855532836882988,12.483144954519949
8,"8. Motor Vehicle Parts, Materials, & Products Sales",2022,4.999209024012977,10.470753763684664,13.768758636426648
8,"8. Motor Vehicle Parts, Materials, & Products Sales",2023,2.1861177320797953,6.425205001173645,5.206728939423135
8,"8. Motor Vehicle Parts, Materials, & Products Sales",2024,1.1466257185676407,4.545481518451332,3.494953857401839
8,"8. Motor Vehicle Parts, Materials, & Products Sales",2025,0.8541683751935631,2.991560267119129,5.656909342935209
8,"8. Motor Vehicle Parts, Materials, & Products Sales",2026,-0.03507352506327202,4.10838840003559,3.9126767006262444
8,"8. Motor Vehicle Parts, Materials, & Products Sales",2027,0.05557498114185809,3.7762655387187705,2.166175536532663
8,"8. Motor Vehicle Parts, Materials, & Products Sales",2028,0.18909520631922377,3.006054209310407,2.354118592340801
8,"8. Motor Vehicle Parts, Materials, & Products Sales",2029,0.157500275988035,3.1025503794975604,2.3646051213849253
8,"8. Motor Vehicle Parts, Materials, & Products Sales",2030,0.17165010637759384,3.5543853334641535,2.0900775277743553
8,"8. Motor Vehicle Parts, Materials, & Products Sales",2031,0.04455078165081912,3.60855668996561,2.1080830813846303
8,"8. Motor Vehicle Parts, Materials, & Products Sales",2032,-0.2751740957697885,3.250905359394772,1.92739354807899
8,"8. Motor Vehicle Parts, Materials, & Products Sales",2033,-0.5841145298601835,2.7629465468672976,2.0709549401918235
8,"8. Motor Vehicle Parts, Materials, & Products Sales",2034,-0.7067725131504965,2.595305025024458,2.22422146309716
8,"8. Motor Vehicle Parts, Materials, & Products Sales",2035,-0.6963264410496346,2.7403118780261937,2.183355933409532
8,"8. Motor Vehicle Parts, Materials, & Products Sales",2036,-0.6281468429064279,3.0153113607971695,2.336778900638018
8,"8. Motor Vehicle Parts, Materials, & Products Sales",2037,-0.6302197080442952,3.283785131015196,2.4405847939913103
8,"8. Motor Vehicle Parts, Materials, & Products Sales",2038,-0.6491490629567249,3.5228776380651796,2.419053493873098
8,"8. Motor Vehicle Parts, Materials, & Products Sales",2039,-0.6322533566912114,3.7741485090373366,2.4520011166770264
8,"8. Motor Vehicle Parts, Materials, & Products Sales",2040,-0.7109705093298302,3.928838989580025,2.4609947779743013
8,"8. Motor Vehicle Parts, Materials, & Products Sales",2041,-0.7869489764847627,3.9908081996871374,2.4215084289482713
8,"8. Motor Vehicle Parts, Materials, & Products Sales",2042,-0.8603750888200687,4.030034219678426,2.4075069675672895
8,"8. Motor Vehicle Parts, Materials, & Products Sales",2043,-0.9237685820467946,4.11140095049156,2.454525857590756
8,"8. Motor Vehicle Parts, Materials, & Products Sales",2044,-0.9533868270721678,4.1757106493975,2.5600682315106034
8,"8. Motor Vehicle Parts, Materials, & Products Sales",2045,-0.9936521085433315,4.161869185676381,2.6249906406110584
8,"8. Motor Vehicle Parts, Materials, & Products Sales",2046,-1.043885815478849,4.0967152822436255,2.577599364596343
8,"8. Motor Vehicle Parts, Materials, & Products Sales",2047,-1.0971378534458918,4.081586947072187,2.57951265798386
8,"8. Motor Vehicle Parts, Materials, & Products Sales",2048,-1.124062070333335,4.069821792779855,2.678092726349639
8,"8. Motor Vehicle Parts, Materials, & Products Sales",2049,-1.1112529101263975,4.045983187984939,2.739131725752191
8,"8. Motor Vehicle Parts, Materials, & Products Sales",2050,-1.103619816771763,4.0236553307922795,2.785027140741635
8,"8. Motor Vehicle Parts, Materials, & Products Sales",2051,-1.1039201084178079,4.023366698760414,2.8260526600478104
8,"8. Motor Vehicle Parts, Materials, & Products Sales",2052,-1.1244212849269923,4.020748974895599,2.883537099795834
8,"8. Motor Vehicle Parts, Materials, & Products Sales",2053,-1.2078793264061223,3.972894511655571,2.897328688596151
8,"8. Motor Vehicle Parts, Materials, & Products Sales",2054,-1.307930845937005,3.938438147003448,2.9091435761087854
8,"8. Motor Vehicle Parts, Materials, & Products Sales",2055,-1.373005788206537,3.9565202933336256,2.9511230431399196
9,"9. Dealers, Maintenance, & Repair",1970,,,
9,"9. Dealers, Maintenance, & Repair",1971,3.805479605238659,,
9,"9. Dealers, Maintenance, & Repair",1972,3.1657213111768376,,
9,"9. Dealers, Maintenance, & Repair",1973,1.9241371825588351,,
9,"9. Dealers, Maintenance, & Repair",1974,-2.5705290832307828,,
9,"9. Dealers, Maintenance, & Repair",1975,-2.6255638001490853,,
9,"9. Dealers, Maintenance, & Repair",1976,5.220174324145638,15.151676889053048,
9,"9. Dealers, Maintenance, & Repair",1977,3.63668059545459,14.236175370426125,
9,"9. Dealers, Maintenance, & Repair",1978,4.110090815149448,13.947240832284386,14.732709766392121
9,"9. Dealers, Maintenance, & Repair",1979,-1.353663975784545,3.6070789991659273,5.724152646070799
9,"9. Dealers, Maintenance, & Repair",1980,-11.425692484629181,-8.412561480251393,-11.691047576377946
9,"9. Dealers, Maintenance, & Repair",1981,-5.764397297479406,1.0803804522813032,2.915027931122445
9,"9. Dealers, Maintenance, & Repair",1982,-2.093740856837397,1.7681059802920736,0.5344134565654648
9,"9. Dealers, Maintenance, & Repair",1983,3.1190749763769743,8.219151077092565,14.67424983386308
9,"9. Dealers, Maintenance, & Repair",1984,8.767861425174551,19.812498392454135,24.157819146082442
9,"9. Dealers, Maintenance, & Repair",1985,8.03414076576627,14.91504327021632,17.336696481477784
9,"9. Dealers, Maintenance, & Repair",1986,1.810251636819437,8.666634527945133,11.285427640151918
9,"9. Dealers, Maintenance, & Repair",1987,0.22177659849460624,4.019838796271532,1.1468471032189156
9,"9. Dealers, Maintenance, & Repair",1988,1.2706995222522177,7.603723787588898,3.5435433684465596
9,"9. Dealers, Maintenance, & Repair",1989,4.261941064475662,5.813323567953666,6.399036492548155
9,"9. Dealers, Maintenance, & Repair",1990,2.4453248507761756,5.14936866444945,-0.21095201549857515
9,"9. Dealers, Maintenance, & Repair",1991,-1.9010812130059191,-1.362146222583251,-0.3068310077591524
9,"9. Dealers, Maintenance, & Repair",1992,0.15965402749201849,6.659665778516585,8.176217753260158
9,"9. Dealers, Maintenance, & Repair",1993,2.9006881553938664,9.963642041058485,12.546640201917066
9,"9. Dealers, Maintenance, & Repair",1994,6.152585287915569,14.510470818930123,19.39576217226635
9,"9. Dealers, Maintenance, & Repair",1995,4.327492310704854,6.241805999097163,6.889435724616417
9,"9. Dealers, Maintenance, & Repair",1996,5.205942099201959,8.644113231244908,12.893477072888073
9,"9. Dealers, Maintenance, & Repair",1997,2.4920696696246307,6.740802702795072,5.776673155866162
9,"9. Dealers, Maintenance, & Repair",1998,2.089374014249417,3.0533102223424495,1.8281902848496228
9,"9. Dealers, Maintenance, & Repair",1999,2.885735520981005,8.006788577368184,7.188171065999676
9,"9. Dealers, Maintenance, & Repair",2000,0.9852381907015975,0.5977888932239729,1.6567174788930452
9,"9. Dealers, Maintenance, & Repair",2001,-1.4808041070982851,4.051845307157246,-4.602972809860199
9,"9. Dealers, Maintenance, & Repair",2002,0.6217049597173657,1.4474310678365498,6.674863689519657
9,"9. Dealers, Maintenance, & Repair",2003,-1.9455038914602332,-2.152914238424155,-2.27946078938644
9,"9. Dealers, Maintenance, & Repair",2004,-0.7926428620916276,0.12880510540841794,-0.4002446769547482
9,"9. Dealers, Maintenance, & Repair",2005,-2.882102727836761,-3.6834359241360803,-0.7975164431939302
9,"9. Dealers, Maintenance, & Repair",2006,-4.19350670937056,-2.355462629090202,-3.1493929882902316
9,"9. Dealers, Maintenance, & Repair",2007,-2.946895105987125,-1.3499402554170536,-1.2681569025706727
9,"9. Dealers, Maintenance, & Repair",2008,-3.8379300394515528,-2.714155398623532,-6.689392020273988
9,"9. Dealers, Maintenance, & Repair",2009,-7.872612189387006,-9.392412852715868,-6.037244678594791
9,"9. Dealers, Maintenance, & Repair",2010,-2.947310423187214,0.97619106322406,7.349752148908529
9,"9. Dealers, Maintenance, & Repair",2011,2.034067648176432,5.700073647098858,3.67496895200179
9,"9. Dealers, Maintenance, & Repair",2012,2.1604678181405723,2.8343246375228235,4.182017599391044
9,"9. Dealers, Maintenance, & Repair",2013,1.7295454884630184,3.3768900466888607,6.29548341664012
9,"9. Dealers, Maintenance, & Repair",2014,4.912074839123194,10.327904346695394,10.329811405245925
9,"9. Dealers, Maintenance, & Repair",2015,4.031802315987373,6.786010217197591,6.285622013629361
9,"9. Dealers, Maintenance, & Repair",2016,2.2426447558052454,5.2354052364234045,7.912211381983337
9,"9. Dealers, Maintenance, & Repair",2017,0.17333400759887652,1.8223182768845485,3.9807879693854886
9,"9. Dealers, Maintenance, & Repair",2018,-0.04432545525226871,2.277038759616094,3.617885879704967
9,"9. Dealers, Maintenance, & Repair",2019,0.7122839246397122,3.461229634377276,3.526100803965125
9,"9. Dealers, Maintenance, & Repair",2020,-9.203039254695412,-1.6126371043600465,-1.3817711064734217
9,"9. Dealers, Maintenance, & Repair",2021,6.164953071277716,20.93997886431853,22.921873551836956
9,"9. Dealers, Maintenance, & Repair",2022,2.3764100237260526,6.700095097731362,9.921123375731469
9,"9. Dealers, Maintenance, & Repair",2023,1.6390935260557835,1.3884498757017778,6.625265973028617
9,"9. Dealers, Maintenance, & Repair",2024,0.3655857259497136,3.1913717028643234,2.3620723131488974
9,"9. Dealers, Maintenance, & Repair",2025,1.456349132644235,3.548888370256525,4.570219194177609
9,"9. Dealers, Maintenance, & Repair",2026,0.18670460998316776,4.248111902087217,5.038215011944582
9,"9. Dealers, Maintenance, & Repair",2027,-0.08954739290104416,3.9438901622610856,3.985029764379984
9,"9. Dealers, Maintenance, & Repair",2028,0.1955061542933316,3.5047026613893535,3.938500658873636
9,"9. Dealers, Maintenance, & Repair",2029,0.4510437882963548,4.0206875350608575,4.157544409675043
9,"9. Dealers, Maintenance, & Repair",2030,0.7514964560091119,4.582276647427038,4.1490041547913235
9,"9. Dealers, Maintenance, & Repair",2031,0.6446864135496653,4.673411080627948,3.822829026350468
9,"9. Dealers, Maintenance, & Repair",2032,0.16665680787547543,4.261250483991328,3.247155848060225
9,"9. Dealers, Maintenance, & Repair",2033,-0.22507004528363525,3.7793215459648843,2.9829780596167335
9,"9. Dealers, Maintenance, & Repair",2034,-0.3976078055859746,3.5894436258278586,2.8914411665316937
9,"9. Dealers, Maintenance, & Repair",2035,-0.3491975089771868,3.691988616132714,2.91048642468936
9,"9. Dealers, Maintenance, & Repair",2036,-0.1794346349014097,3.962885724246596,3.186997236141817
9,"9. Dealers, Maintenance, & Repair",2037,-0.17308723956545619,4.218758447544451,3.2656119044185554
9,"9. Dealers, Maintenance, & Repair",2038,-0.20999590363174692,4.432351908550793,3.1927721497003154
9,"9. Dealers, Maintenance, & Repair",2039,-0.2090025558698714,4.652061083169602,3.182415386335793
9,"9. Dealers, Maintenance, & Repair",2040,-0.2758255282064108,4.813331636549236,3.1086078626564317
9,"9. Dealers, Maintenance, & Repair",2041,-0.35569775202368065,4.910408557793023,2.986501730544256
9,"9. Dealers, Maintenance, & Repair",2042,-0.38989227679987826,5.010147829732045,2.9166330688306776
9,"9. Dealers, Maintenance, & Repair",2043,-0.3938851373108042,5.127064656504759,2.8783505252545893
9,"9. Dealers, Maintenance, & Repair",2044,-0.3867359270223007,5.2494948085601365,2.8682996541672816
9,"9. Dealers, Maintenance, & Repair",2045,-0.42345718771120316,5.268378927376621,2.797225207552512
9,"9. Dealers, Maintenance, & Repair",2046,-0.473314931332871,5.240830452475271,2.6811050407287715
9,"9. Dealers, Maintenance, & Repair",2047,-0.5466572975690703,5.243100702337854,2.627429743217874
9,"9. Dealers, Maintenance, & Repair",2048,-0.5764052654874178,5.24779241653476,2.6336619086080986
9,"9. Dealers, Maintenance, & Repair",2049,-0.5443399059689026,5.250641538690739,2.613230563972335
9,"9. Dealers, Maintenance, & Repair",2050,-0.5166532518259546,5.251112284200511,2.597538596236184
9,"9. Dealers, Maintenance, & Repair",2051,-0.5151749091987642,5.254414317911641,2.57979671778171
9,"9. Dealers, Maintenance, & Repair",2052,-0.5359602943259772,5.263344067193665,2.563745308399233
9,"9. Dealers, Maintenance, & Repair",2053,-0.625339676463257,5.225519692628221,2.493588352206303
9,"9. Dealers, Maintenance, & Repair",2054,-0.7245925141564453,5.203861003862163,2.425161905294133
9,"9. Dealers, Maintenance, & Repair",2055,-0.7850070111395152,5.240407283970023,2.3982005313096932
10,10. Logistics,1970,,,
10,10. Logistics,1971,1.501524754579892,,
10,10. Logistics,1972,4.7096668896536364,,
10,10. Logistics,1973,5.742298478401291,,
10,10. Logistics,1974,-1.6569087760636338,,
10,10. Logistics,1975,-5.684770841948264,,
10,10. Logistics,1976,4.458408400794492,18.355047921035307,
10,10. Logistics,1977,7.164435940396875,18.056482046038433,
10,10. Logistics,1978,6.123783093128215,18.148651595547804,18.9826817152595
10,10. Logistics,1979,-3.71636798973252,6.348490215362967,7.288261644761866
10,10. Logistics,1980,-18.162988770445363,-11.153492333594674,-14.938031417804575
10,10. Logistics,1981,-8.338678444550085,4.170956987184016,-0.511602405135187
10,10. Logistics,1982,-9.90485970378647,-4.757506962449908,-4.8342501692982776
10,10. Logistics,1983,-2.225192464868557,4.475575731930736,10.357116855397367
10,10. Logistics,1984,4.413005146833346,10.771194522836742,14.030031151133299
10,10. Logistics,1985,8.787118901504467,8.137373496089548,12.8359818128122
10,10. Logistics,1986,5.592709163754366,4.7388879719241395,10.362502848321482
10,10. Logistics,1987,-1.3726272177790604,3.085475359529169,-4.794068680888459
10,10. Logistics,1988,5.142902791486094,7.688216558043315,-0.15297904238263363
10,10. Logistics,1989,11.287267606526939,0.8491979643407624,7.685428626548572
10,10. Logistics,1990,-3.3850733228948506,-6.588712029255493,1.0713735610892368
10,10. Logistics,1991,-2.3475296168184534,-14.864327097012165,-7.076809895602695
10,10. Logistics,1992,0.5855284805075811,6.283837355524144,6.811781956302664
10,10. Logistics,1993,3.819355969039834,8.11363922698822,11.215851300716084
10,10. Logistics,1994,7.570535991737998,14.74716695676436,18.723079114008247
10,10. Logistics,1995,4.347345032692738,5.022967183340462,-3.963839949348645
10,10. Logistics,1996,0.9626581958050006,2.2483129539088087,5.120794222597641
10,10. Logistics,1997,2.9506668869436425,8.010634439769696,10.48329449240073
10,10. Logistics,1998,4.753909916467594,8.45555679245156,9.758703588282467
10,10. Logistics,1999,0.34680324473788393,4.9635957827879436,9.552202482355842
10,10. Logistics,2000,4.1545628078939645,3.9524422034947526,6.079454996482611
10,10. Logistics,2001,-2.480848696352742,-3.468127561066092,-2.5723360441171272
10,10. Logistics,2002,-2.239899791900155,0.7716341248862787,1.2072795013255095
10,10. Logistics,2003,-2.2371965576427897,-0.22947841021342674,2.042405578563616
10,10. Logistics,2004,2.4208499016528138,6.988700918346746,7.6453448036630896
10,10. Logistics,2005,5.3097958135037775,5.562616291504512,5.520108275328639
10,10. Logistics,2006,3.4914993946681885,4.653434841074721,5.1397159871736635
10,10. Logistics,2007,3.760388729279028,6.470562039060909,1.6962937144184593
10,10. Logistics,2008,-4.776793422259811,-4.384830200155093,-3.667314063749562
10,10. Logistics,2009,-12.935947187548209,-15.676574720714505,-12.677893738140417
10,10. Logistics,2010,2.571717318396664,3.9807438099467602,3.6126578840146557
10,10. Logistics,2011,6.546213250572744,9.861314889608112,6.911128588281562
10,10. Logistics,2012,4.874203656827346,7.973265774333559,5.701149425287385
10,10. Logistics,2013,5.947405976439931,6.239909140842597,5.651732637378546
10,10. Logistics,2014,5.744297487904185,10.769631656754656,12.537739474117588
10,10. Logistics,2015,6.119272789120328,10.419652941543315,11.77015755329007
10,10. Logistics,2016,2.086199099133151,2.603452416114,4.167757702714538
10,10. Logistics,2017,-0.47226195147950084,1.5030435582128734,4.457664753445876
10,10. Logistics,2018,1.6281536636600413,7.104064400543095,7.939277263065006
10,10. Logistics,2019,1.9511143270003644,3.682213258123463,3.5931258708778717
10,10. Logistics,2020,-7.423401586508264,-3.8990931482207274,-1.0563317132660457
10,10. Logistics,2021,4.4776690781535535,13.08821292474048,24.1816204458945
10,10. Logistics,2022,5.226711713859624,10.67573804740752,14.618090525609068
10,10. Logistics,2023,-0.3868150876817347,1.829174492780231,-0.3018108651911561
10,10. Logistics,2024,-4.158280585137422,-1.7853797034314365,-1.693581933233714
10,10. Logistics,2025,0.3017586858939158,1.581922593702076,1.1890263753209864
10,10. Logistics,2026,-2.043111715843715,1.281700717800674,1.3446291415733673
10,10. Logistics,2027,-2.574057958151855,1.002952274857144,2.6169696693786033
10,10. Logistics,2028,-2.4511108217178017,0.3232322608256401,2.4049187065778135
10,10. Logistics,2029,-2.4137812037543758,0.7347886037329501,2.094867155488879
10,10. Logistics,2030,-2.3154605832476647,1.117095542140518,1.8409415536467164
10,10. Logistics,2031,-2.4992199323053934,0.9089576191494475,1.6858127580246973
10,10. Logistics,2032,-2.865172772026615,0.29014544876968007,1.4166243414012236
10,10. Logistics,2033,-3.080190958921123,-0.29780376386122553,1.405358178363072
10,10. Logistics,2034,-3.085076724410175,-0.4740069499711855,1.34170704247258
10,10. Logistics,2035,-2.9126494872599515,-0.3260154432803375,1.0604584390686604
10,10. Logistics,2036,-2.696761035045118,-0.08314053924495977,1.157381698894641
10,10. Logistics,2037,-2.5441540550090354,0.08455511217705323,1.2547531266859908
10,10. Logistics,2038,-2.4375537306658983,0.20314609554958896,1.2366513189631028
10,10. Logistics,2039,-2.339287054200194,0.3163823297703742,1.3280137656146807
10,10. Logistics,2040,-2.29982051758238,0.36033589294457935,1.3486308244785503
10,10. Logistics,2041,-2.2155699301156253,0.36539703535147217,1.3446885812100615
10,10. Logistics,2042,-2.113742511486155,0.3997994724937681,1.3339462194577631
10,10. Logistics,2043,-1.9861004514622889,0.5228715530877683,1.3377260807379254
10,10. Logistics,2044,-1.8282361271175898,0.7132373271326842,1.3312724000483054
10,10. Logistics,2045,-1.6713862763734093,0.8536106471826063,1.3416816076474682
10,10. Logistics,2046,-1.521066069371187,0.9725414537265924,1.3762407670754462
10,10. Logistics,2047,-1.4180182760796114,1.083204600107702,1.4588165617890783
10,10. Logistics,2048,-1.2811246415676356,1.2336482222368894,1.5855221423081052
10,10. Logistics,2049,-1.104648421734977,1.3791205183669104,1.7455837804805172
10,10. Logistics,2050,-0.9300764512891716,1.511480402094378,1.8994003051011312
10,10. Logistics,2051,-0.7824594621716823,1.6417691156130454,2.037855821655446
10,10. Logistics,2052,-0.6424244437491388,1.791051022236239,2.199034014865344
10,10. Logistics,2053,-0.5296708699155969,1.9222316331668026,2.3303859702365033
10,10. Logistics,2054,-0.41734540760401967,2.102862774370125,2.429410138968024
10,10. Logistics,2055,-0.27447822619681955,2.3594211959462794,2.5272824233775015
