Geography:,naics_code,metric,value_base,value_target,cagr_pct
Michigan,3255,employment,4.752857443971072,4.830260488530058,0.2696026636507032
Michigan,3328,employment,11.40155160160279,11.10971393660777,-0.4312274743707101
Michigan,3311,employment,3.3539287734863,2.826774465276851,-2.8097079005369174
Michigan,3312,employment,1.80088237622072,1.55382652162331,-2.4292753827130698
Michigan,3313,employment,2.867361147096216,2.584588006572077,-1.715547800400996
Michigan,3314,employment,1.228878413874864,1.038858039374342,-2.76083633666232
Michigan,3252,employment,6.07565072827175,5.931936472508502,-0.3981782319204985
Michigan,3261,employment,34.54890768171754,33.02038940229544,-0.7513415906421295
Michigan,3262,employment,5.166939015771877,4.562540969190518,-2.051999769160895
Michigan,3272,employment,3.166696244789309,2.905237816774609,-1.4259621105779274
Michigan,3335,employment,29.741129875183113,27.486939090670766,-1.3050754362647021
Michigan,3339,employment,17.5276172558007,17.76214575048736,0.22177528597340235
Michigan,3315,employment,9.139546791712442,7.154560667078201,-3.9988611622911896
Michigan,3321,employment,7.277884568721422,7.017732092175694,-0.6048324249203096
Michigan,3326,employment,3.385809777770934,3.363983674269681,-0.10772883186650484
Michigan,3327,employment,24.59939972559611,23.12537664814739,-1.02457296341405
Michigan,3329,employment,10.50484961449694,10.48416257169664,-0.032848380300321
Michigan,3344,employment,11.41356671986399,11.05005052477292,-0.538009361823566
Michigan,3336,employment,4.792937152387118,4.591076694402245,-0.7145819217984184
Michigan,3345,employment,9.762393132364156,9.483038527140572,-0.48271091643348196
Michigan,3359,employment,4.412524706375623,4.494404187275929,0.3069047848668349
Michigan,5413,employment,85.22514095498168,86.49637649184288,0.24707223586704075
Michigan,5414,employment,10.38962302546045,10.05721514582582,-0.5404877494347149
Michigan,5417,employment,23.241098429384447,25.10683235884449,1.2952806705502695
Michigan,3361,employment,48.64299297332764,62.05345240167853,4.141607408395664
Michigan,3362,employment,8.594277574762243,8.64340382902658,0.0950431945465402
Michigan,3363,employment,118.33649508158369,107.2096000486123,-1.6323048370169513
Michigan,4231,employment,26.0927193959554,27.37066134123972,0.8001065590091505
Michigan,4235,employment,6.65210060278104,6.678952898398576,0.06716485581783616
Michigan,4238,employment,24.4630282719757,24.998798020528472,0.3617329613302189
Michigan,4239,employment,8.818091551456577,8.942008276566778,0.2328495774487127
Michigan,4247,employment,3.613630902615587,3.445994092101306,-0.7885517125090002
Michigan,4413,employment,17.63536768939793,17.88044369682992,0.230284268613401
Michigan,4571,employment,27.21258560816447,27.69939640018718,0.29595458140370123
Michigan,4411,employment,38.72263871769282,38.95734838676329,0.10076753278138728
Michigan,8111,employment,30.889639598671486,32.422322925427714,0.810371295023038
Michigan,4841,employment,35.49001170792712,32.334928156056954,-1.539744226365014
Michigan,4842,employment,11.65307059289482,9.988529255345156,-2.5361577898278753
United States,3255,employment,65.09888844363535,67.73089319347196,0.662768759649035
United States,3328,employment,129.6500002543132,127.2822140744681,-0.3067242165488482
United States,3311,employment,85.4666665395101,74.46578414996043,-2.270277199905968
United States,3312,employment,59.77499930063884,53.74457465523021,-1.7567980907894354
United States,3313,employment,61.987248621588286,58.200208291845925,-1.0451625334432446
United States,3314,employment,59.954419888848726,52.793496102062086,-2.097630514906057
United States,3252,employment,94.39360793040531,93.36135336316471,-0.18309674312694257
United States,3261,employment,592.8211019975257,582.6320074529265,-0.28853108844995035
United States,3262,employment,132.5622293013024,120.4408753483807,-1.5855165401095217
United States,3272,employment,78.02499961853027,72.41279089247047,-1.2363984966732078
United States,3335,employment,157.0403518231177,141.6122922688719,-1.708729471476722
United States,3339,employment,285.4378496154147,286.9558709282544,0.08844122488271822
United States,3315,employment,105.94166564941409,87.87281486416477,-3.0685691451862174
United States,3321,employment,90.83333333333333,88.81292252322662,-0.3742008191275126
United States,3326,employment,42.03712343298151,42.340328864574765,0.11985366324676061
United States,3327,employment,333.0666681925457,311.830050945384,-1.0920655887093789
United States,3329,employment,273.9912301976085,273.8029461013957,-0.011456451238378573
United States,3344,employment,392.37499745686847,380.8882090733638,-0.4939774172713629
United States,3336,employment,92.82907503862583,90.03747943909096,-0.5076052659510721
United States,3345,employment,412.7166646321615,414.89694629471825,0.08785276359695171
United States,3359,employment,165.9900681842678,162.7267527583177,-0.3303784729772219
United States,5413,employment,1703.091631782427,1841.782640146252,1.3133618590014828
United States,5414,employment,151.0500025864985,151.1422627621207,0.010177281571799313
United States,5417,employment,936.7416585753201,1049.76601630327,1.9167217737959819
United States,3361,employment,301.8083318074545,388.0775697329713,4.27924693024897
United States,3362,employment,163.5,166.5419693455519,0.30771172122801005
United States,3363,employment,553.308329264323,511.3636686078664,-1.3053123674776623
United States,4231,employment,381.01024543866777,403.8148508194563,0.9735453716070763
United States,4235,employment,137.4172356103418,146.8639506771613,1.1142426123796678
United States,4238,employment,777.3956409991541,802.0268804630147,0.5212322607647923
United States,4239,employment,320.4681602394114,337.09298842488766,0.846494253785135
United States,4247,employment,100.4948735032096,96.03325456843008,-0.7540126710829376
United States,4413,employment,583.400362974927,612.1249006989092,0.80426141509502
United States,4571,employment,966.6664975246044,1006.900087998592,0.6819500614651641
United States,4411,employment,1263.953218594005,1312.190578049058,0.6261799137784685
United States,8111,employment,1036.518471802423,1086.187441087249,0.7831562549481363
United States,4841,employment,1064.635220434782,935.4488593530461,-2.132941186988402
United States,4842,employment,456.9981164986896,405.681993665267,-1.9655868073355731
Michigan,3255,gdp,1323.041434722268,1706.32827512697,4.331357204341657
Michigan,3328,gdp,1219.838051981684,1462.1651343994629,3.0660679880781583
Michigan,3311,gdp,664.6369124758701,596.8657610970023,-1.7765083918033442
Michigan,3312,gdp,291.8668637054596,289.5471117796251,-0.13290715536845576
Michigan,3313,gdp,333.5618046718307,531.6000423123247,8.077373524166354
Michigan,3314,gdp,156.4370204511687,239.53704697251058,7.359099295762128
Michigan,3252,gdp,1915.969951366134,2528.712918163385,4.733384685499686
Michigan,3261,gdp,3867.930198901634,4475.178638924754,2.4602217144988225
Michigan,3262,gdp,606.769801098366,605.883944313834,-0.02434740335683916
Michigan,3272,gdp,598.1847908588368,597.0386526901593,-0.03195930622726939
Michigan,3335,gdp,3972.936302744759,3968.238828094808,-0.01971585662284836
Michigan,3339,gdp,2779.674879773375,3126.497334427247,1.978983034602888
Michigan,3315,gdp,975.9973986956707,1492.604347740832,7.336972193386826
Michigan,3321,gdp,819.9271642806006,935.2259694086241,2.2170980532759232
Michigan,3326,gdp,346.4933945459133,372.960912305875,1.2343875480888222
Michigan,3327,gdp,2760.996981184118,3249.655792452892,2.753172229494183
Michigan,3329,gdp,1415.1698483304808,1747.381978153274,3.576972870642292
Michigan,3344,gdp,1204.317696909791,1786.3894280441568,6.792112761137981
Michigan,3336,gdp,836.5588029393141,913.4356668066322,1.4760565903984446
Michigan,3345,gdp,1272.3729993836841,1589.9297386782368,3.7832455556851885
Michigan,3359,gdp,1001.8877169964879,1210.045054926298,3.1962101276374666
Michigan,5413,gdp,14064.96600996811,18712.811174131297,4.873732431153988
Michigan,5414,gdp,2038.383151818754,2269.75738084384,1.8080851983158341
Michigan,5417,gdp,4759.761961875393,6300.588229819397,4.785046534417514
Michigan,3361,gdp,19871.653048558303,29553.233897508708,6.838677261521697
Michigan,3362,gdp,1486.4121074053671,1748.196729858817,2.7405402045768135
Michigan,3363,gdp,22562.13484403633,23277.34350957831,0.521479230547417
Michigan,4231,gdp,7831.21941817969,10709.81623981722,5.355878103537237
Michigan,4235,gdp,1443.0529419959748,1930.8401960541062,4.972936062683009
Michigan,4238,gdp,5257.5053782664845,6674.734001700943,4.0580555313442845
Michigan,4239,gdp,1547.0352729957901,2069.457247818325,4.968592487430379
Michigan,4247,gdp,5511.665745290843,6898.010305236739,3.8102318868742158
Michigan,4413,gdp,2267.934668896953,3127.048773924983,5.499569114434522
Michigan,4571,gdp,2855.909329202901,2541.881581686593,-1.922704138080833
Michigan,4411,gdp,8548.343842170832,11383.043554536349,4.888868997972251
Michigan,8111,gdp,3640.146540392384,4049.142740548024,1.7905286590723657
Michigan,4841,gdp,5832.1725910215555,6251.079559096693,1.1627848945769514
Michigan,4842,gdp,1941.027408978442,2152.709908319839,1.7401343878018727
United States,3255,gdp,28.31989062595897,41.082419411101135,6.396515921278723
United States,3328,gdp,15.13788423688108,17.72148140046799,2.6610749178597626
United States,3311,gdp,25.641511110324007,23.8777020285633,-1.1807654669441225
United States,3312,gdp,13.02148888967598,12.96415423779116,-0.07351965584169173
United States,3313,gdp,10.39894533849804,15.89113174620067,7.323358688339954
United States,3314,gdp,11.4066012730316,16.78930512053787,6.6545555329758255
United States,3252,gdp,42.994,65.27212682301708,7.206220463179336
United States,3261,gdp,82.11957768737274,104.17274054748249,4.0442052257375405
United States,3262,gdp,19.35142231262728,22.32018874805122,2.4072794126362984
United States,3272,gdp,13.87589447330378,13.59923350261762,-0.3350988371798702
United States,3335,gdp,23.99612720638496,24.3210716147351,0.22442927142929392
United States,3339,gdp,50.29524935312183,58.00687743772831,2.4060041259269083
United States,3315,gdp,16.04745338847036,24.15217779218182,7.051238395021686
United States,3321,gdp,11.48871766815253,12.90413450143885,1.9552406423730684
United States,3326,gdp,4.722810163956825,4.962295107550704,0.8278135983449841
United States,3327,gdp,41.747019487832354,47.87950027127215,2.3106135357318536
United States,3329,gdp,41.278534019556005,49.326001913418466,3.012977843995568
United States,3344,gdp,111.443,162.8866873575675,6.53005046404902
United States,3336,gdp,19.251467541231072,21.70685223585894,2.020825841005336
United States,3345,gdp,132.881,166.36939309579012,3.816987852035103
United States,3359,gdp,33.75162013846685,44.98252295595152,4.90387505695975
United States,5413,gdp,316.907,440.6970773963427,5.6496484715435
United States,5414,gdp,35.70615393594984,41.185837772311984,2.4080598982709756
United States,5417,gdp,233.235,313.1786065594388,5.034763234643669
United States,3361,gdp,86.36,130.5168730500748,7.125370699240285
United States,3362,gdp,20.83917012247907,25.84189012373641,3.6511144398457596
United States,3363,gdp,78.65482987752092,87.84285491611523,1.8583978968480075
United States,4231,gdp,118.09940626559901,166.91506630512998,5.93544717573673
United States,4235,gdp,30.407366269061313,42.657815634342434,5.804295858215558
United States,4238,gdp,170.75066497360578,225.17401730378452,4.719118731904182
United States,4239,gdp,59.961220338669925,84.37567705241482,5.858190960886689
United States,4247,gdp,168.417362068328,217.663469903372,4.367780530614218
United States,4413,gdp,68.21975069212168,93.14809528121764,5.328033319332981
United States,4571,gdp,93.408,82.32481791069398,-2.083070966246181
United States,4411,gdp,261.1123392440316,346.2220939341454,4.8144670742444
United States,8111,gdp,120.5841717919388,138.7545249251396,2.36688193121557
United States,4841,gdp,179.9019955810485,200.4459959546392,1.8185483129040891
United States,4842,gdp,77.45400441895144,93.03895347641065,3.1027280797753853
Michigan,3255,wages,384.7684606313511,435.1482488581362,2.0719227450896716
Michigan,3328,wages,743.6596487069405,810.9828223049034,1.454871789200629
Michigan,3311,wages,374.7884345324698,420.5703639369924,1.9394018461001528
Michigan,3312,wages,146.1207552566951,163.4790538439542,1.8884685443396165
Michigan,3313,wages,232.4251564870145,266.4904437118123,2.3056811671476662
Michigan,3314,wages,112.9686065078284,133.0239096908538,2.7610790722577105
Michigan,3252,wages,593.4003885725468,642.2397201035104,1.3269310695213976
Michigan,3261,wages,2367.619577604457,2748.122557688859,2.514987345984254
Michigan,3262,wages,373.14803070343464,392.46230128011445,0.8446350634327082
Michigan,3272,wages,269.1415005082411,299.51619164465313,1.7981625958567227
Michigan,3335,wages,2312.303759478822,2241.53780237905,-0.5166967860461669
Michigan,3339,wages,1571.433310467865,1737.721328714187,1.6905733873988193
Michigan,3315,wages,668.9255544785061,691.9863665023955,0.5664898313124223
Michigan,3321,wages,514.2201258972551,530.966169668184,0.535543506930547
Michigan,3326,wages,212.4944817061602,218.95933902368702,0.5007500237110607
Michigan,3327,wages,1722.409506272322,1763.713480311056,0.3957365107069899
Michigan,3329,wages,884.0870814543845,1003.253986427217,2.1298376614703907
Michigan,3344,wages,1187.056674024168,1621.671636762761,5.33723421670802
Michigan,3336,wages,505.7533034121723,549.3898592736107,1.3888783299202956
Michigan,3345,wages,739.9153479316677,830.8437358165847,1.9505451360779524
Michigan,3359,wages,443.6556273636516,561.2126460137504,3.9952673362328106
Michigan,5413,wages,8974.64559704882,10691.61966974758,2.960592305971721
Michigan,5414,wages,873.3939377670391,991.9543221767134,2.144169926348294
Michigan,5417,wages,3793.029540596623,4835.62982731333,4.130464046237603
Michigan,3361,wages,5239.953192355299,6683.59433719077,4.139090189234174
Michigan,3362,wages,618.0437169317544,728.813246347337,2.7857344883825963
Michigan,3363,wages,9491.263849311648,9764.227953690845,0.4736802998089651
Michigan,4231,wages,2057.933277529058,2465.149703513769,3.0549051824972473
Michigan,4235,wages,628.4212389718383,747.4572209222158,2.933304320268326
Michigan,4238,wages,2393.821778955512,2876.12950255724,3.1065140269645353
Michigan,4239,wages,704.3927160864829,847.3485182634919,3.1275110519670024
Michigan,4247,wages,390.08699054270573,445.7579614674112,2.248341806203591
Michigan,4413,wages,819.8071398430894,1015.6635617242599,3.6349787247278664
Michigan,4571,wages,835.3378391198605,1056.198422316173,3.9873617666097205
Michigan,4411,wages,3180.1303530698774,3875.688215845344,3.3516271345939597
Michigan,8111,wages,1678.951634266079,2247.848060505164,4.983600011057665
Michigan,4841,wages,2513.721915846818,2638.7271042677057,0.8121494116377193
Michigan,4842,wages,827.8383501639187,877.4136957932922,0.9740582325720837
United States,3255,wages,5867.16609784494,7014.956918118312,3.0226628125790134
United States,3328,wages,8394.40857294355,9362.102270307343,1.8350340479733829
United States,3311,wages,9765.11391125053,11372.22912678276,2.571816777075453
United States,3312,wages,4959.002681187454,5757.850072864212,2.520567493663717
United States,3313,wages,5137.493656221569,6113.157827553723,2.94036843352361
United States,3314,wages,5635.31586257488,6886.6181320789465,3.398591550764718
United States,3252,wages,10263.81096360533,11744.021308979849,2.2707319766926304
United States,3261,wages,40782.99706603156,49180.48250893995,3.1697253807825287
United States,3262,wages,9610.485363223663,10501.50603718997,1.4887049686314935
United States,3272,wages,5718.49758122002,6077.170381997348,1.0190418866465656
United States,3335,wages,11753.48083704151,11739.61963434358,-0.019665123053358435
United States,3339,wages,24634.985430211193,28068.73412392077,2.1986328623916362
United States,3315,wages,7928.081874242816,8511.452487429997,1.190387446692931
United States,3321,wages,6370.836807942752,6727.5990503753965,0.9122609442750562
United States,3326,wages,2618.939188737345,2759.860118748078,0.8773370861515417
United States,3327,wages,23149.968182627792,24243.08355682531,0.7719300762793369
United States,3329,wages,22890.17892697569,26565.064597998968,2.512529089577953
United States,3344,wages,73871.87687500735,105574.2848339158,6.132037663282008
United States,3336,wages,9429.5112529557,10554.0083659755,1.895430496738859
United States,3345,wages,56624.92605047462,66516.97794929774,2.7197949199440075
United States,3359,wages,14703.514014926839,18818.76845179632,4.198550239179011
United States,5413,wages,196714.769026289,243234.9716507469,3.6012133019680537
United States,5414,wages,13927.73444562083,16418.17325674591,2.7797111407867003
United States,5417,wages,167686.7621277679,221885.262422982,4.778363986368328
United States,3361,wages,28985.155388810483,38136.42040009743,4.67927728690245
United States,3362,wages,10482.49990835531,12750.97950230947,3.318901500828031
United States,3363,wages,39564.879224946264,41986.07973249219,0.99485429561188
United States,4231,wages,30100.5260112924,38098.15915198873,4.0051834677564235
United States,4235,wages,13003.465793624531,16342.27465434596,3.882461313351815
United States,4238,wages,76198.97715128526,96735.00605299791,4.05726820188792
United States,4239,wages,25641.93394231841,32592.366353333233,4.078458842292587
United States,4247,wages,11872.178649266489,14122.93717239807,2.9356395847338623
United States,4413,wages,28082.37005899764,35343.235517326706,3.907147952209611
United States,4571,wages,32684.2578283209,41755.709976462545,4.1668522695702315
United States,4411,wages,107485.78342255071,133072.8039420636,3.6230522158005707
United States,8111,wages,58187.45914182963,77720.96569266396,4.942514449053714
United States,4841,wages,76041.02993441913,78505.13888966544,0.5329321252769414
United States,4842,wages,32738.28201209285,34126.17412249116,0.6943925107609772
