Stage,Sector,naics4,naics_title,emp,num_to_set,denom_total,share_to_set
OEM,7. Core Automotive,3362,Motor Vehicle Body and Trailer Manufacturing,8090.0,7471748305.856302,9126057488.012848,0.818726850632982
Upstream,1. Materials & Processing - Metals,3314,Nonferrous Metal (except Aluminum) Production and Processing,1250.0,42687829750.81877,53070809886.144104,0.8043561016385364
Upstream,3. Forging & Foundries,3315,Foundries,10010.0,28704039102.345,37561318180.15828,0.7641914739165857
Upstream,5. Component Systems,3336,"Engine, Turbine, and Power Transmission Equipment Manufacturing",4730.0,19479743799.258713,25909712263.392635,0.7518317301725227
OEM,7. Core Automotive,3361,Motor Vehicle Manufacturing,48650.0,1947844654.9800756,2616487140.015526,0.7444503071276388
Downstream,"8. Motor Vehicle Parts, Materials, & Products Sales",4231,Motor Vehicle and Motor Vehicle Parts and Supplies Merchant Wholesalers,24780.0,60001621782.78779,81701314871.81238,0.7344021559130236
Upstream,1. Materials & Processing - Non-Metals,3252,"Resin, Synthetic Rubber, and Artificial and Synthetic Fibers and Filaments Manufacturing",0.0,63600954019.72618,86949268852.14177,0.7314719819884896
OEM,7. Core Automotive,3363,Motor Vehicle Parts Manufacturing,119010.0,146414730106.2032,206918267621.3151,0.7075969260198886
Upstream,1. Materials & Processing - Metals,3313,Alumina and Aluminum Production and Processing,2610.0,29804822412.014965,47583141062.31293,0.6263735799405045
Upstream,2. Equipment Manufacturing,3335,Metalworking Machinery Manufacturing,30000.0,5692299561.282,10020936544.114805,0.5680406752625362
,,3369,,,4756225033.717501,8706325379.777584,0.5462953457683666
,,3343,,,169873459.44939995,311127588.21394205,0.545992917004162
Upstream,3. Forging & Foundries,3321,Forging and Stamping,0.0,15992037507.846119,29926699814.91751,0.5343735729883118
Upstream,1. Materials & Processing - Metals,3311,Iron and Steel Mills and Ferroalloy Manufacturing,3330.0,75080820940.8465,141055165614.62143,0.5322798396903502
Upstream,1. Materials & Processing - Non-Metals,3262,Rubber Product Manufacturing,5340.0,12317937707.008904,23398358003.30793,0.5264445353501926
,,2122,,,13718736054.395634,28191268683.3829,0.4866306730807764
Upstream,1. Materials & Processing - Metals,3312,Steel Product Manufacturing from Purchased Steel,2130.0,13815673257.668901,28822307494.565956,0.47933959695189754
Downstream,"8. Motor Vehicle Parts, Materials, & Products Sales",4571,Gasoline Stations,27370.0,9156341684.873222,19365906642.791557,0.4728072820841273
Upstream,4. Parts & Machining,3327,"Machine Shops; Turned Product; and Screw, Nut, and Bolt Manufacturing",24840.0,29682743970.28839,70360436837.67017,0.42186696536250884
Upstream,1. Materials & Processing - Non-Metals,3272,Glass and Glass Product Manufacturing,0.0,7290280469.076639,18060831369.99389,0.4036514332993911
Upstream,4. Parts & Machining,3326,Spring and Wire Product Manufacturing,0.0,2840812792.730301,7696287622.661771,0.3691146864581189
OEM,6. Engineering & Design,5417,Scientific Research and Development ,28480.0,1984635564.47574,5790265770.901512,0.34275379455799027
Upstream,1. Materials & Processing - Coatings & Surface Treatments,3328,"Coating, Engraving, Heat Treating, and Allied Activities",11900.0,10266624258.905003,30371303002.47711,0.3380370034854167
,,3251,,,62394132805.659454,194278075581.4848,0.32115889875329695
Upstream,4. Parts & Machining,3344,Semiconductor and Other Electronic Component Manufacturing,13800.0,29520336575.578205,96152560763.2528,0.3070156045897029
,,4412,,,1210716118.2387,4013031969.2313323,0.30169610596713087
,,3161,,,27018334.031400003,90046736.87479675,0.3000478970044964
,,3332,,,1857643289.319,6209968570.038768,0.2991389196849676
Downstream,"9. Dealers, Maintenance, & Repair",4411,Automobile Dealers,38500.0,10433463603.150301,34881328609.437775,0.2991131364281617
Downstream,"8. Motor Vehicle Parts, Materials, & Products Sales",4413,"Automotive Parts, Accessories, and Tire Retailers",17710.0,3106237776.5582004,10388184828.579306,0.2990164141104343
,,4921,,,33409371592.0494,111935426800.7482,0.29847004247833075
Downstream,"8. Motor Vehicle Parts, Materials, & Products Sales",4238,"Machinery, Equipment, and Supplies Merchant Wholesalers",24130.0,33855427570.813694,113553046188.39818,0.29814636161009245
,,4922,,,9272386495.490496,31114588710.735683,0.29800768320267657
,,4879,,,145954733.78881702,493237999.0507568,0.2959113735553807
,,4233,,,14031959619.4688,47487957772.7061,0.295484587621785
,,4237,,,17606964235.9254,59598204692.28593,0.29542776207492627
Downstream,"8. Motor Vehicle Parts, Materials, & Products Sales",4239,Miscellaneous Durable Goods Merchant Wholesalers,0.0,21852304559.5707,74023380178.93372,0.2952081424375381
Upstream,1. Materials & Processing - Coatings & Surface Treatments,3255,"Paint, Coating, and Adhesive Manufacturing",0.0,12166945046.006603,41215560384.3107,0.2952027082140105
,,4232,,,6223035236.305001,21084232154.88021,0.2951511437832751
Downstream,"8. Motor Vehicle Parts, Materials, & Products Sales",4235,Metal and Mineral (except Petroleum) Merchant Wholesalers,0.0,7605187183.747103,25775211336.57279,0.29505818922058663
,,3169,,,78482658.7549,267501219.0641212,0.2933917797813376
,,3162,,,92427270.2870197,315059316.9758489,0.29336466280127427
,,4871,,,394903954.29229003,1353241623.3926194,0.2918207269609794
,,4821,,,15489787877.393026,53119337544.36221,0.29160355895735424
,,4872,,,767425742.3536,2653837181.058601,0.2891758951268737
,,4883,,,7195480905.82526,24903838605.70028,0.28893059498780543
,,4889,,,1867269820.5105999,6463249680.458402,0.2889057227908554
,,4882,,,1999070771.3428,6926942267.863598,0.2885935372404008
,,4884,,,5883701172.374327,20409962924.11862,0.288275936328209
,,4881,,,12180952515.175375,42259865891.06969,0.28823926101832337
,,4885,,,17124421734.356161,59448505703.4081,0.2880547043485139
Upstream,1. Materials & Processing - Non-Metals,3261,Plastics Product Manufacturing,35520.0,51799455117.04311,180654618922.56415,0.28673197190295174
Upstream,5. Component Systems,3359,Other Electrical Equipment and Component Manufacturing,4820.0,10574706497.36616,37095484590.141205,0.2850672154361498
,,5322,,,3746590487.1849,13207627429.246328,0.28366869880722345
,,5323,,,1044608518.1495999,3687335277.494561,0.2832963209299973
Upstream,2. Equipment Manufacturing,3339,Other General Purpose Machinery Manufacturing,0.0,12346032349.998201,43905084357.48024,0.2811982377593307
,,3353,,,5901293203.017729,21188482238.328342,0.2785142010947222
Upstream,5. Component Systems,3345,"Navigational, Measuring, Electro medical, and Control Instruments Manufacturing",8300.0,9681930583.27547,35436726744.972916,0.27321740670218525
,,3131,,,1020298499.3151762,3794590238.212071,0.2688823918431622
,,4931,,,50216726735.946106,188619419596.16827,0.26623306785409195
,,3141,,,649997545.0249221,2511710423.8760195,0.2587868166832144
,,5321,,,12011700989.1022,47184368016.906296,0.2545695003226147
Downstream,10. Logistics,4842,Specialized Freight Trucking,11582.0,14848033926.417004,63529868387.95734,0.23371737268121875
Downstream,10. Logistics,4841,General Freight Trucking,35888.0,53041249845.98898,227008877977.27814,0.2336527554279089
,,4236,,,28721202702.186413,122999333735.9271,0.23350697788208577
,,2121,,,4406966167.742248,19634999507.78752,0.22444442466089096
,,8129,,,2821673116.1240573,12813845427.299126,0.22020502214835935
,,3279,,,5128761661.568198,24253597794.23066,0.2114639528980812
,,3259,,,8592511789.35128,40774148009.39007,0.21073430614350228
,,3256,,,6213375832.219399,29929189760.06012,0.20760254059770838
Upstream,4. Parts & Machining,3329,Other Fabricated Metal Product Manufacturing,0.0,9659537691.430899,47673604887.28989,0.20261815137051234
,,4831,,,2335856555.2027,11580032556.41498,0.20171416132234515
,,4832,,,1276879949.1816978,6383857820.029781,0.20001697800590132
Downstream,"9. Dealers, Maintenance, & Repair",8111,Automotive Repair and Maintenance,31210.0,11851779038.3047,60769193390.67089,0.1950293952745496
,,6243,,,1624569.6603735,8493378.6617382,0.19127484185910842
,,3399,,,3638008078.5743,19899443624.70701,0.1828195876822091
,,3222,,,17107488092.428383,94980048458.81589,0.18011664944397587
,,5419,,,26147655919.076225,150188158281.24707,0.17409931793764527
OEM,6. Engineering & Design,5414,Industrial design,10160.0,6495587105.3235,37624945033.394585,0.17264044105734225
,,6244,,,211717.97331571602,1227145.525026581,0.17252882319000432
,,6223,,,62044025.5919,361207775.84347004,0.17176824459833023
,,4242,,,21265847804.020702,123851668975.91028,0.1717041682188151
,,3133,,,700211341.07485,4118688192.826291,0.1700083396199888
,,6222,,,23389097.253,138104692.3298926,0.16935773041751642
,,4572,,,297103589.3383538,1765284741.0402722,0.16830349372604464
,,5416,,,56450610553.94629,336201978666.6309,0.16790683617576574
,,4812,,,1410745640.9854,8454082014.154296,0.166871534795079
,,4811,,,9034836285.846924,54230130960.687454,0.16660177885973507
,,3325,,,1055577363.9558997,6348215549.837165,0.16627938287051008
,,4582,,,40219726.7374,243830092.76640072,0.1649498069786331
,,6221,,,1140540259.9471815,6945516709.77534,0.1642124420119743
,,4583,,,60335507.91989999,368569441.7512895,0.1637018729312192
,,6214,,,13650150.962512638,84110983.24886769,0.1622873783572896
,,3274,,,1776378790.3114197,11169010709.91684,0.1590453117512183
,,3149,,,692917698.6202418,4365597404.9681425,0.1587223086195916
,,3341,,,1167191879.0410202,7631894773.029799,0.15293605503652072
,,4561,,,711368234.1231983,4738094897.213191,0.15013803006385631
,,4581,,,205381941.37939999,1380160906.0470293,0.14881014270114498
,,4245,,,1472094375.7328987,9987899209.16364,0.14738778845328057
,,4241,,,2974870391.4645,20212917603.46262,0.1471766941233107
,,4249,,,9129783515.948702,62037538482.453354,0.14716547012146464
,,4246,,,4827456171.242195,32807330825.34584,0.14714565463864757
,,4243,,,4285645093.9198,29130366526.597015,0.1471195046587162
,,4248,,,5465028690.306,37151243087.5838,0.14710217575821707
OEM,6. Engineering & Design,5413,"Architectural, Engineering, and Related Services",87100.0,26631835995.174904,184299207248.10474,0.14450325854805746
,,4551,,,648206870.6949003,4566616593.732701,0.14194466677682333
,,6112,,,56732218.299200006,400571440.39457995,0.14162821553957106
,,4552,,,1788993692.817312,12653335535.588915,0.14138514605777805
,,2211,,,42081047393.66528,297985490858.42316,0.1412184441344446
,,5611,,,13344615008.6191,94993565793.80005,0.1404791461095996
,,8123,,,2533829882.507845,18150627394.987045,0.13960012661643056
,,9011,,,8108538212.902216,58789412799.31463,0.13792514377685272
,,6242,,,1211140.963934536,8940543.950220855,0.13546613837792473
,,4234,,,12195932238.6525,90248470178.974,0.13513727395562986
,,3241,,,33566582983.946087,250578230044.24026,0.1339565012412284
,,3132,,,930307136.64231,6946383763.553426,0.1339268270093979
,,6113,,,4701401848.034834,35339029455.44468,0.13303709582523607
,,5418,,,21978880513.647903,165700720428.32388,0.1326420335218468
,,3219,,,8299084476.256199,62726399487.87359,0.13230608713418338
,,3322,,,391356136.3609001,2981650351.8124146,0.13125487236389466
,,5619,,,7478967564.1628,57443819392.67829,0.13019620984874936
,,3334,,,4365951284.070301,33912251842.434692,0.1287425943979087
,,6241,,,10574019.149406658,82548423.35739866,0.12809474390111328
,,4593,,,47125429.8396,369637816.9885,0.12749082391931274
,,5331,,,30548240017.771572,240572982180.17813,0.12698117527965938
,,5412,,,26139481684.829395,205915429907.55847,0.12694280218128473
,,8113,,,6463305685.884998,51020394030.25809,0.12668082653481427
,,5324,,,20188988192.219017,159715089895.35626,0.12640626634243915
,,4911,,,12044200.65274,95577928.7480878,0.12601445553904583
,,4592,,,53129717.4174,422069945.18619,0.12587894026418442
,,4251,,,8795336743.412903,71005006488.99818,0.12386924779417757
,,3152,,,50758738.769136116,409972207.30663645,0.12381019460465864
Downstream,"8. Motor Vehicle Parts, Materials, & Products Sales",4247,Petroleum and Petroleum Products Merchant Wholesalers,0.0,11130082973.935398,91645725914.85776,0.12144683085685473
,,4594,,,176003472.02809998,1458738529.6202397,0.12065457136716598
,,4591,,,344264561.53059995,2869793986.2334523,0.11996141994235633
,,5614,,,10791368045.105501,90260660395.27771,0.11955782284161183
,,5182,,,20045110679.055,167800198046.5783,0.11945820632160899
,,4491,,,405027765.9264,3411895600.5986195,0.11871048043068422
,,4599,,,621703473.8662299,5293603535.828216,0.11744428339946707
,,4595,,,161134203.84880003,1378294780.6053796,0.11690837556391681
,,5411,,,30944572143.241802,266122280660.34946,0.11627952408365314
,,6111,,,93637470.74270001,819170786.7840502,0.11430762943867616
,,3323,,,13149331017.489698,115229406346.28726,0.11411436919125788
,,4492,,,427633506.66977054,3759222239.318518,0.11375584614207142
,,5241,,,34596274571.36318,307580381969.691,0.11247880749030445
,,6213,,,131810618.76668,1185951307.5039172,0.1111433647677349
,,5612,,,1847094136.8626,16637505826.6353,0.11101989421428493
,,5616,,,7581135995.253301,68344079403.17714,0.11092600941378505
,,3159,,,7974778.090560001,71935532.0335221,0.11086006963629239
,,2372,,,124836712.12519996,1151679020.9064,0.10839540345794471
,,6211,,,11509008.005653195,106586540.76343358,0.10797806104991416
,,3366,,,198671325.76060894,1840864917.7434115,0.10792281597942902
,,5511,,,92899875923.3339,863700464583.066,0.10756029402876312
,,8112,,,1714066235.9434004,16003914489.16816,0.10710293641618257
,,5415,,,22090117835.45755,207656059541.50903,0.10637839263747507
,,3271,,,563596485.46597,5302689659.018044,0.10628502169790137
,,6233,,,10171082.60522,96017391.63212553,0.10592958663352146
,,6115,,,261210979.90748182,2479779017.381842,0.10533639412082337
,,2381,,,1874098194.5245001,17800821565.31339,0.10528155611516046
,,3254,,,9718178766.93229,92612463353.9908,0.10493381144378684
,,2379,,,334052515.82280016,3187022709.1639013,0.10481648432007473
,,6216,,,65616124.380585864,627457346.1083502,0.10457463728419746
,,2383,,,2024300878.3745,19395313195.943695,0.10437062077439714
,,2371,,,1246539567.1106,11945105861.612898,0.10435567349105812
,,2373,,,759812782.8998001,7342295472.764203,0.10348436476280193
,,2361,,,2250661652.0234995,21763194894.815464,0.10341595813028644
,,5131,,,5943838881.700792,57483660305.30632,0.1034004941601138
,,2362,,,2028138087.5182,19648119745.091057,0.1032230113532831
,,2389,,,1959983920.4063,19008585554.91272,0.10311045578558302
,,2382,,,4834907432.598021,46972472686.76625,0.10293065610659621
,,5192,,,10297453721.719711,100380472882.76389,0.10258423203232254
,,6116,,,547541511.8572417,5365873975.236029,0.10204144085086475
,,6114,,,295846292.97867084,2918933575.546761,0.101354239595279
,,5313,,,51732247720.775696,520587938722.66675,0.09937273584883237
,,5311,,,90446737261.90631,910364363741.8279,0.09935223836107483
,,5312,,,36064866742.93101,363043217240.66846,0.0993404229310333
,,6117,,,437721186.86224264,4410358194.011738,0.09924844368799077
,,8131,,,264351.63828,2672873.051877,0.09890168113085714
,,3151,,,2680550.865713377,27182375.152649302,0.09861356304076026
,,2212,,,2211547177.333699,22711767223.508965,0.09737450879844019
,,7121,,,96916296.25392,998304013.8536448,0.0970809441903419
,,3324,,,2505854794.57195,25829897283.89836,0.09701373439584021
,,5132,,,13114340025.981707,138293757923.16028,0.09482958756004292
,,6239,,,2394605.87808,25800492.29737403,0.09281241034008188
,,5613,,,41096084044.58569,447402856801.39954,0.0918547644921009
,,5223,,,7280667154.431299,81455802842.24747,0.08938181075363662
,,5222,,,11959854556.845299,133838604830.36107,0.08936027517624141
,,4451,,,960182043.9236572,10897999295.365301,0.08810626775613788
,,4452,,,109815422.80878,1289746473.2594304,0.08514496847683242
,,5174,,,171680331.1894,2076903632.1812015,0.08266167410430027
,,5178,,,1089248904.9503002,13246395901.602613,0.08222983164941625
,,8139,,,2086785797.2154,25542927159.31266,0.08169720659656587
,,8134,,,619825655.3101999,7604948602.146382,0.08150293811785439
,,5161,,,3494090634.8187,42930010568.33238,0.08139039773253957
,,6232,,,8415660.300187163,105112134.33455393,0.08006364206630566
,,4453,,,50564231.52640001,638392714.6092099,0.07920552720804895
,,7139,,,1289178766.74337,16479080755.582102,0.07823123060469714
,,8132,,,93222861.66702001,1221389212.0194101,0.07632527023297347
,,5162,,,19374659203.2587,253968627943.18854,0.07628760827732121
,,5221,,,33194016453.26121,438671950917.1766,0.07566933874814441
,,5211,,,518160433.58729994,6871707720.6076,0.07540490001246501
,,8133,,,108488798.96059999,1448047447.290757,0.07492074873898538
,,5171,,,11368264743.675701,151962198559.9359,0.07480982014873855
,,8114,,,1350373592.2955601,18085269745.584984,0.07466704181314278
,,3231,,,4406212641.774592,59184996671.29532,0.07444813533142602
,,2213,,,572906935.4327999,7766162311.874983,0.07376963195280979
,,1132,,,35819280.81173,489494774.32266396,0.07317602289277705
,,1133,,,931215903.6814901,12746842606.919437,0.07305463261749173
,,6231,,,12705736.472722108,174975645.7348338,0.07261431394845068
,,1131,,,76578605.40096,1055265849.5908803,0.07256806939279711
,,7212,,,229818202.12039995,3298782851.08549,0.06966757513146901
,,7213,,,96686423.1931,1390176343.823931,0.06954975433342978
,,7211,,,6269548390.361331,91364776983.32292,0.06862106598810754
,,7223,,,2693348451.7923245,40532923732.94312,0.06644841288868847
,,7224,,,804711418.7915249,12122288217.776556,0.06638279872041546
,,7131,,,210808198.8908006,3209239711.8957577,0.06568789427271304
,,3212,,,2127810103.382,35406594831.55425,0.06009643439322501
,,7225,,,12166361713.788357,204016870275.77545,0.05963409642223575
,,3273,,,4343088344.543,76017600819.44324,0.05713266793118991
,,3371,,,770045319.7877407,13942841298.844711,0.055228722990022544
,,3351,,,444153915.8361001,8083897807.5345745,0.05494303941127604
,,3372,,,331117818.7067723,6049112317.813845,0.054738249400936675
,,8122,,,11833446.751672,217126221.85055798,0.05450031161973903
,,5231,,,8517238023.449598,163852527923.9759,0.05198112065381998
,,5232,,,583448793.1371001,11280254691.186792,0.05172301593446696
,,3331,,,656603837.1214064,12925557306.716768,0.05079888019839594
,,3365,,,304072370.50409997,6574063126.77083,0.04625333901432429
,,4851,,,188146593.11809996,4092257148.760297,0.04597623909707063
,,4853,,,1893288448.1436129,41414165501.92778,0.04571596276775111
,,4855,,,84986831.62958,1861249251.2287772,0.045661177068827614
,,4854,,,487598277.21129996,10741846252.658585,0.045392408878559436
,,4859,,,465772469.2092,10289531033.68432,0.045266637292255996
,,4852,,,58834479.84844,1313929759.8550854,0.0447774924094336
,,5629,,,1720619463.6630003,38628100900.75227,0.044543206203271866
,,5622,,,1162446550.297,26183252353.78444,0.04439656825631075
,,5621,,,1942428234.8158455,43917618047.73301,0.04422890678416727
,,3342,,,640067509.31562,14538015778.490139,0.04402715742423653
,,5615,,,1702799260.727849,38941566986.10221,0.043727034953050505
,,3333,,,366544497.6933999,8463446727.091424,0.04330912800810738
,,2123,,,1583398533.2606676,37592327588.73223,0.04212025790430888
,,4244,,,3306084531.5750003,80652262585.65057,0.04099183861164497
,,3221,,,2055331876.290399,51084156809.29909,0.0402342331686731
,,5617,,,9506725085.771103,244162138036.34796,0.03893611500221977
,,7112,,,1561755147.9924607,40814218749.376724,0.03826497715373543
,,7111,,,252384920.05972,7193056362.19951,0.035087299105014264
,,7132,,,19320561.245696276,582136795.0632303,0.03318903977474526
,,3379,,,776226.8521620189,23675297.712338723,0.03278636077118798
,,4442,,,454896576.65340006,13887362299.43698,0.032756153893374156
,,3391,,,966181996.2067,29991388002.70533,0.0322153144802617
,,4441,,,2912915353.8932004,91499439020.11124,0.03183533565984981
,,7114,,,410818987.7585,13070939079.362698,0.03142995199228871
,,7113,,,847110379.5206997,27030947934.99613,0.03133853764795175
,,7115,,,1774975005.932333,57646528596.36995,0.030790665962912894
,,3122,,,17230766.14159,578103434.0619348,0.02980568030970041
,,5239,,,11582884697.18698,437679849169.0221,0.026464285982501175
,,3352,,,85067325.43978581,3235360914.7713003,0.026292994098866714
,,3112,,,1606148709.063571,62854830046.90297,0.025553306052455236
,,5242,,,14137558612.476894,555434680383.8037,0.025453143478019562
,,5122,,,610369652.46993,24487932614.708603,0.024925323916618152
,,3211,,,1042951305.4979999,43876163725.643654,0.023770339449445566
,,3346,,,51484451.74250001,2200844158.8190885,0.023393047406920955
,,3253,,,520887343.417457,25759762179.221344,0.02022096864844589
,,3118,,,160347468.52842,8671472658.2793,0.018491376822289157
,,3119,,,565387654.820986,31624738046.496864,0.017878018593852515
,,3364,,,1524645996.576381,88096242561.83159,0.017306595062851707
,,3121,,,522903858.00659,31942630357.474213,0.016370093888784472
,,4869,,,77834767.77821,5004773500.599207,0.015552105958219901
,,4861,,,138946802.9344,8990938180.899826,0.015454093904190763
,,4862,,,434040269.2279406,29039884227.007374,0.014946349848884004
,,3115,,,762314166.2084501,53343193640.64585,0.014290748531928738
,,1153,,,22818610.648930002,1766206789.897634,0.012919557766082716
,,1152,,,38555065.084249996,2994696256.6543193,0.012874449286327218
,,1151,,,237135397.2005618,18528235207.134007,0.012798596010334354
,,2131,,,199290234.8686187,18665621388.18604,0.010676860455058555
,,8121,,,17431655.447347,1679612968.7736444,0.010378376311344261
,,3116,,,860396703.439818,86739949885.75342,0.009919266780451918
,,3111,,,281365516.5619,36684047649.07536,0.007669969226228283
,,2111,,,2185852997.1491666,290173407105.5841,0.007532919777013922
,,1110,,,820073284.4478822,132091775365.0213,0.006208359923861259
,,1120,,,1580756133.175972,264075836062.16113,0.005985993102390012
,,3117,,,16962716.10859,5234907384.327705,0.003240308731988855
,,5121,,,262863391.68276224,86831616483.11392,0.003027277417251366
,,3113,,,28766996.852822002,12251364867.76962,0.0023480646575550954
,,3114,,,21080077.337672997,11190293219.255322,0.0018837823928867352
,,6215,,,27406301.830078088,21806369858.3904,0.0012568025768641639
,,6219,,,16558637.284415001,13665620678.809301,0.0012117003445069844
,,6212,,,88135.74203829201,105095229.09989421,0.0008386274314556942
,,5259,,,1870666.2741581402,4363013682.073606,0.00042875553699136474
,,5251,,,250911.839433512,751280578.5916514,0.0003339788709883472
,,1141,,,0.0,7796241257.004106,0.0
,,1142,,,0.0,1203200927.831244,0.0
,,8141,,,0.0,0.0,0.0
