projection_method,projection_label,year,value_type,stage,employment_raw,employment_auto,auto_share_ratio
moodys_mi_detail,Moody's MI (detail),2001,Moody's detailed,Downstream,224.22289691024454,40.18618208467995,0.17922425692665234
moodys_mi_detail,Moody's MI (detail),2001,Moody's detailed,OEM,412.1812699138103,181.581087991111,0.4405369706126645
moodys_mi_detail,Moody's MI (detail),2001,Moody's detailed,Upstream,259.94910545770404,72.35398056710326,0.27833902501686386
moodys_mi_detail,Moody's MI (detail),2002,Moody's detailed,Downstream,220.34159188691464,38.892278774671915,0.17650902147712766
moodys_mi_detail,Moody's MI (detail),2002,Moody's detailed,OEM,389.15816780428156,171.3792060518862,0.4403844509260758
moodys_mi_detail,Moody's MI (detail),2002,Moody's detailed,Upstream,240.58817619003938,67.7468813251064,0.28158857346170446
moodys_mi_detail,Moody's MI (detail),2003,Moody's detailed,Downstream,215.38806632823835,38.37142300650413,0.17815018102269606
moodys_mi_detail,Moody's MI (detail),2003,Moody's detailed,OEM,365.512864820938,158.78669223778132,0.4344216237520661
moodys_mi_detail,Moody's MI (detail),2003,Moody's detailed,Upstream,233.18052763469487,65.91365017627945,0.28267218898973007
moodys_mi_detail,Moody's MI (detail),2004,Moody's detailed,Downstream,213.46419579657993,38.31011352434528,0.1794685679318924
moodys_mi_detail,Moody's MI (detail),2004,Moody's detailed,OEM,351.4322990188818,151.7764429106455,0.43187960621254917
moodys_mi_detail,Moody's MI (detail),2004,Moody's detailed,Upstream,231.51216198210955,65.90597081572265,0.28467606302607823
moodys_mi_detail,Moody's MI (detail),2005,Moody's detailed,Downstream,213.01064772970992,38.57567908455462,0.18109742163454412
moodys_mi_detail,Moody's MI (detail),2005,Moody's detailed,OEM,334.25126659182513,141.99291337921895,0.4248089014801409
moodys_mi_detail,Moody's MI (detail),2005,Moody's detailed,Upstream,231.17671585161017,65.54478655303845,0.28352676571074287
moodys_mi_detail,Moody's MI (detail),2006,Moody's detailed,Downstream,210.74839476658047,38.76276920869909,0.183929131472777
moodys_mi_detail,Moody's MI (detail),2006,Moody's detailed,OEM,313.5363645451482,131.25732236667017,0.4186350841858075
moodys_mi_detail,Moody's MI (detail),2006,Moody's detailed,Upstream,225.88422115436887,63.7094324813529,0.28204463399775936
moodys_mi_detail,Moody's MI (detail),2007,Moody's detailed,Downstream,208.86002815928805,38.625380449509215,0.1849342872828275
moodys_mi_detail,Moody's MI (detail),2007,Moody's detailed,OEM,291.8422251570894,117.31773351722086,0.40199026530198795
moodys_mi_detail,Moody's MI (detail),2007,Moody's detailed,Upstream,217.4514802423334,61.13478957832228,0.2811422093342024
moodys_mi_detail,Moody's MI (detail),2008,Moody's detailed,Downstream,203.0178374540671,37.43438095902047,0.18438961535825651
moodys_mi_detail,Moody's MI (detail),2008,Moody's detailed,OEM,257.59732541884443,99.31206992930291,0.38553222463713427
moodys_mi_detail,Moody's MI (detail),2008,Moody's detailed,Upstream,207.6804998956248,58.12935622469339,0.27989799838650137
moodys_mi_detail,Moody's MI (detail),2009,Moody's detailed,Downstream,184.0524343187988,32.77997466067916,0.17810128283280777
moodys_mi_detail,Moody's MI (detail),2009,Moody's detailed,OEM,201.36782509054444,73.7135877146421,0.3660643783657941
moodys_mi_detail,Moody's MI (detail),2009,Moody's detailed,Upstream,162.79421374666856,44.917335321906506,0.2759148147108251
moodys_mi_detail,Moody's MI (detail),2010,Moody's detailed,Downstream,185.13609845009603,33.03337935456506,0.17842754401281335
moodys_mi_detail,Moody's MI (detail),2010,Moody's detailed,OEM,207.24902200551907,77.00930726376508,0.37157862806085673
moodys_mi_detail,Moody's MI (detail),2010,Moody's detailed,Upstream,170.8772762897532,47.571922898988674,0.2783981810332809
moodys_mi_detail,Moody's MI (detail),2011,Moody's detailed,Downstream,191.79527970285608,34.6651231049879,0.1807402307225379
moodys_mi_detail,Moody's MI (detail),2011,Moody's detailed,OEM,225.90818842880765,86.01977544617048,0.3807731629580953
moodys_mi_detail,Moody's MI (detail),2011,Moody's detailed,Upstream,188.79759035343437,52.895947433606956,0.280172788935411
moodys_mi_detail,Moody's MI (detail),2012,Moody's detailed,Downstream,197.55945909407126,36.159640217021675,0.1830316826277787
moodys_mi_detail,Moody's MI (detail),2012,Moody's detailed,OEM,241.74658162021683,93.8129063412387,0.3880630109120571
moodys_mi_detail,Moody's MI (detail),2012,Moody's detailed,Upstream,200.3891195263903,55.78257058718587,0.2783712544824051
moodys_mi_detail,Moody's MI (detail),2013,Moody's detailed,Downstream,203.7670808694625,37.28941938533816,0.1830002139021982
moodys_mi_detail,Moody's MI (detail),2013,Moody's detailed,OEM,255.78526787907495,99.74819280677218,0.3899684826802814
moodys_mi_detail,Moody's MI (detail),2013,Moody's detailed,Upstream,205.00139286052018,56.801624922386964,0.27707921458384394
moodys_mi_detail,Moody's MI (detail),2014,Moody's detailed,Downstream,212.68241810838182,38.81520102887071,0.1825031019211503
moodys_mi_detail,Moody's MI (detail),2014,Moody's detailed,OEM,269.3202399127304,106.29182912399165,0.39466706682882086
moodys_mi_detail,Moody's MI (detail),2014,Moody's detailed,Upstream,213.05546405221793,59.3581653135659,0.2786042854034373
moodys_mi_detail,Moody's MI (detail),2015,Moody's detailed,Downstream,220.05980681144754,39.83348889706357,0.18101210518281444
moodys_mi_detail,Moody's MI (detail),2015,Moody's detailed,OEM,279.53668408542563,111.22687864154615,0.39789725275397314
moodys_mi_detail,Moody's MI (detail),2015,Moody's detailed,Upstream,218.98470690448679,61.087035284933975,0.2789557140699233
moodys_mi_detail,Moody's MI (detail),2016,Moody's detailed,Downstream,222.94384470577043,40.32311262215331,0.18086667822280375
moodys_mi_detail,Moody's MI (detail),2016,Moody's detailed,OEM,288.98492234529533,116.46627888435091,0.403018530998619
moodys_mi_detail,Moody's MI (detail),2016,Moody's detailed,Upstream,220.30698113568775,61.25423971013159,0.27804039342904396
moodys_mi_detail,Moody's MI (detail),2017,Moody's detailed,Downstream,225.3678491690239,41.56201788785361,0.18441857630137143
moodys_mi_detail,Moody's MI (detail),2017,Moody's detailed,OEM,295.09885671558214,118.61694316014977,0.40195663405932275
moodys_mi_detail,Moody's MI (detail),2017,Moody's detailed,Upstream,222.8033083213349,61.76015583905993,0.2771958652875442
moodys_mi_detail,Moody's MI (detail),2018,Moody's detailed,Downstream,228.22610648695925,42.412344360120834,0.18583476278400368
moodys_mi_detail,Moody's MI (detail),2018,Moody's detailed,OEM,301.33308810955293,121.65941608775255,0.40373732885092906
moodys_mi_detail,Moody's MI (detail),2018,Moody's detailed,Upstream,228.01182600301118,63.34587842227903,0.2778183900928124
moodys_mi_detail,Moody's MI (detail),2019,Moody's detailed,Downstream,230.84787679683382,43.36352733743138,0.1878446011249003
moodys_mi_detail,Moody's MI (detail),2019,Moody's detailed,OEM,298.89731751578296,119.66519022041003,0.40035551745656345
moodys_mi_detail,Moody's MI (detail),2019,Moody's detailed,Upstream,226.5213435196519,63.22011816497453,0.27909122020322935
moodys_mi_detail,Moody's MI (detail),2020,Moody's detailed,Downstream,212.5871829985567,40.28368864984295,0.1894925558617353
moodys_mi_detail,Moody's MI (detail),2020,Moody's detailed,OEM,271.42833797125303,100.99299960261192,0.37207979224817744
moodys_mi_detail,Moody's MI (detail),2020,Moody's detailed,Upstream,198.30548665054408,54.91823827550801,0.27693756336800446
moodys_mi_detail,Moody's MI (detail),2021,Moody's detailed,Downstream,219.07718809555487,41.1372258992214,0.18777503151664782
moodys_mi_detail,Moody's MI (detail),2021,Moody's detailed,OEM,289.5649039396152,108.17823977241743,0.3735889201371466
moodys_mi_detail,Moody's MI (detail),2021,Moody's detailed,Upstream,202.59488601112673,56.28774022078832,0.277833963773878
moodys_mi_detail,Moody's MI (detail),2022,Moody's detailed,Downstream,228.38781697293027,43.21629807413416,0.18922330729776354
moodys_mi_detail,Moody's MI (detail),2022,Moody's detailed,OEM,299.4324234925866,110.62074778603593,0.369434767603832
moodys_mi_detail,Moody's MI (detail),2022,Moody's detailed,Upstream,207.2559050400095,57.855362996994174,0.2791494070377659
moodys_mi_detail,Moody's MI (detail),2023,Moody's detailed,Downstream,231.7368522053777,44.11986109959253,0.19038776387836293
moodys_mi_detail,Moody's MI (detail),2023,Moody's detailed,OEM,301.9654022877963,110.77115329073578,0.36683392352731303
moodys_mi_detail,Moody's MI (detail),2023,Moody's detailed,Upstream,210.88513664667494,59.08452073266702,0.2801739452679375
moodys_mi_detail,Moody's MI (detail),2024,Moody's detailed,Downstream,231.24288463953295,44.49428289629051,0.19241363022109537
moodys_mi_detail,Moody's MI (detail),2024,Moody's detailed,OEM,294.42962803950013,106.65020178990761,0.3622264596808838
moodys_mi_detail,Moody's MI (detail),2024,Moody's detailed,Upstream,206.92131274707498,57.7886134172877,0.27927820798200786
moodys_mi_detail,Moody's MI (detail),2025,Moody's detailed,Downstream,233.37685702038908,44.87469666248311,0.19228426175335206
moodys_mi_detail,Moody's MI (detail),2025,Moody's detailed,OEM,287.65272226245906,102.34616060919748,0.3557976430892775
moodys_mi_detail,Moody's MI (detail),2025,Moody's detailed,Upstream,202.31164044501253,56.446854076884755,0.2790094230501125
moodys_mi_detail,Moody's MI (detail),2026,Moody's detailed,Downstream,232.50212902562134,44.79399552357573,0.19266058212585016
moodys_mi_detail,Moody's MI (detail),2026,Moody's detailed,OEM,288.4468111310582,100.07724681766841,0.34695216918933963
moodys_mi_detail,Moody's MI (detail),2026,Moody's detailed,Upstream,201.22459932869543,55.99385000226354,0.27826543170698015
moodys_mi_detail,Moody's MI (detail),2027,Moody's detailed,Downstream,231.31063022930232,44.74175960273561,0.19342716570519183
moodys_mi_detail,Moody's MI (detail),2027,Moody's detailed,OEM,291.3004459496158,99.19435655913982,0.3405225015559941
moodys_mi_detail,Moody's MI (detail),2027,Moody's detailed,Upstream,199.88218155214028,55.43854659611506,0.27735612131916637
moodys_mi_detail,Moody's MI (detail),2028,Moody's detailed,Downstream,230.56111491110366,44.74252777172819,0.1940592965512825
moodys_mi_detail,Moody's MI (detail),2028,Moody's detailed,OEM,294.58836327656337,98.49716153939796,0.334355235365925
moodys_mi_detail,Moody's MI (detail),2028,Moody's detailed,Upstream,198.4978861622839,54.9030604686262,0.27659267073373095
moodys_mi_detail,Moody's MI (detail),2029,Moody's detailed,Downstream,230.0002743413251,44.71094399791599,0.19439517681428517
moodys_mi_detail,Moody's MI (detail),2029,Moody's detailed,OEM,297.52946845951504,97.67527969523641,0.3282877497847818
moodys_mi_detail,Moody's MI (detail),2029,Moody's detailed,Upstream,196.65891541050422,54.25912604486978,0.27590473552449796
moodys_mi_detail,Moody's MI (detail),2030,Moody's detailed,Downstream,229.73922382932582,44.665087101050645,0.194416462093702
moodys_mi_detail,Moody's MI (detail),2030,Moody's detailed,OEM,300.64929191358135,96.95531322345451,0.32248641800002426
moodys_mi_detail,Moody's MI (detail),2030,Moody's detailed,Upstream,194.9318014049898,53.657520537184354,0.2752630414865229
moodys_mi_detail,Moody's MI (detail),2031,Moody's detailed,Downstream,229.2043357326117,44.55618071884535,0.19439501690240407
moodys_mi_detail,Moody's MI (detail),2031,Moody's detailed,OEM,302.68577291468046,95.74384138577693,0.316314309932118
moodys_mi_detail,Moody's MI (detail),2031,Moody's detailed,Upstream,192.90797088950904,52.98017616627256,0.27463964252994894
moodys_mi_detail,Moody's MI (detail),2032,Moody's detailed,Downstream,227.8327081463214,44.30905777172232,0.19448067019097906
moodys_mi_detail,Moody's MI (detail),2032,Moody's detailed,OEM,302.9206963601931,93.82166746889007,0.3097235302712027
moodys_mi_detail,Moody's MI (detail),2032,Moody's detailed,Upstream,190.14918513190705,52.10146289416226,0.2740030826743713
moodys_mi_detail,Moody's MI (detail),2033,Moody's detailed,Downstream,225.76937876193804,43.925552771688196,0.19455939070464195
moodys_mi_detail,Moody's MI (detail),2033,Moody's detailed,OEM,301.96316464504764,91.49371394209305,0.3029962745609793
moodys_mi_detail,Moody's MI (detail),2033,Moody's detailed,Upstream,186.80192329266748,51.06062370491517,0.2733409956647885
moodys_mi_detail,Moody's MI (detail),2034,Moody's detailed,Downstream,223.4805463610933,43.494132230520464,0.19462155851473498
moodys_mi_detail,Moody's MI (detail),2034,Moody's detailed,OEM,300.56227340962505,89.0354803959042,0.2962297276563419
moodys_mi_detail,Moody's MI (detail),2034,Moody's detailed,Upstream,183.3104440694893,49.98353629509662,0.2726715138835672
moodys_mi_detail,Moody's MI (detail),2001,Moody's detailed,Upstream+Core,672.1303753715143,253.93506855821425,0.37780626774657194
moodys_mi_detail,Moody's MI (detail),2002,Moody's detailed,Upstream+Core,629.7463439943209,239.1260873769926,0.3797181034196668
moodys_mi_detail,Moody's MI (detail),2003,Moody's detailed,Upstream+Core,598.6933924556329,224.70034241406077,0.37531789267360677
moodys_mi_detail,Moody's MI (detail),2004,Moody's detailed,Upstream+Core,582.9444610009914,217.68241372636817,0.37341878736197126
moodys_mi_detail,Moody's MI (detail),2005,Moody's detailed,Upstream+Core,565.4279824434353,207.5376999322574,0.36704532916005655
moodys_mi_detail,Moody's MI (detail),2006,Moody's detailed,Upstream+Core,539.4205856995171,194.96675484802307,0.3614373644921086
moodys_mi_detail,Moody's MI (detail),2007,Moody's detailed,Upstream+Core,509.2937053994228,178.45252309554314,0.3503921631145795
moodys_mi_detail,Moody's MI (detail),2008,Moody's detailed,Upstream+Core,465.2778253144692,157.4414261539963,0.33838153805758037
moodys_mi_detail,Moody's MI (detail),2009,Moody's detailed,Upstream+Core,364.162038837213,118.63092303654861,0.3257641115349169
moodys_mi_detail,Moody's MI (detail),2010,Moody's detailed,Upstream+Core,378.12629829527225,124.58123016275376,0.329469890680469
moodys_mi_detail,Moody's MI (detail),2011,Moody's detailed,Upstream+Core,414.705778782242,138.91572287977743,0.33497416719799494
moodys_mi_detail,Moody's MI (detail),2012,Moody's detailed,Upstream+Core,442.1357011466071,149.59547692842457,0.33834742713712784
moodys_mi_detail,Moody's MI (detail),2013,Moody's detailed,Upstream+Core,460.78666073959516,156.54981772915914,0.33974468244780703
moodys_mi_detail,Moody's MI (detail),2014,Moody's detailed,Upstream+Core,482.37570396494834,165.64999443755755,0.34340451452255244
moodys_mi_detail,Moody's MI (detail),2015,Moody's detailed,Upstream+Core,498.52139098991245,172.31391392648013,0.3456499902327499
moodys_mi_detail,Moody's MI (detail),2016,Moody's detailed,Upstream+Core,509.2919034809831,177.7205185944825,0.3489561043082999
moodys_mi_detail,Moody's MI (detail),2017,Moody's detailed,Upstream+Core,517.902165036917,180.3770989992097,0.3482841184615478
moodys_mi_detail,Moody's MI (detail),2018,Moody's detailed,Upstream+Core,529.3449141125641,185.00529451003158,0.34949857753935193
moodys_mi_detail,Moody's MI (detail),2019,Moody's detailed,Upstream+Core,525.4186610354349,182.88530838538455,0.34807539577101265
moodys_mi_detail,Moody's MI (detail),2020,Moody's detailed,Upstream+Core,469.7338246217971,155.91123787811992,0.3319140110969244
moodys_mi_detail,Moody's MI (detail),2021,Moody's detailed,Upstream+Core,492.1597899507419,164.46597999320574,0.3341719160146472
moodys_mi_detail,Moody's MI (detail),2022,Moody's detailed,Upstream+Core,506.68832853259613,168.4761107830301,0.33250442391469404
moodys_mi_detail,Moody's MI (detail),2023,Moody's detailed,Upstream+Core,512.8505389344712,169.8556740234028,0.33119917232865753
moodys_mi_detail,Moody's MI (detail),2024,Moody's detailed,Upstream+Core,501.3509407865751,164.43881520719532,0.32799143639624057
moodys_mi_detail,Moody's MI (detail),2025,Moody's detailed,Upstream+Core,489.9643627074716,158.79301468608224,0.3240909477754978
moodys_mi_detail,Moody's MI (detail),2026,Moody's detailed,Upstream+Core,489.67141045975364,156.07109681993194,0.3187261773632984
moodys_mi_detail,Moody's MI (detail),2027,Moody's detailed,Upstream+Core,491.1826275017561,154.6329031552549,0.3148175332294342
moodys_mi_detail,Moody's MI (detail),2028,Moody's detailed,Upstream+Core,493.0862494388473,153.40022200802417,0.31110221017641443
moodys_mi_detail,Moody's MI (detail),2029,Moody's detailed,Upstream+Core,494.18838387001927,151.9344057401062,0.30744228456018863
moodys_mi_detail,Moody's MI (detail),2030,Moody's detailed,Upstream+Core,495.58109331857116,150.61283376063886,0.303911581356114
moodys_mi_detail,Moody's MI (detail),2031,Moody's detailed,Upstream+Core,495.5937438041895,148.72401755204947,0.30009260490344436
moodys_mi_detail,Moody's MI (detail),2032,Moody's detailed,Upstream+Core,493.0698814921002,145.92313036305234,0.29594817254192857
moodys_mi_detail,Moody's MI (detail),2033,Moody's detailed,Upstream+Core,488.7650879377151,142.55433764700823,0.29166227532432587
moodys_mi_detail,Moody's MI (detail),2034,Moody's detailed,Upstream+Core,483.8727174791144,139.01901669100081,0.28730492889796244
