naics6,naics6_title,weighted_auto_output,weighted_total_output,auto_share_of_output
111110,Soybean Farming,169.55606807124497,38532198.4,4.400373586554692e-06
111120,Oilseed (except Soybean) Farming,1356.4485445699597,308257587.2,4.400373586554692e-06
111130,Dry Pea and Bean Farming,1218.5855647005178,467403464.8258379,2.6071384925539276e-06
111140,Wheat Farming,203.097594116753,77900577.47097299,2.607138492553928e-06
111150,Corn Farming,406.195188233506,155801154.94194597,2.607138492553928e-06
111160,Rice Farming,203.097594116753,77900577.47097299,2.607138492553928e-06
111191,Oilseed and Grain Combination Farming,186.32683109399898,58216387.935486495,3.2005907219884595e-06
111199,All Other Grain Farming,1624.780752934024,623204619.7677839,2.607138492553928e-06
111211,Potato Farming,96.1247367541854,34149382.10631944,2.8148309229992552e-06
111219,Other Vegetable (except Potato) and Melon Farming,1288.0714725060843,457601720.22468054,2.814830922999255e-06
111310,Orange Groves,16.397664280846826,7545480.462819048,2.173176958266291e-06
111320,Citrus (except Orange) Groves,114.78364996592778,52818363.23973334,2.173176958266291e-06
111331,Apple Orchards,16.397664280846826,7545480.462819048,2.173176958266291e-06
111332,Grape Vineyards,32.79532856169365,15090960.925638096,2.173176958266291e-06
111333,Strawberry Farming,16.397664280846826,7545480.462819048,2.173176958266291e-06
111334,Berry (except Strawberry) Farming,196.7719713701619,90545765.55382858,2.173176958266291e-06
111335,Tree Nut Farming,1.1839970759785738,314581.1582914285,3.763725336918357e-06
111336,Fruit and Tree Nut Combination Farming,8.25803199422234,3788469.2893240955,2.1797806352801833e-06
111339,Other Noncitrus Fruit Farming,459.1345998637111,211273452.95893335,2.173176958266291e-06
111411,Mushroom Production,98.10661373264989,24609371.39473684,3.986555046815693e-06
111419,Other Food Crops Grown Under Cover,719.4485007060991,180468723.56140348,3.986555046815693e-06
111421,Nursery and Tree Production,588.6396823958994,147656228.36842105,3.986555046815693e-06
111422,Floriculture Production,457.8308640856995,114843733.17543858,3.986555046815693e-06
111930,Sugarcane Farming,245.3974471473538,183767070.6386,1.3353722530080339e-06
111940,Hay Farming,38.60951991417525,2018310.246699811,1.912962587258655e-05
111991,Sugar Beet Farming,122.6987235736769,91883535.3193,1.3353722530080339e-06
111992,Peanut Farming,7.72190398283505,403662.0493399622,1.912962587258655e-05
111998,All Other Miscellaneous Crop Farming,239.37902346788655,12513523.529538829,1.912962587258655e-05
112111,Beef Cattle Ranching and Farming,652.9087104937915,527030987.38714284,1.2388431157164242e-06
112112,Cattle Feedlots,362.72706138543975,292794992.99285716,1.2388431157164242e-06
112120,Dairy Cattle and Milk Production,4653.774018140649,1195329646.913,3.893297577081986e-06
112210,Hog and Pig Farming,69.03753465884135,50139161.14642697,1.3769184222532834e-06
112310,Chicken Egg Production,355.0361627875444,97217121.52693334,3.6519921307193203e-06
112320,Broilers and Other Meat Type Chicken Production,253.5972591339603,69440801.09066667,3.651992130719321e-06
112330,Turkey Production,152.15835548037617,41664480.654400006,3.6519921307193203e-06
112340,Poultry Hatcheries,253.5972591339603,69440801.09066667,3.651992130719321e-06
112390,Other Poultry Production,507.1945182679206,138881602.18133333,3.651992130719321e-06
112410,Sheep Farming,43.14845916177585,31336975.716516856,1.3769184222532834e-06
112420,Goat Farming,43.14845916177585,31336975.716516856,1.3769184222532834e-06
112511,Finfish Farming and Fish Hatcheries,112.1859938206172,81476136.86294383,1.3769184222532834e-06
112512,Shellfish Farming,94.92661015590686,68941346.57633708,1.3769184222532834e-06
112519,Other Aquaculture,69.03753465884135,50139161.14642697,1.3769184222532834e-06
112910,Apiculture,60.40784282648618,43871766.0031236,1.3769184222532834e-06
112920,Horses and Other Equine Production,43.14845916177585,31336975.716516856,1.3769184222532834e-06
112930,Fur-Bearing Animal and Rabbit Production,43.14845916177585,31336975.716516856,1.3769184222532834e-06
112990,All Other Animal Production,189.85322031181371,137882693.15267417,1.3769184222532834e-06
113110,Timber Tract Operations,0.0,774697.298408,0.0
113210,Forest Nurseries and Gathering of Forest Products,0.0,18592735.161792003,0.0
113310,Logging,0.0,150816218.7,0.0
114111,Finfish Fishing,0.0,14908786.850714287,0.0
114112,Shellfish Fishing,0.0,5100374.448928571,0.0
114119,Other Marine Fishing,0.0,1961682.4803571429,0.0
114210,Hunting and Trapping,0.0,39935111.14,0.0
115111,Cotton Ginning,0.0,7605788.721481482,0.0
115112,"Soil Preparation, Planting, and Cultivating",0.0,110283936.46148148,0.0
115113,"Crop Harvesting, Primarily by Machine",0.0,49437626.68962963,0.0
115114,Postharvest Crop Activities (except Cotton Ginning),0.0,159721563.15111113,0.0
115115,Farm Labor Contractors and Crew Leaders,0.0,15211577.442962963,0.0
115116,Farm Management Services,0.0,7605788.721481482,0.0
115210,Support Activities for Animal Production,0.0,114086830.82222222,0.0
115310,Support Activities for Forestry,0.0,49437626.68962963,0.0
211120,Crude Petroleum Extraction,214439.8611857531,524040889.99889797,0.00040920444430625263
211130,Natural Gas Extraction,536099.6529643828,1310102224.9972448,0.0004092044443062527
212210,Iron Ore Mining,2065524.7057788072,78413989.34,0.026341278171969705
212230,"Copper, Nickel, Lead, and Zinc Mining",293773.1990467179,150688758.479,0.001949536262770777
212290,Other Metal Ore Mining,51621.24655165905,23954563.590000004,0.002154965017739196
212311,Dimension Stone Mining and Quarrying,70301.28677153187,137631164.6125385,0.0005107948259352829
212312,Crushed and Broken Limestone Mining and Quarrying,35150.643385765936,68815582.30626924,0.0005107948259352829
212313,Crushed and Broken Granite Mining and Quarrying,16403.633580024103,32113938.40959231,0.000510794825935283
212319,Other Crushed and Broken Stone Mining and Quarrying,60927.78186866095,119280342.66420001,0.000510794825935283
212321,Construction Sand and Gravel Mining,9298.677188200614,60082076.03895566,0.00015476624313333636
212322,Industrial Sand Mining,18597.35437640123,120164152.07791132,0.00015476624313333636
212323,"Kaolin, Clay, and Ceramic and Refractory Minerals Mining",27744.442136238507,137102292.988003,0.00020236307892141717
212390,Other Nonmetallic Mineral Mining and Quarrying,150416.379165004,41039349.440675,0.0036651745511327
213111,Drilling Oil and Gas Wells,333.40488992186636,42004181.948307,7.937421334194188e-06
213112,Support Activities for Oil and Gas Operations,276.54171806088084,287787880.56346,9.609220427192408e-07
213113,Support Activities for Coal Mining,0.0,6473282.4697560975,0.0
213114,Support Activities for Metal Mining,1869626.9020828195,33462036.558000002,0.05587307571199921
213115,Support Activities for Nonmetallic Minerals (except Fuels) Mining,0.0,3734586.0402439022,0.0
221111,Hydroelectric Power Generation,0.0,173783460.89999998,0.0
221112,Fossil Fuel Electric Power Generation,0.0,3808107184.0,0.0
221113,Nuclear Electric Power Generation,0.0,3162915291.0,0.0
221114,Solar Electric Power Generation,0.0,55229614.339999996,0.0
221115,Wind Electric Power Generation,0.0,108849171.2,0.0
221117,Biomass Electric Power Generation,0.0,94070985.63999999,0.0
221118,Other Electric Power Generation,0.0,3320767.742,0.0
221121,Electric Bulk Power Transmission and Control,210335456.17997617,6367559700.0,0.033032349297011876
221122,Electric Power Distribution,210335456.17997617,6367559700.0,0.033032349297011876
221210,Natural Gas Distribution,28393396.457005925,1731295479.237,0.016400086985451607
221310,Water Supply and Irrigation Systems,723909.2586410674,55025427.33035714,0.013155904347546826
221320,Sewage Treatment Facilities,361954.6293205337,27512713.66517857,0.013155904347546826
221330,Steam and Air-Conditioning Supply,941082.0362333877,71533055.52946429,0.013155904347546824
311111,Dog and Cat Food Manufacturing,0.0,21033283.782899998,0.0
311119,Other Animal Food Manufacturing,95.01622860576953,488529096.214967,1.944945128999228e-07
311211,Flour Milling,0.0,446764376.7054,0.0
311224,Soybean and Other Oilseed Processing,13541.118543953009,118982078.66103499,0.00011380805156825304
311225,Fats and Oils Refining and Blending,0.0,74903481.4716,0.0
311230,Breakfast Cereal Manufacturing,0.0,260817544.615027,0.0
311313,Beet Sugar Manufacturing,1103.5955973132632,131525282.03048,8.3907487615766e-06
311314,Cane Sugar Manufacturing,9.720731530363976,928845.6474967,1.0465389547296674e-05
311340,Nonchocolate Confectionery Manufacturing,0.0,31208089.0273121,0.0
311351,Chocolate and Confectionery Manufacturing from Cacao Beans,0.0,7909036.4042793,0.0
311352,Confectionery Manufacturing from Purchased Chocolate,0.0,22006209.297073,0.0
311411,"Frozen Fruit, Juice, and Vegetable Manufacturing",1184.8613918827089,481824943.41699994,2.4591117750773218e-06
311412,Frozen Specialty Food Manufacturing,1075.5427535665287,171531531.63059,6.2702334861838445e-06
311421,Fruit and Vegetable Canning,260.1711341270473,155306394.64562,1.6752119880234742e-06
311422,Specialty Canning,93.18458682263568,108295728.55745299,8.604641019908688e-07
311423,Dried and Dehydrated Food Manufacturing,14.086073579389621,7934309.166848,1.7753371192347277e-06
311511,Fluid Milk Manufacturing,0.0,304405773.554962,0.0
311512,Creamery Butter Manufacturing,0.0,88228186.80048199,0.0
311513,Cheese Manufacturing,0.0,125229284.48729602,0.0
311514,"Dry, Condensed, and Evaporated Dairy Product Manufacturing",0.0,356107363.4631,0.0
311520,Ice Cream and Frozen Dessert Manufacturing,0.0,142691040.2013319,0.0
311611,Animal (except Poultry) Slaughtering,0.0,322248862.1218,0.0
311612,Meat Processed from Carcasses,0.0,891025162.1033599,0.0
311613,Rendering and Meat Byproduct Processing,185774.9436074665,2822465.8435656996,0.06582008566409145
311615,Poultry Processing,0.0,159576199.6197725,0.0
311710,Seafood Product Preparation and Packaging,0.0,30372343.517969996,0.0
311811,Retail Bakeries,88.34257818940576,28427868.54614227,3.107604710005389e-06
311812,Commercial Bakeries,1855.194141977521,596985239.4689877,3.1076047100053884e-06
311813,"Frozen Cakes, Pies, and Other Pastries Manufacturing",81.3565304465952,16003622.972474001,5.083632036728636e-06
311821,Cookie and Cracker Manufacturing,0.0,89119218.29684998,0.0
311824,"Dry Pasta, Dough, and Flour Mixes Manufacturing from Purchased Flour",0.0,123896955.29810798,0.0
311830,Tortilla Manufacturing,0.0,32907677.582068,0.0
311911,Roasted Nuts and Peanut Butter Manufacturing,0.0,134375383.79514897,0.0
311919,Other Snack Food Manufacturing,0.0,202827611.13008866,0.0
311920,Coffee and Tea Manufacturing,0.0,98496649.595554,0.0
311930,Flavoring Syrup and Concentrate Manufacturing,0.0,13197402.1362694,0.0
311941,"Mayonnaise, Dressing, and Other Prepared Sauce Manufacturing",0.0,14876089.909406798,0.0
311942,Spice and Extract Manufacturing,0.0,82944233.1891707,0.0
311991,Perishable Prepared Food Manufacturing,225.99596519930702,37606830.84127343,6.009439246640184e-06
311999,All Other Miscellaneous Food Manufacturing,465.2858107044556,77425828.20262177,6.009439246640183e-06
312111,Soft Drink Manufacturing,0.0,1090017849.186082,0.0
312112,Bottled Water Manufacturing,0.0,242226188.70801818,0.0
312113,Ice Manufacturing,0.0,34886493.88,0.0
312120,Breweries,0.0,372655922.743208,0.0
312130,Wineries,0.0,169281936.9289385,0.0
312140,Distilleries,47.89164430401997,20070028.375826005,2.38622703502027e-06
312230,Tobacco Manufacturing,12.132334331749561,74567341.6720201,1.6270305551608496e-07
313110,"Fiber, Yarn, and Thread Mills",418721.825769698,1500197.87206,0.2791110649921995
313210,Broadwoven Fabric Mills,78467.97377897531,1138069.13953633,0.06894833631192616
313220,Narrow Fabric Mills and Schiffli Machine Embroidery,3392.8438968553214,106674.84944133599,0.03180547162357288
313230,Nonwoven Fabric Mills,61441.14152896393,580729.61226887,0.10579991140613218
313240,Knit Fabric Mills,40734.91937952115,217469.46750320002,0.18731328055935825
313310,Textile and Fabric Finishing Mills,1432603.3911974747,5732942.3141942,0.2498897272436337
313320,Fabric Coating Mills,216599.1518548612,2423129.6166814994,0.08938818227623166
314110,Carpet and Rug Mills,82874554.80868433,170694097.63168576,0.4855150585669719
314120,Curtain and Linen Mills,5321.236919263308,1071234.7818131,0.0049673862439912
314910,Textile Bag and Canvas Mills,48386.54004470348,10626234.2992492,0.004553498321425328
314994,"Rope, Cordage, Twine, Tire Cord, and Tire Fabric Mills",289.0589467131513,961456.97676378,0.00030064678264243335
314999,All Other Miscellaneous Textile Product Mills,5217767.891763004,14016385.6381901,0.37226201008241955
315120,Apparel Knitting Mills,2064.1122469764186,157480.45601532998,0.013107101028304662
315210,Cut and Sew Apparel Contractors,1218.1984126195848,5073332.937449001,0.00024011797129011713
315250,Cut and Sew Apparel Manufacturing (except Contractors),12445.438635157416,30712859.170507997,0.00040521914830736895
315990,Apparel Accessories and Other Apparel Manufacturing,111840.6715809163,3777758.4188219993,0.029605035362687656
316110,Leather and Hide Tanning and Finishing,1860637.6686171237,7720906.909895899,0.24098693201861318
316210,Footwear Manufacturing,5171.170727425638,1762288.8439850002,0.0029343491250459577
316990,Other Leather and Allied Product Manufacturing,116906.36149371183,620753.7379889,0.18832969394990945
321113,Sawmills,34604430.00666692,729658839.632487,0.04742549274685194
321114,Wood Preservation,6515489.793910486,90333296.68580161,0.07212722255197597
321211,Hardwood Veneer and Plywood Manufacturing,18540877.446849525,115983604.40783824,0.1598577449072321
321212,Softwood Veneer and Plywood Manufacturing,16480779.952755135,103096537.25141177,0.15985774490723212
321215,Engineered Wood Member Manufacturing,21479617.295338277,108724414.261258,0.1975602024741572
321219,Reconstituted Wood Product Manufacturing,42687342.828145094,292971038.39086,0.14570499207909704
321911,Wood Window and Door Manufacturing,34572964.06447837,234681888.62753803,0.14731841586356448
321912,"Cut Stock, Resawing Lumber, and Planing",25562717.08603879,131562604.9264926,0.19430078250823124
321918,Other Millwork (including Flooring),18757209.44152154,171093677.768239,0.10963122475472054
321920,Wood Container and Pallet Manufacturing,91623326.96277744,380760906.875628,0.2406321796914549
321991,Manufactured Home (Mobile Home) Manufacturing,0.0,105331914.73965898,0.0
321992,Prefabricated Wood Building Manufacturing,1220617.8108259807,133953549.35982999,0.009112246869600453
321999,All Other Miscellaneous Wood Product Manufacturing,5606849.198572823,165550648.24199393,0.03386787824821442
322110,Pulp Mills,38261.57498544991,1658643.6660489999,0.023067989688581838
322120,Paper Mills,3166899.78341275,409256754.60602504,0.007738173524982859
322130,Paperboard Mills,4056274.231653599,103014053.0672016,0.039375930864573146
322211,Corrugated and Solid Fiber Box Manufacturing,137380867.56897932,513377442.69688225,0.2676020723608113
322212,Folding Paperboard Box Manufacturing,87424188.45298685,326694736.26165235,0.2676020723608113
322219,Other Paperboard Container Manufacturing,274761735.13795865,1026754885.3937645,0.2676020723608113
322220,Paper Bag and Coated and Treated Paper Manufacturing,1717376.4022729374,29115739.01682964,0.05898446889087205
322230,Stationery Product Manufacturing,723.4313131209906,36055225.147508,2.0064534617695802e-05
322291,Sanitary Paper Product Manufacturing,24500.739134625743,4850940.100250806,0.005050719783853648
322299,All Other Converted Paper Product Manufacturing,199017.35076261614,47927702.12674,0.004152449250254784
323111,Commercial Printing (except Screen and Books),4087638.0645077145,585332467.0096451,0.006983446664748837
323113,Commercial Screen Printing,2005256.4090037844,287144229.0990712,0.006983446664748836
323117,Books Printing,1118316.0742521107,160138127.7667897,0.006983446664748837
323120,Support Activites for Printing,31800.394192520012,32262631.569546,0.0009856726697563534
324110,Petroleum Refineries,11229436.552232571,3761258871.2018714,0.0029855526930653194
324121,Asphalt Paving Mixture and Block Manufacturing,7552069.353248977,214709456.07873696,0.03517343619220724
324122,Asphalt Shingle and Coating Materials Manufacturing,60219.57818239996,154792037.715848,0.0003890353733371295
324191,Petroleum Lubricating Oil and Grease Manufacturing,14503367.255127225,441448574.47040004,0.0328540357674203
324199,All Other Petroleum and Coal Products Manufacturing,8862064.428230263,195986231.40052998,0.04521779088715259
325110,Petrochemical Manufacturing,2284884.9359914428,441414169.1368999,0.005176283626008412
325120,Industrial Gas Manufacturing,8149774.624728111,626943018.118657,0.012999227025741694
325130,Synthetic Dye and Pigment Manufacturing,370195.3751916412,33917891.783072,0.010914457111877487
325180,Other Basic Inorganic Chemical Manufacturing,2641793.8162559704,182840062.03273588,0.014448659592901368
325193,Ethyl Alcohol Manufacturing,57544.107600454096,3261912.958925502,0.017641214932788873
325194,"Cyclic Crude, Intermediate, and Gum and Wood Chemical Manufacturing",1438602.6900113523,81547823.97313754,0.017641214932788873
325199,All Other Basic Organic Chemical Manufacturing,2258606.2233178234,128030083.63782595,0.017641214932788873
325211,Plastics Material and Resin Manufacturing,62112837.07618297,710223544.9518402,0.08745533363075819
325212,Synthetic Rubber Manufacturing,104987.37335566327,4440101.5284858,0.023645264118874083
325220,Artificial and Synthetic Fibers and Filaments Manufacturing,1269795.536521702,2596598.0755650997,0.4890227519117896
325311,Nitrogenous Fertilizer Manufacturing,77650.39093240963,13892783.1465207,0.0055892609935293165
325312,Phosphatic Fertilizer Manufacturing,3109.275452738339,514693.33251608,0.006041025318005648
325314,Fertilizer (Mixing Only) Manufacturing,67635.42985469261,11767258.00005675,0.005747764675030192
325315,Compost Manufacturing,22545.14328489754,3922419.3333522496,0.005747764675030193
325320,Pesticide and Other Agricultural Chemical Manufacturing,318.06194208377514,360109300.759211,8.83237232177041e-07
325411,Medicinal and Botanical Manufacturing,16971.270215487195,26904723.069965,0.0006307914848762378
325412,Pharmaceutical Preparation Manufacturing,45423.15735366689,309033845.95489997,0.00014698440946916828
325413,In-Vitro Diagnostic Substance Manufacturing,0.0,669730.9175806,0.0
325414,Biological Product (except Diagnostic) Manufacturing,0.0,6319802.587738,0.0
325510,Paint and Coating Manufacturing,337462067.28510803,676870805.2655321,0.4985620071953374
325520,Adhesive Manufacturing,143791312.89768288,257584212.9574099,0.5582303016429736
325611,Soap and Other Detergent Manufacturing,1060192.8302241724,261414082.358104,0.0040556071832880194
325612,Polish and Other Sanitation Good Manufacturing,131386.4681819883,37904766.7073755,0.0034662254801959558
325613,Surface Active Agent Manufacturing,64361.47963422545,2179495.6066685,0.0295304470618347
325620,Toilet Preparation Manufacturing,1842.1461347871214,7450928.55573842,0.0002472371223273066
325910,Printing Ink Manufacturing,18201.486240336635,3379791.445799,0.005385387392160142
325991,Custom Compounding of Purchased Resins,25118997.336008586,208045354.17462,0.12073808346100005
325992,"Photographic Film, Paper, Plate, Chemical, and Copy Toner Manufacturing",68913.38559434091,5484719.794911,0.01256461372161295
325998,All Other Miscellaneous Chemical Product and Preparation Manufacturing,3922719.4099220424,117364215.22724278,0.03342347070891072
326111,Plastics Bag and Pouch Manufacturing,21239341.741349857,84046174.6338222,0.2527103920420744
326112,Plastics Packaging Film and Sheet (including Laminated) Manufacturing,10619670.870674929,42023087.3169111,0.2527103920420744
326113,Unlaminated Plastics Film and Sheet (except Packaging) Manufacturing,38938793.19247474,154084653.4953407,0.2527103920420744
326121,Unlaminated Plastics Profile Shape Manufacturing,22749828.41305777,108294482.84900352,0.21007375273935391
326122,Plastics Pipe and Pipe Fitting Manufacturing,16966158.139638375,165085599.16865,0.10277188455611987
326130,"Laminated Plastics Plate, Sheet (except Packaging), and Shape Manufacturing",16249480.330157198,107316602.27234,0.15141627656940246
326140,Polystyrene Foam Product Manufacturing,32524991.767987162,273957912.584632,0.1187225857473251
326150,Urethane and Other Foam Product (except Polystyrene) Manufacturing,134614127.70053354,329916000.25571007,0.40802545980248706
326160,Plastics Bottle Manufacturing,276460.6679276369,67035439.38347,0.004124097200977073
326191,Plastics Plumbing Fixture Manufacturing,46645614.088508196,188904695.70444855,0.2469267051015383
326199,All Other Plastics Product Manufacturing,322632164.1121817,1306590811.955769,0.24692670510153833
326211,Tire Manufacturing (except Retreading),25555413.0500305,48787159.775506,0.5238143226132382
326212,Tire Retreading,12777706.52501525,24393579.887753,0.5238143226132382
326220,Rubber and Plastics Hoses and Belting Manufacturing,73586328.71447785,108136002.860899,0.6804979541285228
326291,Rubber Product Manufacturing for Mechanical Use,6274861.412794182,13049193.932325834,0.48086199387763845
326299,All Other Rubber Product Manufacturing,83664818.83725576,173989252.43101114,0.4808619938776384
327110,"Pottery, Ceramics, and Plumbing Fixture Manufacturing",204845.7979242759,2193418.7681438997,0.09339110292086136
327120,Clay Building Material and Refractories Manufacturing,7745284.760386529,67342593.915526,0.11501316343861288
327211,Flat Glass Manufacturing,24234038.221484765,69395326.60639,0.3492171505862366
327212,Other Pressed and Blown Glass and Glassware Manufacturing,507749.61725203315,1138589.3703884901,0.44594621244249577
327213,Glass Container Manufacturing,10.877850877601071,689174.812962865,1.578387757793349e-05
327215,Glass Product Manufacturing Made of Purchased Glass,170494984.65096185,268510597.757285,0.6349655696088298
327310,Cement Manufacturing,6330548.165327537,285045953.8345,0.022208868711053882
327320,Ready-Mix Concrete Manufacturing,9266802.819381516,1270193546.290103,0.007295583296299512
327331,Concrete Block and Brick Manufacturing,28867322.041939847,201618507.39202803,0.14317793745893614
327332,Concrete Pipe Manufacturing,767567.0089435829,97363598.14617999,0.00788351112282407
327390,Other Concrete Product Manufacturing,25150479.169509947,266642917.045731,0.09432269736681764
327410,Lime Manufacturing,2434.619640418292,20461036.774923,0.00011898808780805067
327420,Gypsum Product Manufacturing,13029283.545794107,127298212.72592002,0.10235244680023013
327910,Abrasive Product Manufacturing,24519199.747659244,123076144.63375801,0.19921975798496033
327991,Cut Stone and Stone Product Manufacturing,9266.658822451123,133586278.01604998,6.936834351607403e-05
327992,Ground or Treated Mineral and Earth Manufacturing,24014642.653814282,222361935.624,0.10799799249104183
327993,Mineral Wool Manufacturing,77313670.23067513,193002099.0987,0.40058460810386026
327999,All Other Miscellaneous Nonmetallic Mineral Product Manufacturing,36658051.82049787,98875345.66236,0.3707501761427764
331110,Iron and Steel Mills and Ferroalloy Manufacturing,874422852.952547,2104222901.7247117,0.4155561904757487
331210,Iron and Steel Pipe and Tube Manufacturing from Purchased Steel,109230371.65371177,263739238.39482656,0.4141604879065822
331221,Rolled Steel Shape Manufacturing,136811496.47028062,319654493.1565168,0.4279980397562932
331222,Steel Wire Drawing,2171400.51790252,34323834.7700756,0.0632621772144062
331313,Alumina Refining and Primary Aluminum Production,12635417.746792406,54541659.77069999,0.231665442524362
331314,Secondary Smelting and Alloying of Aluminum,1178618.76528672,5063271.885256001,0.23277809132051547
331315,"Aluminum Sheet, Plate, and Foil Manufacturing",4632637.532376714,12661372.839248002,0.3658874587451025
331318,"Other Aluminum Rolling, Drawing, and Extruding",43773087.917945646,121698942.52626,0.35968338762270147
331410,Nonferrous Metal (except Aluminum) Smelting and Refining,1440077.386317934,6044049.3648962,0.23826367049248376
331420,"Copper Rolling, Drawing, Extruding, and Alloying",13314493.517597022,30062752.549653996,0.4428900346236015
331491,"Nonferrous Metal (except Copper and Aluminum) Rolling, Drawing, and Extruding",1925426.029723453,14922456.0242182,0.1290287621956204
331492,"Secondary Smelting, Refining, and Alloying of Nonferrous Metal (except Copper and Aluminum)",24508318.59911582,89427458.78,0.2740580905850025
331511,Iron Foundries,140120834.90864685,232060239.95233157,0.6038123331141502
331512,Steel Investment Foundries,20758642.208688423,34379294.807752825,0.6038123331141502
331513,Steel Foundries (except Investment),41517284.417376846,68758589.61550565,0.6038123331141502
331523,Nonferrous Metal Die-Casting Foundries,150954485.12084866,210821832.6225423,0.7160287112726091
331524,Aluminum Foundries (except Die-Casting),58704521.991441146,81986268.24209978,0.7160287112726091
331529,Other Nonferrous Metal Foundries (except Die-Casting),159340845.40534025,222534156.65712798,0.7160287112726091
332111,Iron and Steel Forging,63248706.383586586,212992248.587905,0.2969530900908956
332112,Nonferrous Forging,28626712.60349006,104581250.38161883,0.2737270065048054
332114,Custom Roll Forming,218294648.67368293,364480912.24988997,0.59891928860192
332117,Powder Metallurgy Part Manufacturing,4424532.303700903,15411005.173347218,0.287102123056384
332119,"Metal Crown, Closure, and Other Metal Stamping (except Automotive)",77978373.11850938,302847426.11244696,0.25748402130898773
332215,"Metal Kitchen Cookware, Utensil, Cutlery, and Flatware (except Precious) Manufacturing",523568.3600462759,5314297.6769332,0.0985207061920587
332216,Saw Blade and Handtool Manufacturing,1569680.87172918,17588233.641079098,0.08924607801792168
332311,Prefabricated Metal Building and Component Manufacturing,189133.2345331416,58984133.43125661,0.0032065103533913575
332312,Fabricated Structural Metal Manufacturing,7726650.943465566,304241061.33942795,0.025396476430396397
332313,Plate Work Manufacturing,122803690.27846113,243444285.60768798,0.5044426899235583
332321,Metal Window and Door Manufacturing,1600364.5390464205,130225983.81845959,0.012289133797425519
332322,Sheet Metal Work Manufacturing,74814490.34155747,385986037.0037162,0.19382693457597064
332323,Ornamental and Architectural Metal Work Manufacturing,518613.337818018,54320450.8171458,0.009547294435456379
332410,Power Boiler and Heat Exchanger Manufacturing,9324.096561286142,1103169.0183174997,0.008452101542433458
332420,Metal Tank (Heavy Gauge) Manufacturing,167779.6301547425,7267920.887029,0.02308495548626258
332431,Metal Can Manufacturing,251519.92697177583,3579792.01949205,0.07026104466467438
332439,Other Metal Container Manufacturing,7063884.285067742,40995973.2067197,0.17230678363088334
332510,Hardware Manufacturing,17735244.62991656,70134980.830394,0.2528730231324272
332613,Spring Manufacturing,32230670.5545252,80170244.76736659,0.4020278427245708
332618,Other Fabricated Wire Product Manufacturing,81344073.30427788,202334427.27002046,0.40202784272457076
332710,Machine Shops,385017100.39440525,1186259922.615519,0.3245638607983167
332721,Precision Turned Product Manufacturing,17317994.86369108,36494474.876188524,0.4745374449815832
332722,"Bolt, Nut, Screw, Rivet, and Washer Manufacturing",311723907.54643947,656900547.7713934,0.4745374449815832
332811,Metal Heat Treating,32047985.845376574,175695061.3432269,0.1824068679014809
332812,"Metal Coating, Engraving (except Jewelry and Silverware), and Allied Services to Manufacturers",107088216.51474246,429959887.67721,0.24906559794047195
332813,"Electroplating, Plating, Polishing, Anodizing, and Coloring",48918340.90885979,193377477.3840268,0.2529681407091336
332911,Industrial Valve Manufacturing,34618200.45626844,130378911.34971565,0.26551993798607476
332912,Fluid Power Valve and Hose Fitting Manufacturing,20293427.8536746,76429016.99810918,0.26551993798607476
332913,Plumbing Fixture Fitting and Trim Manufacturing,1264643.4682526113,29381027.9892342,0.04304285979088281
332919,Other Metal Valve and Pipe Fitting Manufacturing,20293427.8536746,76429016.99810918,0.26551993798607476
332991,Ball and Roller Bearing Manufacturing,26188567.040544562,55151371.099020004,0.47484888441893897
332992,Small Arms Ammunition Manufacturing,300.7156920556855,395550.72522118996,0.0007602455838945228
332994,"Small Arms, Ordnance, and Ordnance Accessories Manufacturing",6775.886898815249,555263.4331431,0.012203013010347104
332996,Fabricated Pipe and Pipe Fitting Manufacturing,2042059.3885165388,152329433.849664,0.013405547023380099
332999,All Other Miscellaneous Fabricated Metal Product Manufacturing,19248592.660040367,252785353.66396898,0.07614599651856327
333111,Farm Machinery and Equipment Manufacturing,316522.3821894237,298906529.9997059,0.0010589343169911181
333112,Lawn and Garden Tractor and Home Lawn and Garden Equipment Manufacturing,9500.782010115969,13823586.611868998,0.000687287769583514
333120,Construction Machinery Manufacturing,13092.382441974536,451920168.7462376,2.8970564598381924e-05
333131,Mining Machinery and Equipment Manufacturing,52751.02660893998,48421094.8257378,0.0010894224262955048
333241,Food Product Machinery Manufacturing,884.3804645522314,5877244.72402,0.0001504753513049769
333242,Semiconductor Machinery Manufacturing,110.0744486540135,3272862.6626858693,3.363246796420143e-05
333243,"Sawmill, Woodworking, and Paper Machinery Manufacturing",740.2358988413027,4279555.807921,0.0001729702642202271
333248,All Other Industrial Machinery Manufacturing,1060507.714036202,278574601.678657,0.0038069074052182444
333310,Commercial and Service Industry Machinery Manufacturing,79216.1386707877,14940843.498839002,0.005301985706291836
333413,Industrial and Commercial Fan and Blower and Air Purification Equipment Manufacturing,659873.6046321213,29839520.715132996,0.02211408188930692
333414,Heating Equipment (except Warm Air Furnaces) Manufacturing,11532.294284675285,9801531.012785401,0.0011765809106385754
333415,Air-Conditioning and Warm Air Heating Equipment and Commercial and Industrial Refrigeration Equipment Manufacturing,38516256.41540443,196924377.458149,0.1955890728845393
333511,Industrial Mold Manufacturing,2770313.724996513,175038064.32572,0.015826921622267075
333514,"Special Die and Tool, Die Set, Jig, and Fixture Manufacturing",60150961.27047655,420211343.49026996,0.14314454429255394
333515,Cutting Tool and Machine Tool Accessory Manufacturing,14878777.907505533,183539756.845455,0.0810656947749682
333517,Machine Tool Manufacturing,9337649.213018056,234056659.48013002,0.03989482390186281
333519,Rolling Mill and Other Metalworking Machinery Manufacturing,4918050.849936492,165636479.243612,0.029691834023489506
333611,Turbine and Turbine Generator Set Units Manufacturing,78355.19985343106,522539.6488731,0.1499507262700745
333612,"Speed Changer, Industrial High-Speed Drive, and Gear Manufacturing",13169519.728689121,17345018.19017,0.7592681416818995
333613,Mechanical Power Transmission Equipment Manufacturing,7013462.726926034,12908706.5220445,0.5433125863500715
333618,Other Engine Equipment Manufacturing,173664853.95900777,239708357.823403,0.7244839334594644
333912,Air and Gas Compressor Manufacturing,169862.9525386925,9370248.459035,0.018127902721182053
333914,"Measuring, Dispensing, and Other Pumping Equipment Manufacturing",60057.402774986505,17685408.210512497,0.0033958731435606558
333921,Elevator and Moving Stairway Manufacturing,4358.069210290391,665170.6969741299,0.006551805769729942
333922,Conveyor and Conveying Equipment Manufacturing,615996.2947764342,60566967.05046999,0.010170499279964428
333923,"Overhead Traveling Crane, Hoist, and Monorail System Manufacturing",510776.2676427886,17530427.850977,0.029136554565855743
333924,"Industrial Truck, Tractor, Trailer, and Stacker Machinery Manufacturing",278653.47710488166,7165157.6491747005,0.038890069241809024
333991,Power-Driven Handtool Manufacturing,156961.8217222965,4489843.505128001,0.03495930794537162
333992,Welding and Soldering Equipment Manufacturing,827050.5469789687,22778750.719063003,0.036307985331558566
333993,Packaging Machinery Manufacturing,232041.84625137656,17821991.657221,0.013019972779381215
333994,Industrial Process Furnace and Oven Manufacturing,74791.90061878403,8403383.502002,0.00890021270610413
333995,Fluid Power Cylinder and Actuator Manufacturing,33195431.953447007,45265691.7725669,0.7333463966536566
333996,Fluid Power Pump and Motor Manufacturing,21633220.073391676,30465130.535911802,0.7100977311714055
333998,All Other Miscellaneous General Purpose Machinery Manufacturing,3584660.09569721,37763207.805314004,0.09492467149977603
334111,Electronic Computer Manufacturing,203274.42102391698,5889405.2680797,0.03451527136800295
334112,Computer Storage Device Manufacturing,1353.0284924882149,1869817.8314828998,0.0007236151403129823
334118,Computer Terminal and Other Computer Peripheral Equipment Manufacturing,96405.17071839831,1872435.2654181,0.051486517317260526
334210,Telephone Apparatus Manufacturing,365.11130981614633,506846.59869546,0.0007203586070339289
334220,Radio and Television Broadcasting and Wireless Communications Equipment Manufacturing,1094.426614111752,1187997.02801221,0.0009212368282965972
334290,Other Communications Equipment Manufacturing,16749.843970276142,4238057.471632999,0.00395224559421138
334310,Audio and Video Equipment Manufacturing,1539567.2256812975,4803904.2316459995,0.32048249745265706
334412,Bare Printed Circuit Board Manufacturing,5501069.538769107,11846945.776165,0.4643449579921915
334413,Semiconductor and Related Device Manufacturing,5846355.4801046625,17330801.0402409,0.33733902238735747
334416,"Capacitor, Resistor, Coil, Transformer, and Other Inductor Manufacturing",223544.64640194396,1096840.928546,0.20380771776841003
334417,Electronic Connector Manufacturing,58141.22791529521,659696.3515196999,0.08813331736845144
334418,Printed Circuit Assembly (Electronic Assembly) Manufacturing,19543566.662205055,141723244.83103,0.13789951454686164
334419,Other Electronic Component Manufacturing,12840322.499242725,24126975.7803948,0.5321977613819536
334510,Electromedical and Electrotherapeutic Apparatus Manufacturing,959.6720259091614,4111821.0951442304,0.0002333934292623933
334511,"Search, Detection, Navigation, Guidance, Aeronautical, and Nautical System and Instrument Manufacturing",22601.965241768394,20304406.5581236,0.0011131556678136729
334512,"Automatic Environmental Control Manufacturing for Residential, Commercial, and Appliance Use",279875.47738543455,6000881.385093,0.046639061735278264
334513,"Instruments and Related Products Manufacturing for Measuring, Displaying, and Controlling Industrial Process Variables",58608.987429309,11283639.818794,0.005194156173940436
334514,Totalizing Fluid Meter and Counting Device Manufacturing,1466935.989059974,3450389.8171456996,0.4251507994170589
334515,Instrument Manufacturing for Measuring and Testing Electricity and Electrical Signals,4201.1740049247255,4497269.637817101,0.0009341610228565048
334516,Analytical Laboratory Instrument Manufacturing,336095.35917673324,15292578.151331,0.02197767805080538
334517,Irradiation Apparatus Manufacturing,9.847332617245472,279222.50637162,3.526697308611491e-05
334519,Other Measuring and Controlling Device Manufacturing,8483.116019625695,39098912.19337641,0.00021696552522151207
334610,Manufacturing and Reproducing Magnetic and Optical Media,116109.33723673646,5587357.263040001,0.020780725443277463
335131,Residential Electric Lighting Fixture Manufacturing,39350.31756091956,915220.2995998535,0.04299545975774799
335132,"Commercial, Industrial, and Institutional Electric Lighting Fixture Manufacturing",39350.31756091956,915220.2995998535,0.04299545975774799
335139,Electric Lamp Bulb and Other Lighting Equipment Manufacturing,398727.08530236845,2308775.0385449934,0.17270070866395415
335210,Small Electrical Appliance Manufacturing,9672.80487655284,15104574.39043,0.0006403891050833822
335220,Major Household Appliance Manufacturing,192291.26470007695,70433555.50851999,0.002730108728883017
335311,"Power, Distribution, and Specialty Transformer Manufacturing",3843.380578853261,3292053.54087438,0.0011674720751450617
335312,Motor and Generator Manufacturing,557852.2167095178,6620428.6581678,0.08426225030327614
335313,Switchgear and Switchboard Apparatus Manufacturing,114368.31387639408,9203126.493002549,0.012427115281241892
335314,Relay and Industrial Control Manufacturing,984507.4421213923,10779824.158491902,0.09132871071425018
335910,Battery Manufacturing,126598072.09323652,230093318.98259997,0.5502031638859104
335921,Fiber Optic Cable Manufacturing,250738.39938498562,1372476.5034,0.18269048596740123
335929,Other Communication and Energy Wire Manufacturing,535861.4603327622,1173275.1587417,0.45672275283443015
335931,Current-Carrying Wiring Device Manufacturing,3042470.8310243217,6234764.647645799,0.4879848723998164
335932,Noncurrent-Carrying Wiring Device Manufacturing,1014156.9436747739,2078254.8825486,0.48798487239981636
335991,Carbon and Graphite Product Manufacturing,0.0,3367028.3664222,0.0
335999,All Other Miscellaneous Electrical Equipment and Component Manufacturing,487285.92012965615,17695321.4836805,0.027537556781833845
336110,Automobile and Light Duty Motor Vehicle Manufacturing,38376690.84978161,5879615741.85007,0.006527074648199045
336120,Heavy Duty Truck Manufacturing,2855487.612977678,95151424.76712,0.030009930171475522
336211,Motor Vehicle Body Manufacturing,179676038.36173198,404346712.5302299,0.4443613186252849
336212,Truck Trailer Manufacturing,1098638.0729258526,101073083.35085799,0.010869739365842018
336214,Travel Trailer and Camper Manufacturing,349052.62917826895,58435524.4603,0.0059732950530016855
336310,Motor Vehicle Gasoline Engine and Engine Parts Manufacturing,652859033.8225822,799362811.8640801,0.8167243010719285
336320,Motor Vehicle Electrical and Electronic Equipment Manufacturing,1372644731.2755272,1868958852.838738,0.7344435267746181
336330,Motor Vehicle Steering and Suspension Components (except Spring) Manufacturing,693326891.1280733,837599391.5483129,0.8277547693133467
336340,Motor Vehicle Brake System Manufacturing,882416043.2539115,1066035589.2433074,0.8277547693133467
336350,Motor Vehicle Transmission and Power Train Parts Manufacturing,975895726.6468875,1139806202.58351,0.8561944341370495
336360,Motor Vehicle Seating and Interior Trim Manufacturing,3283320748.673665,3356181175.3716803,0.9782906753566585
336370,Motor Vehicle Metal Stamping,4616022414.266631,4771430736.66604,0.9674294082893891
336390,Other Motor Vehicle Parts Manufacturing,3497621703.337977,4598444508.993678,0.7606097445554247
336411,Aircraft Manufacturing,2886.35944663604,5224758.916519953,0.0005524387809569121
336412,Aircraft Engine and Engine Parts Manufacturing,9748.609218395373,75928314.23395601,0.0001283922778577334
336413,Other Aircraft Parts and Auxiliary Equipment Manufacturing,4455.534308739864,4253822.7763148,0.001047418884855333
336414,Guided Missile and Space Vehicle Manufacturing,0.18235550333284012,560248.131247318,3.254906052552997e-07
336415,Guided Missile and Space Vehicle Propulsion Unit and Propulsion Unit Parts Manufacturing,20531.170571232928,12914583.5887395,0.0015897663622026878
336419,Other Guided Missile and Space Vehicle Parts and Auxiliary Equipment Manufacturing,20531.170571232928,12914583.5887395,0.0015897663622026878
336510,Railroad Rolling Stock Manufacturing,12467.529282170668,7688685.4937116,0.0016215423679857338
336611,Ship Building and Repairing,0.0,14892133.7955141,0.0
336612,Boat Building,1091419.1972572508,283459995.001133,0.0038503464915847765
336991,"Motorcycle, Bicycle, and Parts Manufacturing",0.0,4825613.5697637,0.0
336992,"Military Armored Vehicle, Tank, and Tank Component Manufacturing",600798.9388955939,7605407.236662,0.07899628779895335
336999,All Other Transportation Equipment Manufacturing,188640.7924261834,41926207.6497611,0.0044993526245452895
337110,Wood Kitchen Cabinet and Countertop Manufacturing,1307637.8966558243,35583314.916933,0.03674862501451656
337121,Upholstered Household Furniture Manufacturing,4274.1911475690395,3196414.6972998003,0.0013371829228478083
337122,Nonupholstered Wood Household Furniture Manufacturing,113062.61292230617,10863432.1994013,0.010407632767159648
337126,Household Furniture (except Wood and Upholstered) Manufacturing,4344.394141389913,21976042.951405,0.00019768773436585233
337127,Institutional Furniture Manufacturing,396614.24836510734,35518364.08626,0.011166455960693709
337211,Wood Office Furniture Manufacturing,105489.77037473516,66927561.42199999,0.0015761783058191518
337212,Custom Architectural Woodwork and Millwork Manufacturing,89517.47175261533,13465989.6341723,0.006647671220943845
337214,Office Furniture (except Wood) Manufacturing,380844.0687731132,180826189.55488,0.0021061333522018866
337215,"Showcase, Partition, Shelving, and Locker Manufacturing",628823.6831863364,68840218.613398,0.009134539312226296
337910,Mattress Manufacturing,65057.429314270805,10900990.2935544,0.005968029285627228
337920,Blind and Shade Manufacturing,4560.480648517796,3895049.5436692,0.0011708402158658422
339112,Surgical and Medical Instrument Manufacturing,298376.3043530785,45992177.981831305,0.00648754456618577
339113,Surgical Appliance and Supplies Manufacturing,1216601.0873790334,121796258.56232399,0.009988821510116342
339114,Dental Equipment and Supplies Manufacturing,22311.01796767303,2963471.5611496,0.0075286762525968234
339115,Ophthalmic Goods Manufacturing,6960.693580679996,2140129.8257958996,0.003252463236940012
339116,Dental Laboratories,0.0,8061092.486599999,0.0
339910,Jewelry and Silverware Manufacturing,43874.263813982994,33278392.899240997,0.0013184009199850412
339920,Sporting and Athletic Goods Manufacturing,381065.6769730131,20955775.061394904,0.018184279791923275
339930,"Doll, Toy, and Game Manufacturing",101787.5696574846,15508963.515873,0.0065631445681916655
339940,Office Supplies (except Paper) Manufacturing,140881.83065987824,7297478.889842999,0.019305548229261026
339950,Sign Manufacturing,1040186.4705825849,90193315.838837,0.011532855410718622
339991,"Gasket, Packing, and Sealing Device Manufacturing",47125805.46267494,107418078.4828152,0.43871391229749235
339992,Musical Instrument Manufacturing,936.6291862239377,17883183.465051,5.237485753330142e-05
339993,"Fastener, Button, Needle, and Pin Manufacturing",2271.968056604661,34322362.81825,6.619497814400477e-05
339994,"Broom, Brush, and Mop Manufacturing",14833.777628977341,30040546.66692,0.0004937918671537351
339995,Burial Casket Manufacturing,0.0,1428944.4605685,0.0
339999,All Other Miscellaneous Manufacturing,12885859.445716681,547488236.3567379,0.023536322043128582
423110,Automobile and Other Motor Vehicle Merchant Wholesalers,3366908243.2200956,4167339852.5294123,0.8079274458924952
423120,Motor Vehicle Supplies and New Parts Merchant Wholesalers,4344397733.18722,5377212712.941177,0.8079274458924951
423130,Tire and Tube Merchant Wholesalers,868879546.637444,1075442542.5882354,0.8079274458924952
423140,Motor Vehicle Parts (Used) Merchant Wholesalers,651659659.978083,806581906.9411765,0.8079274458924952
423210,Furniture Merchant Wholesalers,94710710.22780849,437065156.82721776,0.21669700443599965
423220,Home Furnishing Merchant Wholesalers,194683126.57938412,898411711.2559476,0.21669700443599965
423310,"Lumber, Plywood, Millwork, and Wood Panel Merchant Wholesalers",168374595.96054843,777004723.2483871,0.21669700443599965
423320,"Brick, Stone, and Related Construction Material Merchant Wholesalers",163112889.8367813,752723325.646875,0.21669700443599965
423330,"Roofing, Siding, and Insulation Material Merchant Wholesalers",99972416.35157563,461346554.42872983,0.21669700443599965
423390,Other Construction Material Merchant Wholesalers,152589477.58924702,704160530.4438508,0.21669700443599968
423410,Photographic Equipment and Supplies Merchant Wholesalers,30498783.041755,515139936.77450985,0.059204850691095046
423420,Office Equipment Merchant Wholesalers,44361866.24255273,749294453.4901961,0.05920485069109505
423430,Computer and Computer Peripheral Equipment and Software Merchant Wholesalers,41589249.60239318,702463550.1470588,0.05920485069109505
423440,Other Commercial Equipment Merchant Wholesalers,49907099.52287182,842956260.1764706,0.05920485069109506
423450,"Medical, Dental, and Hospital Equipment and Supplies Merchant Wholesalers",60997566.08351,1030279873.5490197,0.059204850691095046
423460,Ophthalmic Goods Merchant Wholesalers,18022008.161037046,304400871.73039216,0.05920485069109506
423490,Other Professional Equipment and Supplies Merchant Wholesalers,37430324.64215387,632217195.132353,0.05920485069109506
423510,Metal Service Centers and Other Metal Merchant Wholesalers,315702367.4260283,1456883856.090726,0.21669700443599965
423520,Coal and Other Mineral and Ore Merchant Wholesalers,84187297.98027422,388502361.62419355,0.21669700443599965
423610,"Electrical Apparatus and Equipment, Wiring Supplies, and Related Equipment Merchant Wholesalers",445682546.1501117,2247776390.3579545,0.19827708310395478
423620,"Household Appliances, Electric Housewares, and Consumer Electronics Merchant Wholesalers",479318964.72747856,2417419891.5170455,0.19827708310395478
423690,Other Electronic Parts and Equipment Merchant Wholesalers,555000906.5265541,2799117769.125,0.19827708310395478
423710,Hardware Merchant Wholesalers,110495828.5991099,509909349.63175404,0.21669700443599965
423720,Plumbing and Heating Equipment and Supplies (Hydronics) Merchant Wholesalers,194683126.57938412,898411711.2559476,0.21669700443599965
423730,Warm Air Heating and Air-Conditioning Equipment and Supplies Merchant Wholesalers,99972416.35157563,461346554.42872983,0.21669700443599965
423740,Refrigeration Equipment and Supplies Merchant Wholesalers,99972416.35157563,461346554.42872983,0.21669700443599965
423810,Construction and Mining (except Oil Well) Machinery and Equipment Merchant Wholesalers,181440011.25865027,442609896.7162162,0.40993211540179897
423820,Farm and Garden Machinery and Equipment Merchant Wholesalers,230923650.6928276,563321686.7297298,0.4099321154017989
423830,Industrial Machinery and Equipment Merchant Wholesalers,948436422.4883991,2313642641.925676,0.40993211540179897
423840,Industrial Supplies Merchant Wholesalers,494836394.34177345,1207117900.1351352,0.40993211540179897
423850,Service Establishment Equipment and Supplies Merchant Wholesalers,338138202.80021185,824863898.4256756,0.40993211540179897
423860,Transportation Equipment and Supplies (except Motor Vehicle) Merchant Wholesalers,247418197.17088673,603558950.0675676,0.40993211540179897
423910,Sporting and Recreational Goods and Supplies Merchant Wholesalers,231515069.44575408,1068381494.4665322,0.21669700443599965
423920,Toy and Hobby Goods and Supplies Merchant Wholesalers,115757534.72287704,534190747.2332661,0.21669700443599965
423930,Recyclable Material Merchant Wholesalers,121019240.84664418,558472144.8347782,0.21669700443599968
423940,"Jewelry, Watch, Precious Stone, and Precious Metal Merchant Wholesalers",126280946.97041133,582753542.4362903,0.2166970044359997
423990,Other Miscellaneous Durable Goods Merchant Wholesalers,236776775.56952122,1092662892.0680444,0.21669700443599965
424110,Printing and Writing Paper Merchant Wholesalers,8256466.593935264,125445452.97628458,0.06581718506366385
424120,Stationery and Office Supplies Merchant Wholesalers,60547421.6888586,919933321.8260869,0.06581718506366385
424130,Industrial and Personal Service Paper Merchant Wholesalers,56419188.39189097,857210595.3379446,0.06581718506366385
424210,Drugs and Druggists' Sundries Merchant Wholesalers,128799579.0130031,4609047664.0,0.027944944032369436
424310,"Piece Goods, Notions, and Other Dry Goods Merchant Wholesalers",41282332.969676316,627227264.8814229,0.06581718506366385
424340,Footwear Merchant Wholesalers,9632544.359591141,146353028.472332,0.06581718506366387
424350,Clothing and Clothing Accessories Merchant Wholesalers,81188588.17369676,1233546954.2667983,0.06581718506366385
424410,General Line Grocery Merchant Wholesalers,1432540.7664458524,93168866.79545455,0.01537574530761323
424420,Packaged Frozen Food Merchant Wholesalers,10027785.365120966,652182067.5681819,0.015375745307613228
424430,Dairy Product (except Dried or Canned) Merchant Wholesalers,8595244.598675115,559013200.7727273,0.015375745307613233
424440,Poultry and Poultry Product Merchant Wholesalers,5252649.476968125,341619178.25,0.015375745307613231
424450,Confectionery Merchant Wholesalers,8595244.598675115,559013200.7727273,0.015375745307613233
424460,Fish and Seafood Merchant Wholesalers,3820108.710522273,248450311.45454547,0.01537574530761323
424470,Meat and Meat Product Merchant Wholesalers,4775135.8881528415,310562889.3181818,0.015375745307613231
424480,Fresh Fruit and Vegetable Merchant Wholesalers,3342595.121706989,217394022.52272728,0.015375745307613231
424490,Other Grocery and Related Products Merchant Wholesalers,38201087.10522273,2484503114.5454545,0.015375745307613231
424510,Grain and Field Bean Merchant Wholesalers,11008622.125247018,167260603.96837944,0.06581718506366385
424520,Livestock Merchant Wholesalers,9632544.359591141,146353028.472332,0.06581718506366387
424590,Other Farm Product Raw Material Merchant Wholesalers,50914877.32926746,773580293.3537549,0.06581718506366385
424610,Plastics Materials and Basic Forms and Shapes Merchant Wholesalers,15136855.42221465,229983330.45652172,0.06581718506366385
424690,Other Chemical and Allied Products Merchant Wholesalers,114214454.54943782,1735328766.1719368,0.06581718506366385
424710,Petroleum Bulk Stations and Terminals,25893528.22473536,2828550143.0,0.009154346543516574
424720,Petroleum and Petroleum Products Merchant Wholesalers (except Bulk Stations and Terminals),24767722.649746865,2705569702.0,0.009154346543516573
424810,Beer and Ale Merchant Wholesalers,9632544.359591141,146353028.472332,0.06581718506366387
424820,Wine and Distilled Alcoholic Beverage Merchant Wholesalers,17889010.953526404,271798481.44861656,0.06581718506366385
424910,Farm Supplies Merchant Wholesalers,46786644.03229983,710857566.8656126,0.06581718506366385
424920,"Book, Periodical, and Newspaper Merchant Wholesalers",15136855.42221465,229983330.45652172,0.06581718506366385
424930,"Flower, Nursery Stock, and Florists' Supplies Merchant Wholesalers",12384699.890902895,188168179.46442688,0.06581718506366385
424940,Tobacco Product and Electronic Cigarette Merchant Wholesalers,11008622.125247018,167260603.96837944,0.06581718506366385
424950,"Paint, Varnish, and Supplies Merchant Wholesalers",24769399.78180579,376336358.92885375,0.06581718506366385
424990,Other Miscellaneous Nondurable Goods Merchant Wholesalers,100453676.89287904,1526253011.2114623,0.06581718506366385
425120,Wholesale Trade Agents and Brokers,97797335.31691472,1005310253.0,0.09728074992279495
441110,New Car Dealers,38401135.043534465,690173850.3333333,0.055639800066299046
441120,Used Car Dealers,51201513.39137929,920231800.4444444,0.055639800066299046
441210,Recreational Vehicle Dealers,102403026.78275858,1840463600.8888888,0.055639800066299046
441222,Boat Dealers,89602648.43491375,1610405650.7777777,0.055639800066299046
441227,"Motorcycle, ATV, and All Other Motor Vehicle Dealers",217606431.91336197,3910985151.888889,0.05563980006629904
441330,Automotive Parts and Accessories Retailers,128003783.47844823,2300579501.111111,0.055639800066299046
441340,Tire Dealers,64001891.73922411,1150289750.5555556,0.055639800066299046
444110,Home Centers,5841206.775493713,319191898.3076923,0.018299984449677193
444120,Paint and Wallpaper Retailers,5841206.775493713,319191898.3076923,0.018299984449677193
444140,Hardware Retailers,8761810.16324057,478787847.46153843,0.018299984449677197
444180,Other Building Material Dealers,64253274.530430846,3511110881.384615,0.018299984449677197
444230,Outdoor Power Equipment Retailers,8761810.16324057,478787847.46153843,0.018299984449677197
444240,"Nursery, Garden Center, and Farm Supply Retailers",20444223.714227997,1117171644.076923,0.018299984449677197
445110,Supermarkets and Other Grocery Retailers (except Convenience Retailers),201963.41792432306,801476191.3829787,0.0002519892918788108
445131,Convenience Retailers,40392.683584864615,160295238.27659574,0.0002519892918788108
445230,Fruit and Vegetable Retailers,323141.4686789169,1282361906.212766,0.0002519892918788108
445240,Meat Retailers,282748.7850940523,1122066667.93617,0.0002519892918788109
445250,Fish and Seafood Retailers,80785.36716972923,320590476.5531915,0.0002519892918788108
445291,Baked Goods Retailers,40392.683584864615,160295238.27659574,0.0002519892918788108
445292,Confectionery and Nut Retailers,121178.05075459385,480885714.82978725,0.0002519892918788108
445298,All Other Specialty Food Retailers,605890.2537729692,2404428574.1489363,0.0002519892918788108
445320,"Beer, Wine, and Liquor Retailers",201963.41792432306,801476191.3829787,0.0002519892918788108
449110,Furniture Retailers,826047.948997013,524482889.85714287,0.0015749759715174114
449121,Floor Covering Retailers,495628.7693982078,314689733.9142857,0.0015749759715174112
449122,Window Treatment Retailers,330419.1795988052,209793155.94285715,0.0015749759715174114
449129,All Other Home Furnishings Retailers,1817305.4877934286,1153862357.6857142,0.0015749759715174114
449210,Electronics and Appliance Retailers,1523244.0519426332,968254174.48,0.00157318614480613
455110,Department Stores,3850845.099509821,926122898.111111,0.004158028170304259
455211,Warehouse Clubs and Supercenters,9627112.748774553,2315307245.2777777,0.00415802817030426
455219,All Other General Merchandise Retailers,21179648.047304016,5093675939.611111,0.00415802817030426
456110,Pharmacies and Drug Retailers,136876.67583263371,1418173411.0434783,9.651617691232921e-05
456120,"Cosmetics, Beauty Supplies, and Perfume Retailers",68438.33791631686,709086705.5217391,9.651617691232921e-05
456130,Optical Goods Retailers,68438.33791631686,709086705.5217391,9.651617691232921e-05
456191,Food (Health) Supplement Retailers,68438.33791631686,709086705.5217391,9.651617691232921e-05
456199,All Other Health and Personal Care Retailers,182502.2344435116,1890897881.3913043,9.651617691232921e-05
457110,Gasoline Stations with Convenience Stores,935750.7184430417,468833546.8571428,0.0019959124612901735
457120,Other Gasoline Stations,1871501.4368860833,937667093.7142856,0.0019959124612901735
457210,Fuel dealers,3743002.8737721667,1875334187.4285712,0.0019959124612901735
458110,Clothing and Clothing Accessories Retailers,231764.2328191822,3149244842.0816326,7.359358971466549e-05
458210,Shoe Retailers,30495.293791997654,414374321.3265306,7.359358971466549e-05
458310,Jewelry Retailers,24396.235033598125,331499457.06122446,7.35935897146655e-05
458320,Luggage and Leather Goods Retailers,12198.117516799062,165749728.53061223,7.35935897146655e-05
459110,Sporting Goods Retailers,1167344.1079312894,741000539.409091,0.0015753620218173997
459120,"Hobby, Toy, and Game Retailers",350203.2323793868,222300161.82272732,0.0015753620218173995
459130,"Sewing, Needlework, and Piece Goods Retailers",350203.2323793868,222300161.82272732,0.0015753620218173995
459140,Musical Instrument and Supplies Retailers,233468.82158625787,148200107.8818182,0.0015753620218173995
459210,Book Retailers and News Dealers,466937.64317251573,296400215.7636364,0.0015753620218173995
459310,Florists,124508.402982047,79535365.66255319,0.0015654470428953845
459410,Office Supplies and Stationery Retailers,186762.6044730705,119303048.49382979,0.0015654470428953845
459420,"Gift, Novelty, and Souvenir Retailers",871558.820874329,556747559.6378723,0.0015654470428953845
459510,Used Merchandise Retailers,1867626.044730705,1193030484.9382977,0.0015654470428953847
459910,Pet and Pet Supplies Retailers,186762.6044730705,119303048.49382979,0.0015654470428953845
459920,Art Dealers,249016.805964094,159070731.32510638,0.0015654470428953845
459930,Manufactured (Mobile) Home Dealers,186762.6044730705,119303048.49382979,0.0015654470428953845
459991,"Tobacco, Electronic Cigarette, and Other Smoking Supplies Retailers",560287.8134192115,357909145.48148936,0.0015654470428953847
459999,All Other Miscellaneous Retailers,1618609.238766611,1033959753.6131915,0.0015654470428953847
481111,Scheduled Passenger Air Transportation,19772811.36012175,1200458815.9965713,0.016471045150938543
481112,Scheduled Freight Air Transportation,17301209.94010653,1050401463.9969999,0.016471045150938543
481211,Nonscheduled Chartered Passenger Air Transportation,22244412.78013697,1350516167.9961426,0.016471045150938543
481212,Nonscheduled Chartered Freight Air Transportation,22244412.78013697,1350516167.9961426,0.016471045150938543
481219,Other Nonscheduled Air Transportation,4943202.840030437,300114703.9991428,0.016471045150938543
482111,Line-Haul Railroads,39530563.34924596,330822249.7916666,0.11949185211738357
482112,Short Line Railroads,55342788.68894434,463151149.7083333,0.11949185211738356
483111,Deep Sea Freight Transportation,677801.0932214602,41629861.13734,0.01628160831441028
483112,Deep Sea Passenger Transportation,677801.0932214602,41629861.13734,0.01628160831441028
483113,Coastal and Great Lakes Freight Transportation,1491162.4050872123,91585694.502148,0.016281608314410275
483114,Coastal and Great Lakes Passenger Transportation,1355602.1864429205,83259722.27468,0.01628160831441028
483211,Inland Water Freight Transportation,1355602.1864429205,83259722.27468,0.01628160831441028
483212,Inland Water Passenger Transportation,1220041.9677986284,74933750.047212,0.016281608314410275
484110,"General Freight Trucking, Local",175513699.13190407,1250460846.035294,0.14035921211638658
484121,"General Freight Trucking, Long-Distance, Truckload",146261415.94325337,1042050705.0294118,0.14035921211638655
484122,"General Freight Trucking, Long-Distance, Less Than Truckload",117009132.7546027,833640564.0235294,0.14035921211638658
484210,Used Household and Office Goods Moving,146261415.94325337,1042050705.0294118,0.14035921211638655
484220,"Specialized Freight (except Used Goods) Trucking, Local",672802513.3389655,4793433243.135294,0.14035921211638658
484230,"Specialized Freight (except Used Goods) Trucking, Long-Distance",731307079.7162669,5210253525.1470585,0.14035921211638658
485111,Mixed Mode Transit Systems,856962.454707163,131642558.29411764,0.00650976755398908
485112,Commuter Rail Systems,856962.454707163,131642558.29411764,0.00650976755398908
485113,Bus and Other Motor Vehicle Transit Systems,1142616.6062762174,175523411.05882353,0.00650976755398908
485119,Other Urban Transit Systems,1142616.6062762174,175523411.05882353,0.00650976755398908
485210,Interurban and Rural Bus Transportation,856962.454707163,131642558.29411764,0.00650976755398908
485310,Taxi and Ridesharing Services,1428270.7578452718,219404263.82352942,0.00650976755398908
485320,Limousine Service,999789.5304916902,153582984.67647058,0.006509767553989079
485410,School and Employee Bus Transportation,571308.3031381087,87761705.52941176,0.00650976755398908
485510,Charter Bus Industry,285654.15156905435,43880852.76470588,0.00650976755398908
485991,Special Needs Transportation,856962.454707163,131642558.29411764,0.00650976755398908
485999,All Other Transit and Ground Passenger Transportation,714135.3789226359,109702131.91176471,0.00650976755398908
486110,Pipeline Transportation of Crude Oil,460350.67746446474,166951513.00952378,0.0027573914675346725
486210,Pipeline Transportation of Natural Gas,805613.6855628133,292165147.7666666,0.0027573914675346725
486910,Pipeline Transportation of Refined Petroleum Products,690526.0161966971,250427269.51428568,0.0027573914675346725
486990,All Other Pipeline Transportation,460350.67746446474,166951513.00952378,0.0027573914675346725
487110,"Scenic and Sightseeing Transportation, Land",237486.00514047567,221720384.48091093,0.0010711058692076283
487210,"Scenic and Sightseeing Transportation, Water",178114.50385535674,166290288.3606832,0.0010711058692076283
487990,"Scenic and Sightseeing Transportation, Other",103900.1272489581,97002668.21039852,0.0010711058692076285
488111,Air Traffic Control,14842.87532127973,13857524.030056933,0.0010711058692076283
488119,Other Airport Operations,222643.12981919595,207862860.450854,0.0010711058692076285
488190,Other Support Activities for Air Transportation,148428.75321279728,138575240.30056933,0.0010711058692076283
488210,Support Activities for Rail Transportation,148428.75321279728,138575240.30056933,0.0010711058692076283
488310,Port and Harbor Operations,163271.62853407703,152432764.33062625,0.0010711058692076285
488320,Marine Cargo Handling,74214.37660639864,69287620.15028466,0.0010711058692076283
488330,Navigational Services to Shipping,118743.00257023783,110860192.24045546,0.0010711058692076283
488390,Other Support Activities for Water Transportation,89057.25192767837,83145144.1803416,0.0010711058692076283
488410,Motor Vehicle Towing,74214.37660639864,69287620.15028466,0.0010711058692076283
488490,Other Support Activities for Road Transportation,222643.12981919595,207862860.450854,0.0010711058692076285
488510,Freight Transportation Arrangement,74214.37660639864,69287620.15028466,0.0010711058692076283
488991,Packing and Crating,44528.625963839186,41572572.0901708,0.0010711058692076283
488999,All Other Support Activities for Transportation,118743.00257023783,110860192.24045546,0.0010711058692076283
491110,Postal Service,1937.444885565828,1902090149.1680002,1.0185873085002265e-06
492110,Couriers and Express Delivery Services,19347.13630727766,976496108.3911273,1.981281455299802e-05
492210,Local Messengers and Local Delivery,33857.4885377359,1708868189.6844728,1.981281455299802e-05
493110,General Warehousing and Storage,4298791.647511073,863821853.2,0.004976479388182111
493120,Refrigerated Warehousing and Storage,6448187.471266611,1295732779.8000002,0.00497647938818211
493130,Farm Product Warehousing and Storage,4298791.647511073,863821853.2,0.004976479388182111
493190,Other Warehousing and Storage,6448187.471266611,1295732779.8000002,0.00497647938818211
512110,Motion Picture and Video Production,8353.039839015491,383116073.7537778,2.180289580954478e-05
512120,Motion Picture and Video Distribution,3579.874216720925,164192603.03733334,2.180289580954478e-05
512131,Motion Picture Theaters (except Drive-Ins),3579.874216720925,164192603.03733334,2.180289580954478e-05
512132,Drive-In Motion Picture Theaters,2386.5828111472833,109461735.35822222,2.1802895809544784e-05
512191,Teleproduction and Other Postproduction Services,7557.5122352997305,346628828.6343704,2.180289580954478e-05
512199,Other Motion Picture and Video Industries,6761.9846315839695,310141583.514963,2.1802895809544784e-05
512230,Music Publishers,0.0,65412861.01889688,0.0
512240,Sound Recording Studios,0.0,23786494.915962502,0.0
512250,Record Production and Distribution,0.0,59466237.289906256,0.0
512290,Other Sound Recording Industries,0.0,41626366.102934375,0.0
513110,Newspaper Publishers,2860299.2753077247,479692156.70664847,0.005962780994680544
513120,Periodical Publishers,8115965.46867731,1088747377.5877526,0.007454406445193175
513130,Book Publishers,7265192.9322160985,1091976645.401144,0.006653249373796989
513140,Directory and Mailing List Publishers,136378.7755669816,43841404.52289019,0.0031107300747122827
513191,Greeting Card Publishers,23611.426542875226,20847560.17248356,0.0011325750518297896
513199,All Other Publishers,33246951.590863027,4245680701.1505127,0.007830770595125918
513210,Software Publishers,12537024.741841843,5254497265.198,0.0023859608463169357
516110,Radio Broadcasting Stations,2739384.209513091,382113999.43759096,0.007169023415904716
516120,Television Broadcasting Stations,547876.8419026182,76422799.8875182,0.007169023415904715
516210,"Media Streaming Distribution Services, Social Networks, and Other Media Networks and Content Providers",13284594.474910764,2347316409.7952213,0.005659481789278551
517111,Wired Telecommunications Carriers,27597236.947048496,5946447001.997999,0.004640962399526281
517112,Wireless Telecommunications Carriers (except Satellite),22100974.339200962,4051850308.019953,0.005454538706786828
517121,Telecommunications Resellers,13515868.667701993,478634902.6944672,0.02823836830873519
517122,Agents for Wireless Telecommunications Services,9818342.612149572,1372008651.2086487,0.007156181270067257
517410,Satellite Telecommunications,9010579.111801328,319089935.1296448,0.028238368308735187
517810,All Other Telecommunications,13515868.667701993,478634902.6944672,0.02823836830873519
518210,"Computing Infrastructure Providers, Data Processing, Web Hosting, and Related Services",120016525.78393728,8272994196.5873,0.014507024051031655
519210,Libraries and Archives,567.1993886860148,65401582.91609301,8.672563619961669e-06
519290,Web Search Portals and All Other Information Services,7068594.7622960415,907955870.3538535,0.007785174360446869
521110,Monetary Authorities-Central Bank,70706082.0491742,3405707271.6002164,0.020761056782179644
522110,Commercial Banking,61867821.79302743,2979993862.6501894,0.020761056782179644
522130,Credit Unions,44191301.280733876,2128567044.7501352,0.020761056782179644
522180,Savings Institutions and Other Depository Credit Intermediation,150250424.3544952,7237127952.15046,0.020761056782179644
522210,Credit Card Issuing,3939220.9196723644,405025723.03509706,0.009725853681967295
522220,Sales Financing,8666286.023279201,891056590.6772135,0.009725853681967293
522291,Consumer Lending,6302753.471475783,648041156.8561553,0.009725853681967295
522292,Real Estate Credit,7090597.655410255,729046301.4631747,0.009725853681967293
522299,"International, Secondary Market, and All Other Nondepository Credit Intermediation",32301611.541313387,3321210928.887796,0.009725853681967295
522310,Mortgage and Nonmortgage Loan Brokers,7090597.655410255,729046301.4631747,0.009725853681967293
522320,"Financial Transactions Processing, Reserve, and Clearinghouse Activities",11029818.57508262,1134072024.4982717,0.009725853681967295
522390,Other Activities Related to Credit Intermediation,4727065.103606837,486030867.6421164,0.009725853681967295
523150,Investment Banking and Securities Intermediation,106155522.88621025,2221266369.5075555,0.0477905416223199
523160,Commodity Contracts Intermediation,79616642.16465768,1665949777.1306667,0.047790541622319896
523210,Securities and Commodity Exchanges,23221520.631358493,485902018.3297778,0.0477905416223199
523910,Miscellaneous Intermediation,4373759.816208798,1453765959.72225,0.003008572175568363
523940,Portfolio Management and Investment Advice,7775573.006593419,2584472817.284,0.0030085721755683625
523991,"Trust, Fiduciary, and Custody Activities",3887786.5032967096,1292236408.642,0.0030085721755683625
523999,Miscellaneous Financial Investment Activities,7289599.69368133,2422943266.20375,0.0030085721755683625
524113,Direct Life Insurance Carriers,377736.9761656286,1197579207.91,0.0003154171128478845
524114,Direct Health and Medical Insurance Carriers,17576850.94479286,3479175436.8056602,0.005052016279159155
524126,Direct Property and Casualty Insurance Carriers,46871602.519447625,9277801164.815094,0.005052016279159155
524127,Direct Title Insurance Carriers,9764917.191551588,1932875242.6698112,0.005052016279159155
524128,"Other Direct Insurance (except Life, Health, and Medical) Carriers",17576850.94479286,3479175436.8056602,0.005052016279159155
524130,Reinsurance Carriers,11717900.629861906,2319450291.2037735,0.005052016279159155
524210,Insurance Agencies and Brokerages,78938360.77282965,2324065781.25,0.03396563101168876
524291,Claims Adjusting,92094754.23496792,2711410078.125,0.03396563101168875
524292,Pharmacy Benefit Management and Other Third Party Administration of Insurance and Pension Funds,92094754.23496792,2711410078.125,0.03396563101168875
524298,All Other Insurance Related Activities,157876721.5456593,4648131562.5,0.03396563101168876
525110,Pension Funds,0.0,523017366.95652175,0.0
525120,Health and Welfare Funds,0.0,326885854.3478261,0.0
525190,Other Insurance Funds,0.0,261508683.47826087,0.0
525910,Open-End Investment Funds,0.0,326885854.3478261,0.0
525920,"Trusts, Estates, and Agency Accounts",0.0,523017366.95652175,0.0
525990,Other Financial Vehicles,0.0,1046034733.9130435,0.0
531110,Lessors of Residential Buildings and Dwellings,0.0,10310908863.0,0.0
531120,Lessors of Nonresidential Buildings (except Miniwarehouses),7494215.70715026,13343596771.121767,0.0005616338559757181
531130,Lessors of Miniwarehouses and Self-Storage Units,1686198.5341088085,3002309273.5023975,0.0005616338559757181
531190,Lessors of Other Real Estate Property,3559752.4608963737,6338208466.282839,0.0005616338559757182
531210,Offices of Real Estate Agents and Brokers,4309174.0316114,7672568143.395016,0.0005616338559757182
531311,Residential Property Managers,2622975.497502591,4670258869.892618,0.0005616338559757181
531312,Nonresidential Property Managers,2622975.497502591,4670258869.892618,0.0005616338559757181
531320,Offices of Real Estate Appraisers,749421.570715026,1334359677.1121767,0.0005616338559757181
531390,Other Activities Related to Real Estate,2435620.1048238343,4336668950.614574,0.000561633855975718
532111,Passenger Car Rental,7228764.712229308,711081052.864865,0.01016588008231331
532112,Passenger Car Leasing,5421573.534171981,533310789.6486487,0.01016588008231331
532120,"Truck, Utility Trailer, and RV (Recreational Vehicle) Rental and Leasing",9638352.949639076,948108070.4864866,0.01016588008231331
532210,Consumer Electronics and Appliances Rental,1198533.2977953926,166365062.95478848,0.007204236734013722
532281,Formal Wear and Costume Rental,1038728.8580893402,144183054.56081668,0.0072042367340137215
532282,Video Tape and Disc Rental,990.3401014310946,31960671.949999996,3.0986210270560184e-05
532283,Home Health Equipment Rental,799022.1985302616,110910041.96985899,0.007204236734013721
532284,Recreational Goods Rental,1917653.2764726281,266184100.72766155,0.007204236734013722
532289,All Other Consumer Goods Rental,1038728.8580893402,144183054.56081668,0.0072042367340137215
532310,General Rental Centers,239706.65955907851,33273012.590957694,0.007204236734013722
532411,"Commercial Air, Rail, and Water Transportation Equipment Rental and Leasing",6335693.1440837905,362179359.32692105,0.017493247422653038
532412,"Construction, Mining, and Forestry Machinery and Equipment Rental and Leasing",7487637.352099026,428030151.9318158,0.01749324742265304
532420,Office Machinery and Equipment Rental and Leasing,6335693.1440837905,362179359.32692105,0.017493247422653038
532490,Other Commercial and Industrial Machinery and Equipment Rental and Leasing,23614856.264312312,1349941248.400342,0.01749324742265304
533110,Lessors of Nonfinancial Intangible Assets (except Copyrighted Works),384715109.15974146,6005771507.633,0.0640575667373942
541110,Offices of Lawyers,72657046.63187718,5347999791.219,0.013585835727064614
541191,Title Abstract and Settlement Offices,12636008.109891685,930086920.2119999,0.013585835727064616
541199,All Other Legal Services,25272016.21978337,1860173840.4239998,0.013585835727064616
541211,Offices of Certified Public Accountants,24010319.84770457,2377041446.3048277,0.010100926041920403
541213,Tax Preparation Services,5540843.041777978,548548026.0703449,0.0101009260419204
541214,Payroll Services,5540843.041777978,548548026.0703449,0.0101009260419204
541219,Other Accounting Services,18469476.80592659,1828493420.2344828,0.0101009260419204
541310,Architectural Services,4322893.292670461,596839781.3112214,0.007242971108885073
541320,Landscape Architectural Services,12968679.878011385,1790519343.9336643,0.007242971108885073
541330,Engineering Services,19144241.724683475,2643147602.9496946,0.007242971108885074
541340,Drafting Services,2470224.7386688353,341051303.60641223,0.007242971108885073
541350,Building Inspection Services,4322893.292670461,596839781.3112214,0.007242971108885073
541360,Geophysical Surveying and Mapping Services,8028230.4006737145,1108416736.7208397,0.007242971108885073
541370,Surveying and Mapping (except Geophysical) Services,9263342.770008132,1278942388.524046,0.007242971108885072
541380,Testing Laboratories and Services,20379354.09401789,2813673254.752901,0.007242971108885072
541410,Interior Design Services,8252885.294983979,245101742.10869566,0.03367126330470576
541420,Industrial Design Services,8252885.294983979,245101742.10869566,0.03367126330470576
541430,Graphic Design Services,25937639.49852108,770319760.9130435,0.03367126330470576
541490,Other Specialized Design Services,11789836.1356914,350145345.86956525,0.03367126330470577
541511,Custom Computer Programming Services,226690723.06063378,4296187151.5,0.0527655604997295
541512,Computer Systems Design Services,92856266.27763607,5096861743.377599,0.01821832157764238
541513,Computer Facilities Management Services,9385703.941717502,1216351009.6133332,0.007716279155883737
541519,Other Computer Related Services,4692851.970858751,608175504.8066666,0.007716279155883737
541611,Administrative Management and General Management Consulting Services,11801106.435660034,1052989871.7893616,0.011207236414920342
541612,Human Resources Consulting Services,11801106.435660034,1052989871.7893616,0.011207236414920342
541613,Marketing Consulting Services,5364139.288936379,478631759.9042553,0.011207236414920342
541614,"Process, Physical Distribution, and Logistics Consulting Services",19310901.440170966,1723074335.655319,0.011207236414920342
541618,Other Management Consulting Services,2145655.715574552,191452703.9617021,0.011207236414920342
541620,Environmental Consulting Services,2986806.786756687,285490651.06468964,0.01046201259346984
541690,Other Scientific and Technical Consulting Services,11449426.015900634,1094380829.0813103,0.01046201259346984
541713,Research and Development in Nanotechnology,1233802.8157493228,457592842.18666667,0.002696289587602455
541714,Research and Development in Biotechnology (except Nanobiotechnology),12338028.157493228,4575928421.866667,0.002696289587602455
541715,"Research and Development in the Physical, Engineering, and Life Sciences (except Nanotechnology and Biotechnology)",20357746.459863827,7550281896.08,0.002696289587602455
541720,Research and Development in the Social Sciences and Humanities,8636619.71024526,3203149895.306667,0.0026962895876024547
541810,Advertising Agencies,4785539.141131374,397242735.64528847,0.012046888996869018
541820,Public Relations Agencies,5742646.969357649,476691282.7743461,0.01204688899686902
541830,Media Buying Agencies,1914215.6564525496,158897094.25811538,0.01204688899686902
541840,Media Representatives,7656862.6258101985,635588377.0324615,0.01204688899686902
541850,Indoor and Outdoor Display Advertising,11485293.938715298,953382565.5486922,0.01204688899686902
541860,Direct Mail Advertising,2871323.4846788244,238345641.38717306,0.01204688899686902
541870,Advertising Material Distribution Services,8613970.454036474,715036924.1615192,0.012046888996869022
541890,Other Services Related to Advertising,6699754.797583924,556139829.9034039,0.012046888996869018
541910,Marketing Research and Public Opinion Polling,28590311.415972095,911304449.2500001,0.03137295273769573
541921,"Photography Studios, Portrait",0.0,110605828.44375001,0.0
541922,Commercial Photography,0.0,86026755.45625,0.0
541930,Translation and Interpretation Services,20013217.991180465,637913114.4750001,0.031372952737695727
541940,Veterinary Services,0.0,1524112208.9999998,0.0
541990,"All Other Professional, Scientific, and Technical Services",65757716.25673582,2096000233.2750003,0.03137295273769573
551111,Offices of Bank Holding Companies,256745001.46995798,3096467929.9500003,0.08291544019772998
551112,Offices of Other Holding Companies,855816671.5665267,10321559766.5,0.08291544019772999
551114,"Corporate, Subsidiary, and Regional Managing Offices",599071670.0965686,7225091836.550001,0.08291544019772996
561110,Office Administrative Services,18447746.7156012,1991235465.9474,0.009264472751254476
561210,Facilities Support Services,19339194.696239788,731696586.67612,0.026430620353296984
561311,Employment Placement Agencies,126121580.41131374,8308290723.123526,0.01518020789285741
561312,Executive Search Services,19706496.939267773,1298170425.488051,0.01518020789285741
561320,Temporary Help Services,63060790.20565687,4154145361.561763,0.01518020789285741
561330,Professional Employer Organizations,23647796.327121325,1557804510.585661,0.01518020789285741
561410,Document Preparation Services,8269748.268351783,451285746.7015714,0.018324860310335582
561421,Telephone Answering Services,4410532.409787618,240685731.57417142,0.018324860310335582
561422,Telemarketing Bureaus and Other Contact Centers,4410532.409787618,240685731.57417142,0.018324860310335582
561431,Private Mail Centers,3307899.307340713,180514298.68062857,0.018324860310335582
561439,Other Business Service Centers (including Copy Shops),5513165.512234522,300857164.4677143,0.018324860310335582
561440,Collection Agencies,4961848.96101107,270771448.02094287,0.018324860310335582
561450,Credit Bureaus,5513165.512234522,300857164.4677143,0.018324860310335582
561491,Repossession Services,1102633.1024469044,60171432.893542856,0.018324860310335582
561492,Court Reporting and Stenotype Services,3859215.8585641654,210600015.12739998,0.018324860310335582
561499,All Other Business Support Services,4961848.96101107,270771448.02094287,0.018324860310335582
561510,Travel Agencies,0.0,91732034.86046511,0.0
561520,Tour Operators,0.0,91732034.86046511,0.0
561591,Convention and Visitors Bureaus,0.0,183464069.72093022,0.0
561599,All Other Travel Arrangement and Reservation Services,0.0,947897693.5581396,0.0
561611,Investigation and Personal Background Check Services,11605979.804644506,481197115.68123245,0.024118972093616728
561612,Security Guards and Patrol Services,11605979.804644506,481197115.68123245,0.024118972093616728
561613,Armored Car Services,967164.9837203756,40099759.64010271,0.024118972093616728
561621,Security Systems Services (except Locksmiths),7737319.869763005,320798077.12082165,0.024118972093616728
561622,Locksmiths,3868659.9348815023,160399038.56041083,0.024118972093616728
561710,Exterminating and Pest Control Services,17216776.375772975,454950763.55016124,0.03784316404136492
561720,Janitorial Services,54109868.60957221,1429845256.8719354,0.03784316404136492
561730,Landscaping Services,111292835.90975337,3991366797.0000005,0.027883389718380062
561740,Carpet and Upholstery Cleaning Services,31974013.26929267,844908560.878871,0.03784316404136492
561790,Other Services to Buildings and Dwellings,49190789.64506565,1299859324.4290323,0.03784316404136492
561910,Packaging and Labeling Services,21000696.692802195,558332143.990147,0.03761326822905041
561920,Convention and Trade Show Organizers,42001393.38560439,1116664287.980294,0.03761326822905041
561990,All Other Support Services,39001293.858061224,1036902553.1245587,0.037613268229050416
562111,Solid Waste Collection,7015113.629976259,626949869.5547352,0.01118927360964035
562112,Hazardous Waste Collection,2192223.009367581,195921834.23585474,0.011189273609640352
562119,Other Waste Collection,3946001.4168616454,352659301.62453854,0.01118927360964035
562211,Hazardous Waste Treatment and Disposal,7453558.231849775,666134236.4019061,0.01118927360964035
562212,Solid Waste Landfill,5699779.82435571,509396769.01322234,0.011189273609640352
562213,Solid Waste Combustors and Incinerators,3946001.4168616454,352659301.62453854,0.01118927360964035
562219,Other Nonhazardous Waste Treatment and Disposal,2192223.009367581,195921834.23585474,0.011189273609640352
562910,Remediation Services,7892002.833723291,705318603.2490771,0.01118927360964035
562920,Materials Recovery Facilities,2192223.009367581,195921834.23585474,0.011189273609640352
562991,Septic Tank and Related Services,3946001.4168616454,352659301.62453854,0.01118927360964035
562998,All Other Miscellaneous Waste Management Services,4822890.620608678,431028035.31888044,0.011189273609640352
611110,Elementary and Secondary Schools,0.0,1815002391.0,0.0
611210,Junior Colleges,0.0,531683809.4444444,0.0
611310,"Colleges, Universities, and Professional Schools",0.0,1382377904.5555553,0.0
611410,Business and Secretarial Schools,0.0,82897229.42553192,0.0
611420,Computer Training,0.0,110529639.23404256,0.0
611430,Professional and Management Development Training,0.0,82897229.42553192,0.0
611511,Cosmetology and Barber Schools,0.0,124345844.13829787,0.0
611512,Flight Training,0.0,82897229.42553192,0.0
611513,Apprenticeship Training,0.0,138162049.0425532,0.0
611519,Other Technical and Trade Schools,0.0,525015786.36170214,0.0
611610,Fine Arts Schools,0.0,303956507.89361703,0.0
611620,Sports and Recreation Instruction,0.0,455934761.84042555,0.0
611630,Language Schools,0.0,82897229.42553192,0.0
611691,Exam Preparation and Tutoring,0.0,151978253.94680852,0.0
611692,Automobile Driving Schools,0.0,55264819.61702128,0.0
611699,All Other Miscellaneous Schools and Instruction,0.0,221059278.4680851,0.0
611710,Educational Support Services,0.0,179610663.75531915,0.0
621111,Offices of Physicians (except Mental Health Specialists),0.0,12290889933.45098,0.0
621112,"Offices of Physicians, Mental Health Specialists",0.0,2997778032.5490193,0.0
621210,Offices of Dentists,0.0,5100518805.79,0.0
621310,Offices of Chiropractors,0.0,159378903.25,0.0
621320,Offices of Optometrists,0.0,159378903.25,0.0
621330,Offices of Mental Health Practitioners (except Physicians),0.0,318757806.5,0.0
621340,"Offices of Physical, Occupational and Speech Therapists, and Audiologists",0.0,1115652322.75,0.0
621391,Offices of Podiatrists,0.0,265631505.41666663,0.0
621399,Offices of All Other Miscellaneous Health Practitioners,0.0,1806294236.8333333,0.0
621410,Family Planning Centers,0.0,860509456.0243902,0.0
621420,Outpatient Mental Health and Substance Abuse Centers,0.0,956121617.804878,0.0
621491,HMO Medical Centers,0.0,286836485.34146345,0.0
621492,Kidney Dialysis Centers,0.0,382448647.1219512,0.0
621493,Freestanding Ambulatory Surgical and Emergency Centers,0.0,669285132.4634147,0.0
621498,All Other Outpatient Care Centers,0.0,764897294.2439024,0.0
621511,Medical Laboratories,0.0,285774073.34634143,0.0
621512,Diagnostic Imaging Centers,0.0,330896295.4536585,0.0
621610,Home Health Care Services,0.0,2526264570.0,0.0
621910,Ambulance Services,0.0,243502883.39285713,0.0
621991,Blood and Organ Banks,0.0,535706343.4642857,0.0
621999,All Other Miscellaneous Ambulatory Health Care Services,0.0,584406920.1428571,0.0
622110,General Medical and Surgical Hospitals,0.0,6325068151.496471,0.0
622210,Psychiatric and Substance Abuse Hospitals,0.0,14758492353.491766,0.0
622310,Specialty (except Psychiatric and Substance Abuse) Hospitals,0.0,14758492353.491766,0.0
623110,Nursing Care Facilities (Skilled Nursing Facilities),0.0,3218672689.8028092,0.0
623210,Residential Intellectual and Developmental Disability Facilities,0.0,450702447.7837838,0.0
623220,Residential Mental Health and Substance Abuse Facilities,0.0,788729283.6216216,0.0
623311,Continuing Care Retirement Communities,0.0,965601806.9408429,0.0
623312,Assisted Living Facilities for the Elderly,0.0,2574938151.8422475,0.0
623990,Other Residential Care Facilities,0.0,845067089.5945946,0.0
624110,Child and Youth Services,0.0,689259374.2405173,0.0
624120,Services for the Elderly and Persons with Disabilities,0.0,689259374.2405173,0.0
624190,Other Individual and Family Services,0.0,1696638459.6689656,0.0
624210,Community Food Services,0.0,267433037.7391304,0.0
624221,Temporary Shelters,0.0,534866075.4782608,0.0
624229,Other Community Housing Services,0.0,312005210.6956521,0.0
624230,Emergency and Other Relief Services,0.0,356577383.6521739,0.0
624310,Vocational Rehabilitation Services,0.0,579438248.4347825,0.0
624410,Child Care Services,0.0,1606681941.9999998,0.0
711110,Theater Companies and Dinner Theaters,107424.20779781898,179929534.98646152,0.0005970348770472948
711120,Dance Companies,71616.13853187932,119953023.32430768,0.0005970348770472948
711130,Musical Groups and Artists,134280.25974727373,224911918.7330769,0.0005970348770472948
711190,Other Performing Arts Companies,35808.06926593966,59976511.66215384,0.0005970348770472948
711211,Sports Teams and Clubs,1158610.6231498127,486439802.0491804,0.0023818170681532223
711212,Racetracks,10582.121793621925,16209969.488799999,0.0006528156515614333
711219,Other Spectator Sports,1668399.2973357302,700473314.9508197,0.0023818170681532223
711310,"Promoters of Performing Arts, Sports, and Similar Events with Facilities",279393.30046118813,670863229.7163157,0.0004164683471761206
711320,"Promoters of Performing Arts, Sports, and Similar Events without Facilities",275944.00045549445,662580967.6210525,0.00041646834717612067
711410,"Agents and Managers for Artists, Athletes, Entertainers, and Other Public Figures",100029.70016511674,240185600.76263157,0.0004164683471761206
711510,"Independent Artists, Writers, and Performers",2490774.8025697,593076783.92,0.00419975097677349
712110,Museums,91.51036375567162,210210453.14087814,4.3532737020619763e-07
712120,Historical Sites,24.637405626526977,56595121.999467194,4.353273702061977e-07
712130,Zoos and Botanical Gardens,56.31407000349023,129360278.85592501,4.3532737020619763e-07
712190,Nature Parks and Other Similar Institutions,52.79444062827209,121275261.42742969,4.353273702061977e-07
713110,Amusement and Theme Parks,0.0,77769985.53333333,0.0
713120,Amusement Arcades,0.0,155539971.06666666,0.0
713210,Casinos (except Casino Hotels),0.0,304913971.75,0.0
713290,Other Gambling Industries,0.0,914741915.2499999,0.0
713910,Golf Courses and Country Clubs,19366.69547156116,35499040.67910448,0.0005455554601215133
713920,Skiing Facilities,51644.52125749643,94664108.47761194,0.0005455554601215133
713930,Marinas,38733.39094312232,70998081.35820895,0.0005455554601215133
713940,Fitness and Recreational Sports Centers,725452.2615419549,760176351.6,0.0009543210072439656
713950,Bowling Centers,10831.223435998578,105613752.7,0.00010255504760601673
713990,All Other Amusement and Recreation Industries,755301.1233908853,1384462586.4850748,0.0005455554601215132
721110,Hotels (except Casino Hotels) and Motels,923682.7363917249,152108233.4225354,0.006072536085708546
721120,Casino Hotels,219924.4610456488,36216246.05298461,0.006072536085708547
721191,Bed-and-Breakfast Inns,0.1363662142056422,15033003.366004866,9.07112244210736e-09
721199,All Other Traveler Accommodation,0.61364796392539,67648515.14702189,9.071122442107361e-09
721211,RV (Recreational Vehicle) Parks and Campgrounds,0.3409155355141055,37582508.415012166,9.07112244210736e-09
721214,Recreational and Vacation Camps (except Campgrounds),1.0227466065423165,112747525.2450365,9.071122442107358e-09
721310,"Rooming and Boarding Houses, Dormitories, and Workers' Camps",0.8863803923366744,97714521.87903163,9.07112244210736e-09
722310,Food Service Contractors,453945.71216396266,980845946.1964285,0.00046281040761221993
722320,Caterers,252192.0623133126,544914414.5535715,0.00046281040761221993
722330,Mobile Food Services,605260.9495519502,1307794594.9285715,0.00046281040761221993
722410,Drinking Places (Alcoholic Beverages),504384.1246266252,1089828829.107143,0.00046281040761221993
722511,Full-Service Restaurants,23533460.893649004,13274866415.5101,0.0017727832549902693
722513,Limited-Service Restaurants,22765680.83197022,15313495728.71641,0.0014866416679294987
722514,"Cafeterias, Grill Buffets, and Buffets",100876.82492532504,217965765.82142857,0.00046281040761222
722515,Snack and Nonalcoholic Beverage Bars,907891.4243279253,1961691892.392857,0.00046281040761221993
811111,General Automotive Repair,7739266.787576691,1196629479.6417909,0.006467554844038631
811114,Specialized Automotive Repair,14071394.159230348,2175689962.9850745,0.006467554844038631
811121,"Automotive Body, Paint, and Interior Repair and Maintenance",9146406.203499727,1414198475.9402986,0.006467554844038631
811122,Automotive Glass Replacement Shops,4924987.955730622,761491487.0447761,0.006467554844038631
811191,Automotive Oil Change and Lubrication Shops,2814278.8318460695,435137992.5970149,0.006467554844038631
811192,Car Washes,4047887.383234525,919870670.9,0.004400496190702633
811198,All Other Automotive Repair and Maintenance,8442836.495538209,1305413977.7910447,0.006467554844038631
811210,Electronic and Precision Equipment Repair and Maintenance,36729498.07458062,2143900705.0,0.017132089181611895
811310,Commercial and Industrial Machinery and Equipment (except Automotive and Electronic) Repair and Maintenance,131456243.73368119,2288530034.0,0.05744134522190028
811411,Home and Garden Equipment Repair and Maintenance,2158021.162718771,369567596.37931037,0.005839313792283507
811412,Appliance Repair and Maintenance,2373823.2789906478,406524356.01724136,0.005839313792283506
811420,Reupholstery and Furniture Repair,1726416.9301750166,295654077.1034483,0.005839313792283506
811430,Footwear and Leather Goods Repair,1079010.5813593855,184783798.18965518,0.005839313792283507
811490,Other Personal and Household Goods Repair and Maintenance,5179250.79052505,886962231.3103448,0.005839313792283506
812111,Barber Shops,0.0,126343765.625,0.0
812112,Beauty Salons,0.0,589604239.5833333,0.0
812113,Nail Salons,0.0,210572942.7083333,0.0
812191,Diet and Weight Reducing Centers,0.0,168458354.16666666,0.0
812199,Other Personal Care Services,0.0,926520947.9166666,0.0
812210,Funeral Homes and Funeral Services,0.0,252204382.04761904,0.0
812220,Cemeteries and Crematories,0.0,277424820.25238097,0.0
812310,Coin-Operated Laundries and Drycleaners,413479.6967307171,145660101.51160634,0.0028386613248225054
812320,Drycleaning and Laundry Services (except Coin-Operated),977315.6468180586,344287512.66379684,0.002838661324822505
812331,Linen Supply,451068.7600698732,158901928.9217524,0.002838661324822505
812332,Industrial Launderers,526246.8867481854,185385583.74204445,0.0028386613248225054
812910,Pet Care (except Veterinary) Services,0.0,598692791.68,0.0
812921,Photofinishing Laboratories (except One-Hour),0.0,105651669.12,0.0
812922,One-Hour Photofinishing,0.0,140868892.16,0.0
812930,Parking Lots and Garages,0.0,211303338.24,0.0
812990,All Other Personal Services,0.0,1584775036.8,0.0
813110,Religious Organizations,0.0,4454974726.0,0.0
813211,Grantmaking Foundations,0.0,409356537.59259254,0.0
813212,Voluntary Health Organizations,0.0,204678268.79629627,0.0
813219,Other Grantmaking and Giving Services,0.0,204678268.79629627,0.0
813311,Human Rights Organizations,0.0,286549576.3148148,0.0
813312,"Environment, Conservation and Wildlife Organizations",0.0,286549576.3148148,0.0
813319,Other Social Advocacy Organizations,0.0,818713075.1851851,0.0
813410,Civic and Social Organizations,0.0,1127657935.5466669,0.0
813910,Business Associations,1018013.6624178495,689738591.4545454,0.0014759412841769894
813920,Professional Organizations,848344.7186815413,574782159.5454545,0.0014759412841769894
813930,Labor Unions and Similar Labor Organizations,0.0,245143029.4666667,0.0
813940,Political Organizations,0.0,196114423.57333335,0.0
813990,"Other Similar Organizations (except Business, Professional, Labor, and Political Organizations)",0.0,269657332.41333336,0.0
814110,Private Households,0.0,342361887.5,0.0
