commodity_code,commodity_description,total_demand,auto_demand,auto_share
3001,Oilseeds,36558961699.13142,0.0,0.0
3002,Grains,81473591873.23901,0.0,0.0
3003,Vegetables and melons,27602188121.40657,0.0,0.0
3004,Fruit,22193063730.65865,0.0,0.0
3005,Tree nuts,3525622324.3255744,0.0,0.0
3006,"Greenhouse, nursery, and floriculture products",21004650226.895397,0.0,0.0
3007,Tobacco,357345308.4872292,0.0,0.0
3008,Cotton,1383426031.1080651,0.0,0.0
3009,Sugarcane and sugar beets,5191287648.623565,0.0,0.0
3010,All other crops,16890812186.127344,0.0,0.0
3011,Beef cattle,100570884565.02072,0.0,0.0
3012,Dairy cattle and milk products,45613009084.29868,0.0,0.0
3013,Poultry and egg products,66552408707.58821,0.0,0.0
3014,"Animal products, except cattle and poultry and eggs",36863579860.68886,0.0,0.0
3015,"Forest, timber, and forest nursery products",2990857884.6380434,0.0,0.0
3016,Logs and roundwood,8448433801.441412,0.0,0.0
3017,Fish,5078481611.315142,0.0,0.0
3018,"Wild game products, pelts, and furs",2233355437.151093,0.0,0.0
3019,Support activities for agriculture and forestry,48706937957.41137,0.0,0.0
3020,Natural gas and crude petroleum,292337097858.45996,0.0,0.0
3021,Coal,40857229755.84161,54544417.644348726,0.0013350003896568678
3022,"Copper, nickel, lead, and zinc ore",13190667331.27967,0.0,0.0
3023,Iron ore,4340058230.911649,21214704.10986074,0.004888115085360156
3024,Gold ore and silver ore,12286194349.726753,0.0,0.0
3025,Other metal ore,2475787040.803632,2134272.148509466,0.0008620580499592116
3026,Stone,20667682949.161564,0.0,0.0
3027,Sand and gravel,13633035691.956074,0.0,0.0
3028,"Other clay, ceramic, refractory minerals",1500655855.483594,0.0,0.0
3029,Other nonmetallic minerals,2568004716.023559,0.0,0.0
3030,Oil and gas wells,10445942321.485329,0.0,0.0
3031,Support activities for oil and gas operations,84319620628.24416,0.0,0.0
3032,Metal mining services,1300721949.0762482,0.0,0.0
3033,Other nonmetallic minerals services,2839150206.33915,0.0,0.0
3034,Electricity,276187450227.9446,0.0,0.0
3042,Electricity transmission and distribution,476716459532.99744,2626367749.977191,0.005509286909350775
3043,Natural gas distribution,128502739624.30928,421372046.40146434,0.0032790899838663987
3044,"Water, sewage and other systems",111205548335.56746,214175368.27133352,0.0019259413894084697
3045,Newly constructed health care structures,64056169723.1111,0.0,0.0
3046,Newly constructed manufacturing structures,121364019696.547,0.0,0.0
3047,Newly constructed power and communication structures,148938797343.14398,0.0,0.0
3048,Newly constructed educational and vocational structures,111456074477.272,0.0,0.0
3049,Newly constructed highways and streets,184673505866.025,0.0,0.0
3050,"Newly constructed commercial structures, including farm structures",243376881135.02496,0.0,0.0
3051,Newly constructed nonresidential structures,139480808713.14496,0.0,0.0
3052,Newly constructed single-family residential structures,487342844054.09393,0.0,0.0
3053,Newly constructed multifamily residential structures,123400348845.2037,0.0,0.0
3054,Newly constructed residential structures,391472167861.4049,0.0,0.0
3055,Maintained and repaired nonresidential structures,252035728962.0765,1009244845.4563006,0.004004372116653986
3056,Maintained and repaired residential structures,100977022376.28006,0.0,0.0
3057,"Maintained and repaired highways, streets, bridges, and tunnels",43122252546.78936,0.0,0.0
3058,Dog and cat food,37605972314.37033,0.0,0.0
3059,Other animal food,58710412310.23072,0.0,0.0
3060,Flour,17936142481.74189,0.0,0.0
3061,Rice,3351865062.3955994,0.0,0.0
3062,Malt,1801136196.02208,0.0,0.0
3063,Wet corn,29511973175.636284,0.0,0.0
3064,Soybean and other oilseed processing,54260068152.623215,0.0,0.0
3065,Fats and oils refining and blending,20553700146.59789,0.0,0.0
3066,Breakfast cereal,12038390506.868242,0.0,0.0
3067,Beet sugar,5057424047.343537,0.0,0.0
3068,Sugar cane,8537015951.643967,0.0,0.0
3069,Nonchocolate confectioneries,14647571784.393778,0.0,0.0
3070,Chocolate and confectioneries  from cacao beans,3043807676.88464,0.0,0.0
3071,Confectioneries from purchased chocolate,15982756509.921589,0.0,0.0
3072,"Frozen fruits, juices and vegetables",18213388861.420002,0.0,0.0
3073,Frozen specialties,26523955227.589176,0.0,0.0
3074,Canned fruits and vegetables,35049657328.01188,0.0,0.0
3075,Canned specialties,12396603538.627964,0.0,0.0
3076,Dehydrated food products,9937367128.174538,0.0,0.0
3077,Cheese,60318801318.22708,0.0,0.0
3078,"Dry, condensed, and evaporated dairy products",22324980458.931362,0.0,0.0
3079,Fluid milk,47388851613.27676,0.0,0.0
3080,Creamery butter,4037979876.92768,0.0,0.0
3081,Ice cream and frozen dessert,10559765120.525646,0.0,0.0
3082,Frozen cakes and other pastries,5683498987.330698,0.0,0.0
3083,Processed poultry meat products,88025157204.651,0.0,0.0
3084,Meat (except poultry) produced in slaughtering plant,85464791570.68495,0.0,0.0
3085,Meat processed from carcasses,104465745575.73703,0.0,0.0
3086,Processed animal rendered byproducts,8220476296.485737,0.0,0.0
3087,Seafood products,20045571720.258892,0.0,0.0
3088,"Bread and bakery products, except frozen",70626858824.48073,0.0,0.0
3089,Cookies and crackers,13123232326.168133,0.0,0.0
3090,"Dry pasta, mixes, and dough",15774805813.033457,0.0,0.0
3091,Tortillas,4688783496.398892,0.0,0.0
3092,Roasted nuts and peanut butter,14989258197.688961,0.0,0.0
3093,Other snack foods,40840632820.26745,0.0,0.0
3094,Coffee and tea,18899343433.968964,0.0,0.0
3095,Flavoring syrup and concentrate,20547853925.800346,0.0,0.0
3096,"Mayonnaise, dressings, and sauces",13300832028.22705,0.0,0.0
3097,Spices and extracts,21081144491.22533,0.0,0.0
3098,All other food products,50677933620.96087,0.0,0.0
3099,Bottled and canned soft drinks and water,75604029260.25777,0.0,0.0
3100,Manufactured ice,1549969876.195564,0.0,0.0
3101,"Beer, ale, malt liquor and nonalcoholic beer",38246926362.82522,0.0,0.0
3102,Wine and brandies,30689964456.522015,0.0,0.0
3103,Distilled liquors except brandies,25485286028.956646,0.0,0.0
3104,"Cigarettes, cigars, smoking and chewing tobacco, and reconstituted tobacco",52367703178.07824,0.0,0.0
3105,"Fiber filaments, yarn, and thread",2559741156.8698745,82100454.61319005,0.03207373307759948
3106,Broadwoven fabrics and felts,3947402416.639345,4137451.6851672702,0.00104814540005519
3107,Narrow fabrics  and schiffli machine embroidery,573267265.703852,0.0,0.0
3108,Nonwoven fabrics,4492686963.600704,83088325.74696304,0.018494127549979835
3109,Knitted fabrics,851476509.1983675,34702662.93879694,0.04075586650237499
3110,Finished textiles and fabrics,8076750984.028793,551840596.5007199,0.06832457724547232
3111,Coated fabric coating,2549756978.2933283,57731704.64056485,0.02264204201892503
3112,Carpets and rugs,10900800260.832788,1166609521.569338,0.10702053919481803
3113,Curtains and linens,3655123413.2522826,0.0,0.0
3114,Textile bags and canvas,3671080425.5998616,0.0,0.0
3115,"Rope, cordage, twine, tire cord and tire fabric",3552905399.8562765,0.0,0.0
3116,Other textile products,7581364630.837633,206647778.21041495,0.027257332719476824
3117,Knitted apparel,486323242.8991577,4109.7974778768685,8.450752740865938e-06
3118,Cut and sewn apparel,15367924005.9108,0.0,0.0
3120,Apparel accessories and other apparel,2355362449.3642874,196707.61885146392,8.351479786245014e-05
3121,Tanned and finished leather and hides,947801378.6488612,479322245.5230739,0.5057201395996829
3122,Footwear,2645165836.131617,0.0,0.0
3123,Other leather and allied products,2167059521.649772,33627137.17888332,0.01551740357979791
3124,Dimension lumber,49909192034.63889,470231977.0881264,0.009421750942426947
3125,Preserved wood products,11116361539.76572,156347207.94129226,0.014064602647368314
3126,Veneer and plywood,12472847049.608889,405706544.1040596,0.032527180241241016
3127,Engineered wood members and trusses,18689738389.041126,696487912.2364888,0.037265792475986714
3128,Reconstituted wood products,16072136921.122253,471499835.9812438,0.029336474564349395
3129,Wood windows and doors,20419448085.751694,464484055.8414924,0.022747140563784417
3130,"Cut stock, resawn and planed lumber",1787947657.9027581,192448264.9600039,0.10763640876699014
3131,"Other millwork, including flooring",11660425922.936394,293228804.9532552,0.025147349409978727
3132,Wood containers and pallets,18114218473.326633,539806149.5570979,0.02980013464847892
3133,Manufactured homes (mobile homes),10058110787.238005,0.0,0.0
3134,Prefabricated wood buildings,7080226038.249429,0.0,0.0
3135,All other miscellaneous wood products,8104116396.983563,24772677.987070944,0.003056801849032128
3136,Wood pulp,338497542.8850688,0.0,0.0
3137,Paper from pulp,48227503811.143036,59871327.70031813,0.0012414353422638632
3138,Paperboard from pulp,28434191195.01545,258732905.74327502,0.009099358725161532
3139,Paperboard containers,91156691999.56541,5766439774.632751,0.06325854578685504
3140,Paper bags and coated and treated paper,23081935950.118446,172734018.46807575,0.007483515197397875
3141,Stationery products,5955157649.734106,0.0,0.0
3142,Sanitary paper products,20576636563.75191,0.0,0.0
3143,All other converted paper products,7330010253.887664,6359003.796965548,0.0008675300001924121
3144,Printed materials,64772585499.16696,4771283.68508601,7.366208478967345e-05
3145,Printing support services,4210535532.312639,0.0,0.0
3146,Refined petroleum products,613474429664.6659,243881464.02866864,0.0003975413680436165
3147,Asphalt paving mixtures and blocks,20102526507.83745,91695464.40917592,0.004561390050819048
3148,Asphalt shingles and coating materials,21798334174.97248,0.0,0.0
3149,Petroleum lubricating oil and grease,25924189558.465725,170822361.5168068,0.0065893038288259076
3150,All other petroleum and coal products,8820209817.520464,71464733.38816069,0.008102384735361188
3151,Petrochemicals,187995812832.93417,52030977.375070244,0.00027676668214578003
3152,Industrial gases,36610475004.20236,61725571.15208405,0.0016860084755797031
3153,Synthetic dyes and pigments,6199500948.356754,14162457.254931089,0.002284451179684875
3154,Other basic inorganic chemicals,34746869814.47137,72369472.16758098,0.0020827623482055514
3155,Other basic organic chemicals,110284623452.9233,454709718.93509084,0.004123056367229569
3156,Plastics materials and resins,90468769397.19809,2021423068.7257586,0.022343877143401976
3157,Synthetic rubbers,6656574338.731833,31182665.716063008,0.004684491471029485
3158,Artificial and synthetic fibers and filaments,24297285115.87652,2020227287.5282588,0.0831462148093322
3159,Nitrogenous fertilizer,18433918464.19568,9210981.583782366,0.0004996757255747288
3160,Phosphatic fertilizer,12279198693.152668,6928054.667581792,0.0005642106493028026
3162,Pesticides and other agricultural chemicals,26318188557.604267,0.0,0.0
3163,Medicines and botanicals,27198944436.621326,0.0,0.0
3164,Pharmaceuticals,250440296279.8447,0.0,0.0
3165,In-vitro diagnostic substances,7851450060.206962,0.0,0.0
3166,Biological products (except diagnostic),16904477617.93966,0.0,0.0
3167,Paints and coatings,37758949948.321495,6851647089.1105995,0.1814575643254925
3168,Adhesives,18032760842.10072,3438925971.9787197,0.1907043520451915
3169,Soaps and other detergents,31676088058.8738,20311692.035722066,0.000641231076197615
3170,Polish and other sanitation goods,18105573692.07916,8867904.77997991,0.0004897886656780972
3171,Surface active agents,720196950.1975414,480093.15882770484,0.0006666137071200053
3172,Toilet preparations,44157447840.80566,0.0,0.0
3173,Printing inks,3650219981.239694,0.0,0.0
3174,Explosives,3103797484.434804,0.0,0.0
3175,Compounded resins,11801073507.886042,302218775.15324503,0.025609430781978266
3176,Photographic films and chemicals,4267805981.828185,5183907.814030473,0.0012146540484977392
3177,Other miscellaneous chemical products,29555073684.34768,73825279.20075206,0.002497888517863849
3178,Plastics packaging materials and unlaminated films and sheets,47946475114.92094,2788459971.766812,0.058157767908553586
3179,Unlaminated plastics profile shapes,11602101682.72056,536166064.9594409,0.04621283967524374
3180,Plastics pipes and pipe fittings,25476038208.91391,400973606.0397998,0.015739244962330978
3181,"Laminated plastics plates, sheets (except packaging), and shapes",8088081098.097337,302348045.6051246,0.03738192556900175
3182,Polystyrene foam products,14179157035.64268,262475930.5655985,0.01851139174958024
3183,Urethane and other foam products (except polystyrene),18624505896.680157,1869698836.5643363,0.10038917794311057
3184,Plastics bottles,18000298404.31293,0.0,0.0
3185,Other plastics products,112475306396.80501,6166943697.700994,0.05482931227539357
3186,Tires,20849773883.968662,3546484933.766977,0.1700970453446433
3187,Rubber and plastics hoses and belts,7329273984.404905,2319558865.66857,0.31647866768305905
3188,Other rubber products,15651754048.028772,2165179596.512327,0.13833462945228278
3189,"Pottery, ceramics, and plumbing fixtures",2972370730.8000274,39874284.60198717,0.013414976869744246
3190,"Bricks, tiles, and other structural clay products",7318775039.703298,116728508.2505792,0.01594918652607081
3191,Flat glass,3558660917.477535,86259148.45192288,0.024239215382471858
3192,Other pressed and blown glass and glassware,10129089568.05592,1242751025.496437,0.12269128603775974
3193,Glass containers,5130101914.979169,0.0,0.0
3194,Glass products made of purchased glass,10223194327.45612,3122354985.559353,0.3054187258451832
3195,Cement,11132794410.618618,29388111.98447975,0.002639778558782057
3196,Ready-mix concrete,54459068782.16638,44197403.64798946,0.0008115710502648681
3197,Concrete blocks and bricks,7870716391.809434,182616411.1106681,0.023202006274893307
3198,Concrete pipes,3746505872.0030627,0.0,0.0
3199,Other concrete products,19078102262.340027,271577475.1297921,0.014235036137000018
3200,Lime,2848337906.3893676,0.0,0.0
3201,Gypsum products,10217058218.830578,169042668.71364412,0.01654514098804777
3202,Abrasive products,2887006179.1752887,148843323.66110712,0.051556288564517785
3203,Cut stone and stone products,7895220414.932484,0.0,0.0
3204,Ground or treated mineral and earth products,3848072532.3439817,95327760.18266498,0.024772859498206456
3205,Mineral wool,11349620736.683825,956208546.2460771,0.08425026425380498
3206,Miscellaneous nonmetallic mineral products,5675163018.178057,313793594.51555264,0.055292437152984604
3207,Iron and steel and ferroalloy products,212430213403.24316,24368796260.507423,0.11471436134298675
3210,Steel wire,13699774058.249424,98901716.30239081,0.007219222439864721
3211,Aluminum products,16126930972.275555,1067286933.5268435,0.06618041184411708
3213,"Aluminum sheets, plates, and foils",31457941207.812725,4134483759.978195,0.13142893658124635
3214,"Rolled, drawn, and extruded aluminum",3644586794.0064096,460762381.51489526,0.12642376421728452
3215,Nonferrous metal (exc aluminum) smelting and refining,14520452384.731617,577624751.2068772,0.03978007956654675
3216,"Rolled, drawn, extruded, and alloyed copper",45357514875.10546,4376837732.547569,0.09649641839063372
3217,"Nonferrous metal, except copper and aluminum, shaping",3623153691.392055,130539544.61345617,0.036029259515983014
3218,Secondary processing of other nonferrous metals,2944515585.164908,267950001.94280326,0.09099968880884585
3219,Ferrous metals,21387255296.586136,5531966923.46565,0.25865716973737485
3220,Nonferrous metals,14595814063.54527,6263702055.322602,0.4291437276504447
3221,Custom roll formed metals,4475177340.964768,1568863135.2598016,0.3505700480065406
3222,"Metal crowns, closures, and other stamped metal (except automotive)",15226471026.351952,1217552602.8818839,0.07996288836557766
3223,Iron and steel forgings,11098768539.504204,951309414.7525074,0.08571306009008849
3224,Nonferrous forgings,4933884259.753742,379622471.23739433,0.0769419084946962
3225,"Cutlery, utensils, pots, and pans",5434932548.642442,75732883.43201943,0.013934466114199757
3226,Handtools,6806448663.46585,89235023.41824049,0.013110364571941388
3227,Prefabricated metal buildings and components,17262781833.576153,0.0,0.0
3228,Fabricated structural metal products,43870038115.423615,90595660.04049802,0.0020650918926064673
3229,Plates,14381765287.492765,1840217981.8297837,0.12795494468472143
3230,Metal windows and doors,20877514707.426956,6503986.7378423605,0.0003115306984086873
3231,Sheet metal work (except stampings),37518823558.65507,1209235382.473925,0.03223009859526823
3232,Ornamental and architectural metal products,11923957315.723648,3146805.852415614,0.00026390616546958335
3233,Power boilers and heat exchangers,6953811120.932119,0.0,0.0
3234,Metal tanks (heavy gauge),12170296602.354578,12069894.418503027,0.0009917502270378419
3235,Metal cans,22738745953.60768,260267981.73548865,0.011446012997660281
3236,"Metal barrels, drums and pails",5437970660.673717,154911713.01031154,0.02848704464895354
3237,Hardware,9175683182.901468,634783845.104834,0.06918109882953775
3238,Spring and wire products,7470550992.396223,1542697713.367555,0.2065038729991622
3239,Machined products,54964754345.39955,4589528501.681161,0.08349948173770554
3240,"Turned products and screws, nuts, and bolts",20479629374.359825,3565507419.961199,0.1741001926736603
3241,Heat treated products,5384935617.488656,284479635.8934717,0.05282879055592924
3242,Coated and engraved products,22976485528.852303,1273540686.8346918,0.05542800204302204
3243,"Electroplated, anodized, and colored metal",11605935577.649584,639233421.8184401,0.05507814665535966
3244,"Valve and fittings, other than plumbing",23362908332.199684,1115896961.7955596,0.04776361512567279
3245,Plumbing fixture fittings and trims,7846282646.350363,38805705.94759168,0.00494574407992323
3246,Balls and roller bearings,5654551392.212379,673611854.3713269,0.11912737326944198
3247,Small arms ammunition,5932911308.724153,0.0,0.0
3248,"Ammunition, except for small arms",4262551101.461216,0.0,0.0
3249,"Small arms, ordnance, and accessories",13180259091.317965,0.0,0.0
3250,Fabricated pipes and pipe fittings,10145963401.427715,4514564.344066001,0.0004449616232038371
3251,Other fabricated metals,21287738080.074715,268993114.3695255,0.012636059000617946
3252,Farm machinery and equipment,46145696748.10966,0.0,0.0
3253,Lawn and garden equipment,9930006467.394636,0.0,0.0
3254,Construction machinery,50627703880.839615,0.0,0.0
3255,Mining machinery,2756444211.035882,0.0,0.0
3256,Oil and gas field machinery,23323807949.166096,0.0,0.0
3257,Semiconductor machinery,12929665171.968588,0.0,0.0
3258,Food product machinery,5779262734.693569,0.0,0.0
3259,"Sawmill, woodworking, and paper machinery",3545707119.157003,0.0,0.0
3260,All other industrial machinery,16038960723.12824,0.0,0.0
3261,Commercial and service industry machinery,27135629383.434334,13966150.847964453,0.0005146794515291567
3262,Industrial and commercial fan and blower and air purification equipment,8635367162.535402,23041113.615406934,0.0026682262817232555
3263,Heating equipment (except warm air furnaces),5733627606.40032,0.0,0.0
3264,"Air conditioning, refrigeration, and warm air heating equipment",43794690996.76581,1514819124.9771757,0.0345891040785981
3265,Industrial molds,6880234983.475179,1695826.8974452082,0.00024647804929892855
3266,"Special tool, die, jig, and fixture",13402244752.746796,93472891.09001596,0.006974420540324684
3267,Cutting tool and machine tool accessory,4778782734.831007,86946458.20412685,0.018194268923423143
3268,Machine tool,12384766337.667433,33042496.94334353,0.002667995183958134
3269,Rolling mill and other metalworking machinery,3667679495.9902024,0.0,0.0
3270,Turbine and turbine generator set units,2418137112.6696153,0.0,0.0
3271,"Speed changers, industrial high-speed drives, and gears",2425231401.2332153,891644100.8333743,0.36765320636207277
3272,Mechanical power transmission equipment,3038556302.1349297,1093316624.6970744,0.35981450267315956
3273,Other engine equipment,46447839189.509476,16195326315.8836,0.3486777124293311
3274,"Measuring, dispensing, and other pumping equipment",12225267344.382095,0.0,0.0
3275,Air and gas compressors,5881663252.504416,8171542.920617883,0.0013893251908188443
3276,Elevators and moving stairways,4682934561.268851,0.0,0.0
3277,Conveyor and conveying equipment,11351922118.754103,9653740.607127827,0.0008504058172826281
3278,"Overhead cranes, hoists, and monorail systems",7983579436.281755,5628903.309976994,0.0007050600992828074
3279,"Industrial trucks, trailers, and stackers",13915290529.319378,29112857.188311215,0.0020921487141767336
3280,Power-driven handtools,7264870772.689124,0.0,0.0
3281,Welding and soldering equipment,7166806212.69498,49969638.47774029,0.006972371931757575
3282,Packaging machinery,10079907686.56766,0.0,0.0
3283,Industrial process furnaces and ovens,2277552129.5006285,0.0,0.0
3284,Fluid power cylinders and actuators,4032805538.9256573,1668025778.0206478,0.4136142350332645
3285,Fluid power pumps and motors,7771922731.5295315,2550429385.530757,0.3281593852167425
3286,"Scales, balances, and miscellaneous general purpose machinery",7153076754.484712,46832499.4692927,0.00654718257286006
3287,Electronic computers,52914690741.219986,219702980.35892287,0.004152022383224032
3288,Computer storage devices,10392799760.1262,377671.8610007631,3.6339761153656344e-05
3289,Computer terminals and other computer peripheral equipment,11745804226.38347,26299555.208661105,0.0022390595570788542
3290,Telephone apparatus,6891996417.079433,0.0,0.0
3291,Broadcast and wireless communications equipment,12391913131.774178,1589416.6621339954,0.00012826241156085598
3292,Other communications equipment,8506159213.073788,0.0,0.0
3293,Audio and video equipment,15141448688.0515,881990032.4126458,0.05825004268638089
3294,Printed circuit assemblies (electronic assemblies),32034581652.189083,997306263.8413103,0.031132176928964493
3295,Bare printed circuit boards,6927208196.075148,763322022.6396844,0.11019186965856913
3296,Semiconductors and related devices,144225493187.02203,8484492651.126119,0.05882796767506277
3297,"Capacitors, resistors, coils, transformers, and other inductors",3002176975.2646437,90424124.58763798,0.0301195183803803
3298,Electronic connectors,6918711121.597171,0.0,0.0
3299,Other electronic components,17456800569.74074,2509345763.057066,0.14374602912097845
3300,Electromedical and electrotherapeutic apparatus,33603412469.708908,0.0,0.0
3301,"Search, detection, and navigation instruments",72251899988.86319,0.0,0.0
3302,Automatic environmental controls,3892183205.557577,9812834.376196971,0.002521164564449434
3303,Industrial process variable instruments,14883264618.53611,6763795.212006677,0.0004544564237326549
3304,Totalizing fluid meters and counting devices,3235220840.2112145,322988264.86743873,0.09983499761529482
3305,Electricity and signal testing instruments,13056245097.55781,0.0,0.0
3306,Analytical laboratory instruments,17689650774.585724,0.0,0.0
3307,Irradiation apparatus,9646170802.618023,0.0,0.0
3308,"Watches, clockes, and other measuring and controlling devices",19009262434.107395,0.0,0.0
3309,Magnetic and optical media,9885615627.475428,24697883.5054972,0.0024983657504195826
3310,Electric lamp bulbs and parts,2107909896.0344715,221533637.69865605,0.1050963507099704
3311,Lighting fixtures,13265261258.350967,72126231.725839,0.005437226626835781
3312,Small electrical appliances,4791548858.222259,0.0,0.0
3313,Major household appliances,33067657133.944668,0.0,0.0
3314,"Power, distribution, and specialty transformers",11621837211.927996,1453348.8078570438,0.00012505327525715203
3315,Motors and generators,12234766013.129215,39201900.61437242,0.0032041397908472114
3316,Switchgear and switchboard apparatus,16247398367.34528,14122878.498199198,0.0008692393809081438
3317,Relay and industrial controls,14900902300.976698,222869786.74658367,0.014956798067991856
3318,Batteries,19868046315.528217,3046183612.0510297,0.15332074244613733
3319,Fiber optic cables,6494246792.139457,13701532.956190113,0.0021097955459244717
3320,Other communication and energy wires,5891770323.163714,605001964.7260977,0.10268593844324005
3321,Wiring devices,14909430166.002333,1540713267.635965,0.10333817258483975
3322,Carbon and graphite products,3631734108.8007984,0.0,0.0
3323,All other miscellaneous electrical equipment and components,9599340205.04599,2747168.4637817834,0.0002861830506160941
3324,Automobiles and light duty motor vehicles,332586122992.2386,7044004.011887904,2.1179488634443978e-05
3325,Heavy duty trucks,35526626146.061455,416549918.9140825,0.011725006399468135
3326,Motor vehicle bodies,11208448442.3942,1774011892.2310164,0.15827452848166695
3327,Truck trailers,16488258572.970531,9495000.369975032,0.0005758643538948582
3328,Motor homes,9395874924.05823,0.0,0.0
3329,Travel trailers and campers,17124400241.104893,52607244.54744542,0.003072063477071073
3330,Motor vehicle gasoline engines and engine parts,33696241720.21701,16002492019.035995,0.47490435734365144
3331,Motor vehicle electrical and electronic equipment,29891831544.349487,8534705123.441346,0.28551964474905783
3332,Motor vehicle transmission and power train parts,51223945062.30854,26734975985.53734,0.5219234081447076
3333,Motor vehicle seating and interior trim,34844245836.758575,31510041236.327972,0.9043111848064963
3334,Motor vehicle stamped metal,33744038168.03618,33038322668.970936,0.9790862167843999
3335,Other motor vehicle parts,64946200995.85036,25136480896.45357,0.38703543103405896
3336,"Motor vehicle steering, suspension components (except spring), and brake systems",19781927382.18659,8918117445.625214,0.4508214631126329
3337,Aircrafts,75418519456.84999,0.0,0.0
3338,Aircraft engines and engine parts,51946381607.66438,0.0,0.0
3339,Other aircraft parts and auxiliary equipment,33635498220.961395,0.0,0.0
3340,Guided missiles and space vehicles,42603059291.07537,0.0,0.0
3341,Propulsion units and parts for space vehicles and guided missiles,7238439867.33482,0.0,0.0
3342,Railroad rolling stock,7757655409.897412,0.0,0.0
3343,Ships,33595336176.679195,0.0,0.0
3344,Boats,17004526187.062984,0.0,0.0
3345,"Motorcycles, bicycles, and parts",6623998003.355217,0.0,0.0
3346,"Military armored vehicles, tanks, and tank components",3816503507.2803917,0.0,0.0
3347,All other transportation equipment,11913291990.541021,0.0,0.0
3348,Wood kitchen cabinets and countertops,23857079256.73976,38812203.829598345,0.0016268631801872257
3349,Upholstered household furniture,10673455724.78111,0.0,0.0
3350,Nonupholstered wood household furniture,5162213382.502307,0.0,0.0
3351,Other household nonupholstered furniture,4473874698.438802,0.0,0.0
3352,Institutional furniture,4397621346.709727,0.0,0.0
3353,Wood office furniture,4790346305.755377,0.0,0.0
3354,Custom architectural woodwork and millwork,5920224670.77079,0.0,0.0
3355,"Office furniture, except wood",9636975389.168596,0.0,0.0
3356,"Showcases, partitions, shelvings, and lockers",10499876217.629494,0.0,0.0
3357,Mattresses,10211046869.913507,0.0,0.0
3358,Blinds and shades,2572750312.5705156,0.0,0.0
3359,Surgical and medical instruments,49014588952.97847,0.0,0.0
3360,Surgical appliance and supplies,37599075606.666046,15484458.591570519,0.00041183083205442516
3361,Dental equipment and supplies,5575712650.607856,0.0,0.0
3362,Ophthalmic goods,8377930828.805605,4462463.4134880975,0.000532645053375821
3363,Dental laboratories,6198641575.858438,0.0,0.0
3364,Jewelry and silverware,4279984936.8124485,0.0,0.0
3365,Sporting and athletic goods,16342267993.598106,0.0,0.0
3366,"Dolls, toys, and games",6059431751.455523,0.0,0.0
3367,Office supplies (except paper),3484476840.981241,7569115.821578178,0.002172238808580139
3368,Signs,12329298011.973923,0.0,0.0
3369,"Gaskets, packings, and sealing devices",4818180040.91258,490239096.3623804,0.10174777451228814
3370,Musical instruments,2117172771.3482544,0.0,0.0
3371,"Fasteners, buttons, needles, and pins",3107158017.935934,0.0,0.0
3372,"Brooms, brushes, and mops",2646190466.549314,0.0,0.0
3373,Burial caskets,859478131.3729898,0.0,0.0
3374,All other miscellaneous manufactured products,22843579340.986595,26613990.43470862,0.0011650534286873795
3375,Wholesale services - Motor vehicle and motor vehicle parts and supplies,152204100093.69687,61466077786.236435,0.4038398292056384
3376,Wholesale services - Professional and commercial equipment and supplies,238850032712.8921,2399711760.433322,0.010046939216114228
3377,Wholesale services - Household appliances and electrical and electronic goods,274165858613.1188,9332298594.560131,0.03403887939135826
3378,"Wholesale services - Machinery, equipment, and supplies",187713708632.6802,20216620420.68143,0.10769922222484819
3379,Wholesale services - Other durable goods merchant wholesalers,419184088925.3143,17566187358.680317,0.04190566346092891
3380,Wholesale services - Drugs and druggists’ sundries,252450494972.45978,1188633040.4973216,0.004708380708966293
3381,Wholesale services - Grocery and related product wholesalers,235698807800.76324,566903667.463042,0.002405203796967217
3382,Wholesale services - Petroleum and petroleum products,236914483683.66443,293613768.1571801,0.001239323842054428
3383,Wholesale services - Other nondurable goods merchant wholesalers,477945292664.02704,5053403890.953469,0.010573184773483632
3384,Wholesale services - Wholesale electronic markets and agents and brokers,39472798007.361855,640128557.6886765,0.01621695420652191
3385,Retail services - Motor vehicle and parts dealers,425680921460.829,3542534732.6054974,0.00832204252999739
3386,Retail services - Furniture and home furnishings stores,16474464612.408554,4087257.838325319,0.0002480965502968029
3387,Retail services - Electronics and appliance stores,14432936613.07804,3400765.1783477725,0.00023562531101718103
3388,Retail services - Building material and garden equipment and supplies stores,229816723010.88602,614862475.2392018,0.0026754470570450038
3389,Retail services - Food and beverage stores,338805441413.89276,12710963.143583687,3.7516998223342207e-05
3390,Retail services - Health and personal care stores,195373424610.57428,2763763.696419129,1.4146057489282218e-05
3391,Retail services - Gasoline stores,128433106055.74393,37093186.391116336,0.00028881327821361535
3392,Retail services - Clothing and clothing accessories stores,198561066117.49353,2115738.5403931616,1.0655354454741024e-05
3393,"Retail services - Sporting goods, hobby, musical instrument and book stores",13222202091.308578,3367339.812217018,0.0002546731466485821
3394,Retail services - General merchandise stores,297427865774.80914,179545099.29524294,0.0006036593068625974
3395,Retail services - Miscellaneous store retailers,293192640126.46826,70189327.10229157,0.0002393966201607772
3396,Air transportation services,286681381216.67163,515516603.43147945,0.0017982214305080938
3397,Rail transportation services,78539974420.67987,1554306660.0331705,0.019790007209677874
3398,Water transportation services,42701872893.91299,73008048.33578306,0.0017097153681563725
3399,Truck transportation services,465841103617.85846,11567488561.370176,0.024831403823178486
3400,Transit and ground passenger transportation services,134985727629.26082,97882898.05883586,0.0007251351663464146
3401,Pipeline transportation services,67751412763.091644,12660422.941170547,0.00018686581467224336
3402,Scenic and sightseeing transportation  services and support activities for transportation,117818794285.50333,6768788.133526601,5.745083519632866e-05
3403,Couriers and messengers services,157914334402.44107,0.0,0.0
3404,Warehousing and storage services,192819307630.49823,148097294.34957588,0.0007680625771843158
3405,Newspapers,11450341591.957882,0.0,0.0
3406,Periodicals,13026599111.226948,1624680.5961383379,0.00012472024219568637
3407,Books,33386610452.343758,15139553.811549405,0.0004534618401337773
3408,"Directories, mailing lists, and other published materials",12234381008.25503,0.0,0.0
3409,Greeting cards,966985150.7511759,0.0,0.0
3410,Software publishers,414381866419.65753,18620507.07837259,4.493562239886969e-05
3411,Motion pictures and videos,134338847990.61488,0.0,0.0
3412,Sound recordings,33672109003.816013,0.0,0.0
3413,Radio and television broadcasts,95930475397.7709,0.0,0.0
3414,Cable and other subscription programming,24173724795.534855,0.0,0.0
3415,Wired telecommunications,364713449965.46765,156392750.5310725,0.00042880993433579243
3416,Wireless telecommunications (except satellite),268901610464.2065,169600959.21832055,0.0006307175287107331
3417,"Satellite, telecommunications resellers, and all other telecommunications",38028350584.32179,227587082.40468556,0.005984668777575497
3418,"Data processing, hosting, and related services",501217726850.2233,1063087208.6491017,0.0021210087985710437
3419,"News syndicates, libraries, archives and all other information services",13777653558.058102,0.0,0.0
3420,Internet publishing and broadcasting and web search portals,112919640260.06343,0.0,0.0
3421,Nondepository credit intermediation and related activities,313787178008.30914,458864121.54960513,0.0014623418473059925
3422,Securities and commodity contracts intermediation and brokerage,226325689080.05664,2206553348.3898296,0.00974946042298062
3423,Monetary authorities and depository credit intermediation,901569244176.318,2798893792.6497784,0.0031044690252348545
3424,Other financial investment services,581720461317.6783,16689084.748363856,2.8689182963516085e-05
3425,Direct life insurance,101458081612.92789,0.0,0.0
3426,Other insurance,688530950181.0168,920708988.805082,0.001337207846013349
3427,"Insurance agencies, brokerages, and related services",582680851399.4247,3204551250.607439,0.005499668030811495
3428,"Funds, trusts, and other financial services",153370697877.6686,0.0,0.0
3429,Other real estate services,1790501225736.8901,180501883.01203948,0.00010081081231192846
3430,Tenant-occupied real estate services,625503659448.2787,0.0,0.0
3431,Owner-occupied housing,2171573000000.0002,0.0,0.0
3432,Automotive equipment rental and leasing services,157779713920.39285,184910274.3707275,0.0011719521462944425
3433,General and consumer goods rental  servicesexcept video tapes and discs,35938652205.68945,28482656.95964032,0.0007925354795339605
3434,Video tape and disc rental services,2009663442.6915693,64634.12979732565,3.2161668677597227e-05
3435,Commercial and industrial machinery and equipment rental and leasing services,157613156589.97577,354926203.6708585,0.0022518818311226684
3436,Leasing of nonfinancial intangible assets,215669704415.17346,2215197083.556816,0.010271248294069465
3437,Legal services,423668210632.0807,784497836.4943988,0.0018516797267465214
3438,"Accounting, tax preparation, bookkeeping, and payroll services",269749510905.5898,394804779.3437037,0.0014635977578542569
3439,"Architectural, engineering, and related services",473525823358.7206,458511798.8357886,0.0009682931240867975
3440,Specialized design services,60551610909.53268,322327879.9135321,0.005323192481123369
3441,Custom computer programming services,306530584773.7819,2273606917.807987,0.007417226961172237
3442,Computer systems design services,275309321654.4846,315319665.77275383,0.0011453286938408955
3443,"Other computer related services, including facilities management services",73994113694.99008,44395978.31956795,0.0005999933792378659
3444,Management consulting services,247861116918.73886,383651033.06243956,0.0015478467854569515
3445,Environmental and other technical consulting services,91389652703.05873,135625918.59743914,0.0014840402013356143
3446,Scientific research and development services,758475898815.5001,232513545.64261237,0.0003065536373742727
3447,"Advertising, public relations, and related services",601331579718.7777,1110078746.9779658,0.0018460343418137326
3448,Photographic services,13510953293.15783,0.0,0.0
3449,Veterinary services,65628921661.00901,0.0,0.0
3450,"All other miscellaneous professional, scientific, and technical services",122032799271.91386,634609523.9956186,0.005200319322197795
3451,Management of companies and enterprises,768439688893.8802,9936765519.63002,0.012931093569533555
3452,Office administrative services,56712100553.97494,60406820.66608411,0.0010651487085827967
3453,Facilities support services,47392498822.161995,159884693.4856303,0.003373628685113011
3454,Employment services,567010707808.7747,1228492356.441832,0.0021666122694390865
3455,Business support services,114921729238.19891,288925917.4711563,0.0025141104244289425
3456,Travel arrangement and reservation services,83022687099.65863,0.0,0.0
3457,Investigation and security services,105498716876.43843,375697246.64294815,0.00356115465444921
3458,Services to buildings,160747487887.0209,860270613.7903792,0.005351689317813838
3459,Landscape and horticultural services,148478015858.24347,567035503.8760755,0.00381898626943831
3460,Other support services,53191261527.904396,459960883.99516344,0.008647301657883518
3461,Waste management and remediation services,264746845997.862,420332437.62281317,0.0015876768466817075
3462,Elementary and secondary schools,71984024162.71501,0.0,0.0
3463,"Junior colleges, colleges, universities, and professional schools",266321236688.0072,0.0,0.0
3464,Other educational services,112284186582.87857,0.0,0.0
3465,Offices of physicians,638437126390.0944,0.0,0.0
3466,Offices of dentists,174147470741.15137,0.0,0.0
3467,Offices of other health practitioners,146785299797.2099,0.0,0.0
3468,Outpatient care centers,225883015516.4778,0.0,0.0
3469,Medical and diagnostic laboratories,75979181404.48235,0.0,0.0
3470,Home health care services,151765662227.9107,0.0,0.0
3471,Other ambulatory health care services,50848994243.57471,0.0,0.0
3472,Hospital services,1445708949735.3765,0.0,0.0
3473,Nursing and community care services,248781599806.1509,0.0,0.0
3474,"Residential mental health, substance abuse, and other residential care",73092824850.43436,0.0,0.0
3475,Individual and family services,168893599448.4145,0.0,0.0
3476,Child day care services,86922038242.36761,0.0,0.0
3477,"Community food, housing, and other relief services, including rehabilitation services",73550841456.78314,0.0,0.0
3478,Performing arts,77709111740.26285,4087782.3665051777,5.260364293145311e-05
3479,Commercial sports except racing,63059898452.05214,15482303.924102154,0.0002455174255612573
3480,Racing and track operation services,2280825401.501378,246153.89125504903,0.00010792316285719002
3481,"Independent artists, writers, and performers",60015251190.86368,37443986.08647627,0.0006239078458139735
3482,Promotional services for performing arts and sports and public figures,57415153573.74375,0.0,0.0
3483,"Museum, heritage, zoo, and recreational services",32418342703.404434,0.0,0.0
3484,Amusement parks and arcades,25421488340.997734,0.0,0.0
3485,Gambling recreation,142687755570.16638,0.0,0.0
3486,Other amusement and recreation,76756594567.93181,4427958.054174264,5.768830781380475e-05
3487,Fitness and recreational sports center services,45505887999.69007,4543928.568456838,9.985364022536568e-05
3488,Bowling activities,4415498328.191139,56865.47568096629,1.2878608812487512e-05
3489,"Hotels and motel services, including casino hotels",270515352539.95895,182076321.35542664,0.0006730720443252158
3490,Other accommodation services,16640337504.486395,0.0,0.0
3491,Full-service restaurant services,584461679516.4138,130899462.40426265,0.00022396585951121628
3492,Limited-service restaurant services,630516790485.035,117167755.83245352,0.00018582812956070586
3493,All other food and drinking place services,264016153569.57904,12029675.787353938,4.55641657705752e-05
3494,"Automotive repair and maintenance, except car washes",250461701206.37543,243674658.5483719,0.0009729018743172589
3495,Car washes,33443842782.577335,22150618.928400133,0.0006623227800825436
3496,Electronic and precision equipment repair and maintenance,86188680696.89087,197315642.89219403,0.002289345205156527
3497,Commercial and industrial machinery and equipment repair and maintenance,84056935184.01367,710531050.6647364,0.008452973560233593
3498,Personal and household goods repair and maintenance,83357540904.76651,61151420.881833926,0.0007336039453430805
3499,Personal care services,85717979447.6323,0.0,0.0
3500,Death care services,22793786036.794662,0.0,0.0
3501,Dry-cleaning and laundry services,30670792928.99696,18520677.00817694,0.0006038538700663006
3502,Other personal services,108779536322.9029,0.0,0.0
3503,Services from religious organizations,130458740588.51466,0.0,0.0
3504,"Grantmaking, giving, and social advocacy services",95843856176.17767,0.0,0.0
3505,Business and professional services,61608967015.244125,14282606.596907154,0.00023182675004716695
3506,Labor and civic services,67968367053.596016,0.0,0.0
3507,"Cooking, housecleaning, gardening, and other services to private households",26317072055.155144,0.0,0.0
3508,US Postal delivery services,71600772109.62254,0.0,0.0
3510,Other products and services of Fed Govt enterprises,1156429414.6837592,0.0,0.0
3513,Other products and services of State Govt enterprises,7568416312.532882,10849660.590074647,0.0014335443693957752
3516,Other products and services of Local Govt enterprises,133025570069.36438,192537754.28822243,0.0014473740213090328
3517,Used and secondhand goods,125382065074.6835,0.0,0.0
3518,Scrap,48868797016.738625,0.0,0.0
3521,"* Employment and payroll of state govt, education",237307330272.21967,0.0,0.0
3522,"* Employment and payroll of state govt, hospitals and health services",70896815814.31865,0.0,0.0
3523,"* Employment and payroll of state govt, other services",227029274639.18283,0.0,0.0
3524,"* Employment and payroll of local govt, education",704059905601.9415,0.0,0.0
3525,"* Employment and payroll of local govt, hospitals and health services",90301116372.61938,0.0,0.0
3526,"* Employment and payroll of local govt, other services",486336680725.9168,0.0,0.0
3527,"* Employment and payroll of federal govt, military",387421502268.9808,0.0,0.0
3528,"* Employment and payroll of federal govt, non-military",498613050706.421,0.0,0.0
